user_id,month,plan,base_price,discount_pct,revenue,Payment_Failed
U1000,2026-01,Basic,199,0,199,FALSE
U1000,2025-09,Basic,199,0,199,FALSE
U1000,2025-10,Basic,199,20,159.2,FALSE
U1000,2025-08,Standard,499,0,499,FALSE
U1000,2025-12,Basic,199,0,199,FALSE
U1001,2026-01,Premium,999,0,999,FALSE
U1001,2025-08,Premium,999,10,899.1,FALSE
U1001,2025-12,Premium,999,0,0,FALSE
U1001,2025-09,Premium,999,0,999,FALSE
U1001,2025-11,Premium,999,10,899.1,FALSE
U1002,2026-01,Premium,999,30,699.3,FALSE
U1002,2025-11,Premium,999,10,899.1,FALSE
U1002,2025-12,Premium,999,0,999,FALSE
U1002,2025-09,Premium,999,0,999,FALSE
U1003,2025-08,Premium,999,0,999,FALSE
U1003,2025-09,Premium,999,0,999,FALSE
U1003,2026-01,Premium,999,0,999,FALSE
U1003,2025-11,Premium,999,0,999,FALSE
U1003,2025-10,Premium,999,0,999,FALSE
U1003,2025-12,Premium,999,0,0,TRUE
U1004,2025-09,Basic,199,0,199,FALSE
U1004,2025-08,Basic,199,0,199,FALSE
U1004,2025-12,Basic,199,20,159.2,FALSE
U1004,2025-11,Basic,199,0,0,TRUE
U1004,2026-01,Basic,199,0,199,FALSE
U1004,2025-10,Basic,199,0,199,FALSE
U1005,2025-11,Standard,499,0,499,FALSE
U1005,2025-12,Standard,499,0,499,FALSE
U1005,2026-01,Basic,199,0,199,FALSE
U1005,2025-10,Standard,499,0,499,FALSE
U1005,2025-08,Standard,499,0,499,FALSE
U1005,2025-09,Standard,499,0,499,FALSE
U1006,2025-12,Basic,199,30,139.3,FALSE
U1006,2025-10,Basic,199,0,199,FALSE
U1006,2026-01,Basic,199,0,199,FALSE
U1006,2025-11,Basic,199,0,199,FALSE
U1006,2025-09,Basic,199,0,199,FALSE
U1006,2025-08,Basic,199,0,199,FALSE
U1007,2026-01,Standard,499,0,499,FALSE
U1007,2025-11,Standard,499,0,499,FALSE
U1007,2025-09,Standard,499,20,399.2,FALSE
U1007,2025-08,Standard,499,0,499,FALSE
U1007,2025-10,Standard,499,0,0,TRUE
U1007,2025-12,Standard,499,20,399.2,FALSE
U1008,2025-08,Standard,499,0,499,FALSE
U1008,2025-10,Standard,499,0,499,FALSE
U1008,2025-11,Standard,499,0,499,FALSE
U1008,2025-09,Standard,499,0,499,FALSE
U1008,2026-01,Standard,499,0,499,FALSE
U1008,2025-12,Standard,499,30,349.3,FALSE
U1009,2025-08,Premium,999,0,999,FALSE
U1009,2025-09,Premium,999,0,999,FALSE
U1009,2025-10,Premium,999,0,999,FALSE
U1009,2025-12,Premium,999,0,999,FALSE
U1009,2026-01,Standard,499,0,499,FALSE
U1009,2025-11,Premium,999,0,999,FALSE
U1010,2025-12,Basic,199,0,199,FALSE
U1010,2026-01,Basic,199,0,199,FALSE
U1010,2025-10,Standard,499,30,349.3,FALSE
U1010,2025-09,Premium,999,0,999,FALSE
U1010,2025-11,Standard,499,30,349.3,FALSE
U1010,2025-08,Premium,999,0,999,FALSE
U1011,2025-12,Standard,499,0,499,FALSE
U1011,2025-08,Standard,499,0,499,FALSE
U1011,2025-09,Standard,499,0,499,FALSE
U1011,2025-11,Standard,499,0,499,FALSE
U1011,2026-01,Basic,199,0,199,FALSE
U1011,2025-10,Standard,499,0,499,FALSE
U1012,2025-10,Premium,999,0,999,FALSE
U1012,2025-11,Premium,999,0,999,FALSE
U1012,2026-01,Premium,999,0,999,FALSE
U1012,2025-09,Premium,999,0,999,FALSE
U1012,2025-12,Premium,999,0,999,FALSE
U1013,2025-11,Premium,999,0,0,TRUE
U1013,2025-08,Premium,999,0,999,FALSE
U1013,2025-12,Premium,999,0,999,FALSE
U1013,2025-10,Premium,999,10,899.1,FALSE
U1013,2026-01,Premium,999,10,0,TRUE
U1013,2025-09,Premium,999,20,799.2,FALSE
U1014,2025-11,Standard,499,0,499,FALSE
U1014,2025-12,Standard,499,0,499,FALSE
U1014,2025-09,Standard,499,20,399.2,FALSE
U1014,2025-10,Standard,499,0,499,FALSE
U1014,2026-01,Standard,499,20,399.2,FALSE
U1014,2025-08,Standard,499,0,499,FALSE
U1015,2025-11,Standard,499,0,499,FALSE
U1015,2025-08,Standard,499,0,499,FALSE
U1015,2025-12,Standard,499,0,499,FALSE
U1015,2026-01,Standard,499,0,499,FALSE
U1015,2025-10,Standard,499,10,449.1,FALSE
U1016,2025-08,Premium,999,0,999,FALSE
U1016,2025-11,Basic,199,20,159.2,FALSE
U1016,2025-09,Premium,999,0,999,FALSE
U1016,2025-12,Basic,199,0,199,FALSE
U1017,2025-10,Standard,499,0,499,FALSE
U1017,2025-11,Basic,199,0,199,FALSE
U1017,2026-01,Basic,199,0,199,FALSE
U1017,2025-08,Standard,499,0,499,FALSE
U1017,2025-09,Standard,499,20,399.2,FALSE
U1017,2025-12,Basic,199,30,139.3,FALSE
U1018,2025-12,Basic,199,0,199,FALSE
U1018,2025-11,Basic,199,0,199,FALSE
U1018,2025-10,Basic,199,0,199,FALSE
U1018,2026-01,Basic,199,0,199,FALSE
U1018,2025-08,Basic,199,0,199,FALSE
U1018,2025-09,Basic,199,0,199,FALSE
U1019,2025-08,Premium,999,0,999,FALSE
U1019,2025-12,Premium,999,0,999,FALSE
U1019,2025-09,Premium,999,0,999,FALSE
U1019,2025-10,Premium,999,0,999,FALSE
U1019,2026-01,Premium,999,0,999,FALSE
U1020,2025-08,Basic,199,20,0,FALSE
U1020,2025-09,Basic,199,0,199,FALSE
U1020,2025-11,Basic,199,0,199,FALSE
U1020,2025-10,Basic,199,0,199,FALSE
U1020,2025-12,Basic,199,0,199,FALSE
U1020,2026-01,Basic,199,0,0,TRUE
U1021,2025-09,Standard,499,0,499,FALSE
U1021,2025-10,Standard,499,0,0,TRUE
U1021,2025-11,Standard,499,0,499,FALSE
U1021,2025-12,Standard,499,10,449.1,FALSE
U1021,2025-08,Standard,499,0,499,FALSE
U1021,2026-01,Standard,499,10,449.1,FALSE
U1022,2025-08,Standard,499,20,399.2,FALSE
U1022,2025-09,Standard,499,20,399.2,FALSE
U1022,2025-10,Standard,499,10,449.1,FALSE
U1022,2025-12,Standard,499,0,499,FALSE
U1022,2026-01,Basic,199,0,199,FALSE
U1022,2025-11,Standard,499,0,499,FALSE
U1023,2026-01,Premium,999,0,999,FALSE
U1023,2025-10,Premium,999,0,999,FALSE
U1023,2025-12,Premium,999,0,999,FALSE
U1023,2025-08,Premium,999,0,999,FALSE
U1023,2025-09,Premium,999,0,999,FALSE
U1024,2025-11,Basic,199,0,199,FALSE
U1024,2026-01,Basic,199,0,199,FALSE
U1024,2025-10,Basic,199,0,199,FALSE
U1024,2025-08,Basic,199,0,199,FALSE
U1024,2025-12,Basic,199,0,199,FALSE
U1024,2025-09,Basic,199,0,199,FALSE
U1025,2025-09,Standard,499,0,0,TRUE
U1025,2026-01,Basic,199,0,199,FALSE
U1025,2025-11,Standard,499,0,499,FALSE
U1025,2025-10,Standard,499,0,499,FALSE
U1025,2025-12,Basic,199,0,199,FALSE
U1026,2025-09,Premium,999,0,999,FALSE
U1026,2025-11,Premium,999,0,999,FALSE
U1026,2025-08,Premium,999,10,899.1,FALSE
U1026,2025-12,Premium,999,10,899.1,FALSE
U1026,2025-10,Premium,999,20,799.2,FALSE
U1026,2026-01,Premium,999,0,999,FALSE
U1027,2025-08,Premium,999,0,999,FALSE
U1027,2025-09,Premium,999,0,999,FALSE
U1027,2026-01,Premium,999,0,999,FALSE
U1027,2025-10,Premium,999,0,999,FALSE
U1027,2025-11,Premium,999,0,999,FALSE
U1028,2025-11,Basic,199,0,199,FALSE
U1028,2025-10,Basic,199,0,199,FALSE
U1028,2025-12,Basic,199,0,199,FALSE
U1028,2025-08,Basic,199,0,199,FALSE
U1028,2026-01,Basic,199,20,0,TRUE
U1028,2025-09,Basic,199,0,199,FALSE
U1029,2025-09,Standard,499,0,499,FALSE
U1029,2025-10,Standard,499,0,499,FALSE
U1029,2025-08,Standard,499,10,449.1,FALSE
U1029,2026-01,Standard,499,20,0,TRUE
U1029,2025-12,Standard,499,30,349.3,FALSE
U1029,2025-11,Standard,499,10,449.1,FALSE
U1030,2025-08,Basic,199,0,199,FALSE
U1030,2025-10,Basic,199,0,199,FALSE
U1030,2025-12,Basic,199,0,199,FALSE
U1030,2025-09,Basic,199,0,199,FALSE
U1030,2026-01,Basic,199,0,199,FALSE
U1031,2025-10,Basic,199,30,139.3,FALSE
U1031,2025-08,Basic,199,0,199,FALSE
U1031,2026-01,Basic,199,0,199,FALSE
U1031,2025-11,Basic,199,0,199,FALSE
U1031,2025-12,Basic,199,0,199,FALSE
U1031,2025-09,Basic,199,0,199,FALSE
U1032,2025-09,Standard,499,0,499,FALSE
U1032,2026-01,Basic,199,0,199,FALSE
U1032,2025-12,Basic,199,0,199,FALSE
U1032,2025-11,Basic,199,0,199,FALSE
U1032,2025-10,Standard,499,0,499,FALSE
U1032,2025-08,Standard,499,0,499,FALSE
U1033,2025-08,Basic,199,0,199,FALSE
U1033,2025-12,Basic,199,10,179.1,FALSE
U1033,2025-09,Basic,199,10,179.1,FALSE
U1033,2025-11,Basic,199,0,199,FALSE
U1033,2026-01,Basic,199,0,0,FALSE
U1033,2025-10,Basic,199,0,199,FALSE
U1034,2025-12,Standard,499,0,499,FALSE
U1034,2026-01,Standard,499,0,499,FALSE
U1034,2025-09,Standard,499,0,499,FALSE
U1034,2025-08,Standard,499,0,499,FALSE
U1034,2025-10,Standard,499,0,499,FALSE
U1034,2025-11,Standard,499,0,499,FALSE
U1035,2025-11,Basic,199,0,199,FALSE
U1035,2025-10,Basic,199,0,199,FALSE
U1035,2025-09,Basic,199,0,199,FALSE
U1035,2026-01,Basic,199,0,199,FALSE
U1035,2025-08,Basic,199,0,199,FALSE
U1035,2025-12,Basic,199,0,199,FALSE
U1036,2025-10,Basic,199,0,0,FALSE
U1036,2025-09,Basic,199,30,139.3,FALSE
U1036,2025-08,Basic,199,0,199,FALSE
U1036,2025-12,Basic,199,0,199,FALSE
U1036,2026-01,Basic,199,10,179.1,FALSE
U1036,2025-11,Basic,199,20,159.2,FALSE
U1037,2025-08,Standard,499,0,499,FALSE
U1037,2025-09,Standard,499,0,499,FALSE
U1037,2025-10,Standard,499,0,499,FALSE
U1037,2025-11,Standard,499,0,499,FALSE
U1037,2025-12,Basic,199,0,199,FALSE
U1037,2026-01,Basic,199,0,199,FALSE
U1038,2025-08,Basic,199,0,199,FALSE
U1038,2025-11,Basic,199,0,199,FALSE
U1038,2026-01,Basic,199,20,159.2,FALSE
U1038,2025-09,Basic,199,0,199,FALSE
U1038,2025-12,Basic,199,20,159.2,FALSE
U1038,2025-10,Basic,199,0,199,FALSE
U1039,2025-12,Standard,499,0,499,FALSE
U1039,2026-01,Standard,499,0,499,FALSE
U1039,2025-10,Standard,499,0,499,FALSE
U1039,2025-11,Standard,499,0,499,FALSE
U1039,2025-09,Standard,499,0,499,FALSE
U1039,2025-08,Standard,499,0,499,FALSE
U1040,2026-01,Basic,199,30,139.3,FALSE
U1040,2025-09,Basic,199,0,199,FALSE
U1040,2025-10,Basic,199,0,199,FALSE
U1040,2025-08,Basic,199,20,159.2,FALSE
U1040,2025-12,Basic,199,0,199,FALSE
U1041,2025-10,Premium,999,30,699.3,FALSE
U1041,2025-08,Premium,999,0,999,FALSE
U1041,2025-11,Premium,999,0,999,FALSE
U1041,2026-01,Premium,999,0,999,FALSE
U1041,2025-09,Premium,999,0,999,FALSE
U1041,2025-12,Premium,999,0,999,FALSE
U1042,2025-08,Premium,999,0,999,FALSE
U1042,2025-11,Premium,999,0,999,FALSE
U1042,2026-01,Premium,999,0,999,FALSE
U1042,2025-12,Premium,999,10,899.1,FALSE
U1042,2025-09,Premium,999,0,999,FALSE
U1042,2025-10,Premium,999,0,999,FALSE
U1043,2025-11,Premium,999,0,999,FALSE
U1043,2025-08,Premium,999,0,999,FALSE
U1043,2025-10,Premium,999,0,999,FALSE
U1043,2025-12,Premium,999,20,799.2,FALSE
U1043,2025-09,Premium,999,0,999,FALSE
U1043,2026-01,Premium,999,0,999,FALSE
U1044,2025-10,Premium,999,0,999,FALSE
U1044,2025-11,Premium,999,0,999,FALSE
U1044,2026-01,Premium,999,0,999,FALSE
U1044,2025-09,Premium,999,0,999,FALSE
U1044,2025-08,Premium,999,0,999,FALSE
U1044,2025-12,Premium,999,10,899.1,FALSE
U1045,2025-12,Premium,999,0,999,FALSE
U1045,2025-10,Premium,999,0,999,FALSE
U1045,2026-01,Premium,999,20,799.2,FALSE
U1045,2025-11,Premium,999,0,999,FALSE
U1045,2025-08,Premium,999,0,999,FALSE
U1046,2025-11,Premium,999,0,999,FALSE
U1046,2025-12,Premium,999,0,999,FALSE
U1046,2025-10,Premium,999,0,999,FALSE
U1046,2026-01,Premium,999,0,999,FALSE
U1046,2025-09,Premium,999,30,699.3,FALSE
U1046,2025-08,Premium,999,0,999,FALSE
U1047,2026-01,Premium,999,10,899.1,FALSE
U1047,2025-12,Premium,999,10,899.1,FALSE
U1047,2025-11,Premium,999,0,999,FALSE
U1047,2025-10,Premium,999,30,0,TRUE
U1047,2025-08,Premium,999,0,999,FALSE
U1047,2025-09,Premium,999,0,999,FALSE
U1048,2025-10,Basic,199,0,199,FALSE
U1048,2026-01,Basic,199,0,199,FALSE
U1048,2025-08,Standard,499,0,499,FALSE
U1048,2025-12,Basic,199,0,199,FALSE
U1048,2025-09,Basic,199,0,199,FALSE
U1049,2025-12,Standard,499,0,499,FALSE
U1049,2025-09,Standard,499,0,499,FALSE
U1049,2025-11,Standard,499,0,499,FALSE
U1049,2026-01,Standard,499,20,399.2,FALSE
U1049,2025-10,Standard,499,0,499,FALSE
U1049,2025-08,Standard,499,0,499,FALSE
U1050,2025-10,Standard,499,20,399.2,FALSE
U1050,2026-01,Standard,499,0,499,FALSE
U1050,2025-11,Standard,499,0,499,FALSE
U1050,2025-12,Standard,499,0,499,FALSE
U1050,2025-08,Standard,499,0,499,FALSE
U1051,2025-12,Premium,999,0,999,FALSE
U1051,2025-11,Premium,999,0,999,FALSE
U1051,2025-09,Premium,999,0,999,FALSE
U1051,2025-10,Premium,999,0,0,TRUE
U1051,2026-01,Premium,999,20,799.2,FALSE
U1051,2025-08,Premium,999,0,999,FALSE
U1052,2026-01,Standard,499,0,499,FALSE
U1052,2025-08,Premium,999,0,999,FALSE
U1052,2025-10,Premium,999,20,799.2,FALSE
U1052,2025-12,Standard,499,0,499,FALSE
U1052,2025-09,Premium,999,30,699.3,FALSE
U1053,2025-10,Basic,199,0,199,FALSE
U1053,2025-08,Basic,199,0,199,FALSE
U1053,2025-11,Basic,199,0,199,FALSE
U1053,2025-12,Basic,199,30,139.3,FALSE
U1053,2025-09,Basic,199,0,199,FALSE
U1054,2026-01,Basic,199,0,0,TRUE
U1054,2025-09,Standard,499,0,499,FALSE
U1054,2025-08,Standard,499,0,499,FALSE
U1054,2025-11,Basic,199,0,199,FALSE
U1054,2025-10,Basic,199,0,199,FALSE
U1054,2025-12,Basic,199,0,199,FALSE
U1055,2026-01,Basic,199,0,199,FALSE
U1055,2025-10,Basic,199,0,199,FALSE
U1055,2025-12,Basic,199,30,139.3,FALSE
U1055,2025-08,Basic,199,0,199,FALSE
U1055,2025-09,Basic,199,0,199,FALSE
U1056,2025-10,Premium,999,0,999,FALSE
U1056,2025-12,Premium,999,0,999,FALSE
U1056,2026-01,Premium,999,20,799.2,FALSE
U1057,2025-11,Basic,199,0,199,FALSE
U1057,2025-12,Basic,199,10,179.1,FALSE
U1057,2025-10,Basic,199,0,199,FALSE
U1057,2025-08,Basic,199,0,199,FALSE
U1057,2026-01,Basic,199,0,199,FALSE
U1057,2025-09,Basic,199,0,199,FALSE
U1058,2026-01,Standard,499,0,499,FALSE
U1058,2025-12,Standard,499,0,499,FALSE
U1058,2025-09,Premium,999,0,999,FALSE
U1058,2025-08,Premium,999,0,999,FALSE
U1059,2025-11,Standard,499,0,499,FALSE
U1059,2026-01,Standard,499,10,449.1,FALSE
U1059,2025-08,Standard,499,0,499,FALSE
U1059,2025-10,Standard,499,0,499,FALSE
U1059,2025-09,Standard,499,0,499,FALSE
U1059,2025-12,Standard,499,0,499,FALSE
U1060,2025-09,Basic,199,0,199,FALSE
U1060,2025-12,Basic,199,0,199,FALSE
U1060,2025-10,Basic,199,0,199,FALSE
U1060,2025-11,Basic,199,0,199,FALSE
U1060,2026-01,Basic,199,0,199,FALSE
U1061,2025-11,Basic,199,0,199,FALSE
U1061,2026-01,Basic,199,0,199,FALSE
U1061,2025-08,Standard,499,0,499,FALSE
U1061,2025-12,Basic,199,0,199,FALSE
U1061,2025-10,Basic,199,0,199,FALSE
U1061,2025-09,Standard,499,0,499,FALSE
U1062,2025-10,Standard,499,0,499,FALSE
U1062,2025-11,Standard,499,0,499,FALSE
U1062,2025-08,Standard,499,0,499,FALSE
U1062,2026-01,Standard,499,0,0,TRUE
U1062,2025-09,Standard,499,0,499,FALSE
U1062,2025-12,Standard,499,0,499,FALSE
U1063,2025-12,Standard,499,0,499,FALSE
U1063,2025-10,Standard,499,0,499,FALSE
U1063,2025-08,Standard,499,0,449.1,FALSE
U1063,2025-09,Standard,499,0,499,FALSE
U1063,2025-11,Standard,499,0,499,FALSE
U1063,2026-01,Standard,499,0,0,TRUE
U1064,2025-11,Basic,199,20,159.2,FALSE
U1064,2025-09,Basic,199,0,199,FALSE
U1064,2025-10,Basic,199,0,199,FALSE
U1064,2026-01,Basic,199,0,0,FALSE
U1064,2025-08,Basic,199,0,199,FALSE
U1065,2025-10,Basic,199,0,199,FALSE
U1065,2025-09,Basic,199,0,199,FALSE
U1065,2025-11,Basic,199,0,199,FALSE
U1065,2026-01,Basic,199,0,199,FALSE
U1065,2025-08,Basic,199,0,199,FALSE
U1065,2025-12,Basic,199,30,139.3,FALSE
U1066,2025-08,Premium,999,0,999,FALSE
U1066,2025-12,Premium,999,0,999,FALSE
U1066,2026-01,Premium,999,30,699.3,FALSE
U1066,2025-10,Premium,999,0,999,FALSE
U1066,2025-11,Premium,999,0,999,FALSE
U1066,2025-09,Premium,999,0,999,FALSE
U1067,2025-09,Premium,999,0,999,FALSE
U1067,2025-12,Standard,499,0,499,FALSE
U1067,2025-08,Premium,999,0,999,FALSE
U1067,2025-10,Standard,499,0,499,FALSE
U1067,2026-01,Standard,499,0,499,FALSE
U1067,2025-11,Standard,499,10,449.1,FALSE
U1068,2025-12,Standard,499,0,499,FALSE
U1068,2025-08,Standard,499,0,499,FALSE
U1068,2025-10,Standard,499,0,499,FALSE
U1068,2025-09,Standard,499,0,499,FALSE
U1068,2026-01,Standard,499,0,349.3,FALSE
U1069,2025-12,Standard,499,0,499,FALSE
U1069,2025-08,Premium,999,0,999,FALSE
U1069,2025-09,Premium,999,0,999,FALSE
U1069,2026-01,Basic,199,0,199,FALSE
U1069,2025-10,Premium,999,0,999,FALSE
U1069,2025-11,Premium,999,0,999,FALSE
U1070,2025-08,Premium,999,0,999,FALSE
U1070,2025-11,Premium,999,0,999,FALSE
U1070,2025-12,Standard,499,0,499,FALSE
U1070,2025-10,Premium,999,0,999,FALSE
U1070,2026-01,Standard,499,0,499,FALSE
U1070,2025-09,Premium,999,10,899.1,FALSE
U1071,2025-11,Basic,199,0,199,FALSE
U1071,2025-12,Basic,199,0,199,FALSE
U1071,2025-09,Basic,199,0,199,FALSE
U1071,2025-08,Basic,199,0,199,FALSE
U1071,2026-01,Basic,199,0,199,FALSE
U1071,2025-10,Basic,199,0,199,FALSE
U1072,2025-09,Basic,199,0,199,FALSE
U1072,2025-08,Basic,199,0,199,FALSE
U1072,2025-10,Basic,199,0,199,FALSE
U1072,2025-11,Basic,199,0,199,FALSE
U1072,2026-01,Basic,199,30,139.3,FALSE
U1072,2025-12,Basic,199,0,199,FALSE
U1073,2025-11,Standard,499,0,499,FALSE
U1073,2025-10,Standard,499,0,499,FALSE
U1073,2026-01,Standard,499,0,499,FALSE
U1073,2025-08,Standard,499,0,499,FALSE
U1073,2025-09,Standard,499,10,449.1,FALSE
U1073,2025-12,Standard,499,0,499,FALSE
U1074,2025-12,Standard,499,0,499,FALSE
U1074,2026-01,Basic,199,0,199,FALSE
U1074,2025-08,Standard,499,0,499,FALSE
U1074,2025-09,Standard,499,0,499,FALSE
U1074,2025-11,Standard,499,0,499,FALSE
U1075,2026-01,Standard,499,0,499,FALSE
U1075,2025-09,Standard,499,0,499,FALSE
U1075,2025-12,Standard,499,0,499,FALSE
U1075,2025-11,Standard,499,0,499,FALSE
U1075,2025-08,Standard,499,0,499,FALSE
U1075,2025-10,Standard,499,0,499,FALSE
U1076,2025-10,Basic,199,0,199,FALSE
U1076,2025-08,Basic,199,0,199,FALSE
U1076,2025-09,Basic,199,20,159.2,FALSE
U1076,2025-12,Basic,199,0,199,FALSE
U1076,2025-11,Basic,199,0,199,FALSE
U1076,2026-01,Basic,199,30,139.3,FALSE
U1077,2026-01,Basic,199,20,159.2,FALSE
U1077,2025-11,Standard,499,0,499,FALSE
U1077,2025-08,Standard,499,0,499,FALSE
U1077,2025-12,Standard,499,0,499,FALSE
U1077,2025-09,Standard,499,0,499,FALSE
U1077,2025-10,Standard,499,0,499,FALSE
U1078,2025-10,Standard,499,0,0,TRUE
U1078,2025-09,Standard,499,0,499,FALSE
U1078,2025-08,Standard,499,0,499,FALSE
U1078,2025-11,Standard,499,0,499,FALSE
U1078,2026-01,Standard,499,0,499,FALSE
U1078,2025-12,Standard,499,20,399.2,FALSE
U1079,2025-09,Premium,999,0,999,FALSE
U1079,2025-11,Premium,999,0,999,FALSE
U1079,2025-10,Premium,999,0,999,FALSE
U1079,2026-01,Premium,999,0,999,FALSE
U1079,2025-08,Premium,999,0,999,FALSE
U1079,2025-12,Premium,999,0,999,FALSE
U1080,2025-12,Standard,499,0,499,FALSE
U1080,2025-08,Standard,499,0,499,FALSE
U1080,2025-09,Standard,499,0,499,FALSE
U1080,2026-01,Standard,499,30,349.3,FALSE
U1080,2025-11,Standard,499,0,499,FALSE
U1081,2025-08,Premium,999,0,999,FALSE
U1081,2025-11,Premium,999,20,799.2,FALSE
U1081,2025-09,Premium,999,10,899.1,FALSE
U1081,2025-12,Premium,999,0,999,FALSE
U1081,2025-10,Premium,999,0,999,FALSE
U1081,2026-01,Premium,999,0,999,FALSE
U1082,2025-08,Standard,499,0,499,FALSE
U1082,2025-11,Standard,499,0,499,FALSE
U1082,2025-09,Standard,499,20,399.2,FALSE
U1082,2025-10,Standard,499,0,499,FALSE
U1082,2025-12,Standard,499,0,499,FALSE
U1082,2026-01,Standard,499,0,499,FALSE
U1083,2026-01,Basic,199,0,199,FALSE
U1083,2025-08,Basic,199,0,199,FALSE
U1083,2025-12,Basic,199,0,199,FALSE
U1083,2025-10,Basic,199,0,199,FALSE
U1083,2025-11,Basic,199,0,199,FALSE
U1083,2025-09,Basic,199,0,199,FALSE
U1084,2025-12,Standard,499,0,499,FALSE
U1084,2025-10,Standard,499,0,499,FALSE
U1084,2025-09,Standard,499,0,499,FALSE
U1084,2026-01,Standard,499,10,449.1,FALSE
U1085,2025-09,Premium,999,0,999,FALSE
U1085,2025-12,Premium,999,0,999,FALSE
U1085,2025-10,Premium,999,0,999,FALSE
U1085,2025-11,Premium,999,0,999,FALSE
U1085,2026-01,Premium,999,20,799.2,FALSE
U1086,2025-10,Basic,199,0,199,FALSE
U1086,2025-09,Basic,199,0,199,FALSE
U1086,2025-11,Basic,199,0,199,FALSE
U1086,2025-12,Basic,199,30,139.3,FALSE
U1086,2025-08,Basic,199,0,199,FALSE
U1087,2025-08,Standard,499,0,499,FALSE
U1087,2025-10,Standard,499,0,499,FALSE
U1087,2026-01,Standard,499,0,499,FALSE
U1087,2025-09,Standard,499,0,499,FALSE
U1087,2025-12,Standard,499,0,499,FALSE
U1088,2025-12,Premium,999,0,999,FALSE
U1088,2025-10,Premium,999,0,999,FALSE
U1088,2025-11,Premium,999,10,899.1,FALSE
U1088,2025-08,Premium,999,0,999,FALSE
U1088,2026-01,Standard,499,0,499,FALSE
U1088,2025-09,Premium,999,0,999,FALSE
U1089,2025-12,Premium,999,0,999,FALSE
U1089,2025-11,Premium,999,20,799.2,FALSE
U1089,2026-01,Premium,999,0,999,FALSE
U1089,2025-09,Premium,999,0,999,FALSE
U1089,2025-08,Premium,999,0,999,FALSE
U1089,2025-10,Premium,999,30,699.3,FALSE
U1090,2025-12,Premium,999,10,899.1,FALSE
U1090,2025-09,Premium,999,0,999,FALSE
U1090,2025-08,Premium,999,0,999,FALSE
U1090,2025-11,Premium,999,0,999,FALSE
U1090,2026-01,Premium,999,30,699.3,FALSE
U1090,2025-10,Premium,999,0,999,FALSE
U1091,2025-11,Standard,499,0,499,FALSE
U1091,2025-08,Standard,499,0,499,FALSE
U1091,2025-12,Standard,499,0,499,FALSE
U1091,2026-01,Standard,499,0,499,FALSE
U1091,2025-10,Standard,499,0,499,FALSE
U1091,2025-09,Standard,499,0,499,FALSE
U1092,2025-12,Basic,199,0,199,FALSE
U1092,2025-08,Basic,199,0,199,FALSE
U1092,2025-09,Basic,199,0,199,FALSE
U1092,2025-11,Basic,199,0,199,FALSE
U1092,2025-10,Basic,199,0,199,FALSE
U1093,2025-08,Standard,499,0,499,FALSE
U1093,2025-11,Standard,499,0,499,FALSE
U1093,2025-12,Standard,499,0,499,FALSE
U1093,2026-01,Standard,499,0,499,FALSE
U1093,2025-09,Standard,499,0,499,FALSE
U1093,2025-10,Standard,499,0,499,FALSE
U1094,2025-12,Premium,999,0,999,FALSE
U1094,2025-10,Premium,999,0,999,FALSE
U1094,2025-09,Premium,999,0,999,FALSE
U1094,2026-01,Premium,999,0,999,FALSE
U1094,2025-08,Premium,999,0,999,FALSE
U1094,2025-11,Premium,999,0,999,FALSE
U1095,2025-08,Standard,499,0,499,FALSE
U1095,2026-01,Standard,499,0,499,FALSE
U1095,2025-09,Standard,499,0,499,FALSE
U1095,2025-11,Standard,499,0,499,FALSE
U1095,2025-12,Standard,499,0,499,FALSE
U1096,2026-01,Basic,199,0,199,FALSE
U1096,2025-11,Basic,199,30,139.3,FALSE
U1096,2025-12,Basic,199,0,199,FALSE
U1096,2025-10,Basic,199,0,199,FALSE
U1096,2025-09,Basic,199,0,199,FALSE
U1096,2025-08,Basic,199,0,199,FALSE
U1097,2025-10,Standard,499,0,499,FALSE
U1097,2026-01,Standard,499,10,449.1,FALSE
U1097,2025-12,Standard,499,10,449.1,FALSE
U1097,2025-11,Standard,499,0,499,FALSE
U1098,2026-01,Basic,199,0,199,FALSE
U1098,2025-09,Basic,199,0,199,FALSE
U1098,2025-12,Basic,199,30,139.3,FALSE
U1098,2025-08,Basic,199,0,199,FALSE
U1098,2025-10,Basic,199,0,199,FALSE
U1098,2025-11,Basic,199,0,199,FALSE
U1099,2025-12,Basic,199,0,199,FALSE
U1099,2025-11,Basic,199,0,0,TRUE
U1099,2026-01,Basic,199,0,199,FALSE
U1099,2025-10,Basic,199,0,199,FALSE
U1099,2025-08,Basic,199,0,199,FALSE
U1099,2025-09,Basic,199,0,199,FALSE
U1100,2025-11,Standard,499,30,349.3,FALSE
U1100,2025-08,Premium,999,0,999,FALSE
U1100,2026-01,Basic,199,0,199,FALSE
U1100,2025-09,Premium,999,0,999,FALSE
U1100,2025-12,Basic,199,0,199,FALSE
U1100,2025-10,Standard,499,20,399.2,FALSE
U1101,2025-08,Basic,199,0,199,FALSE
U1101,2025-10,Basic,199,0,199,FALSE
U1101,2025-12,Basic,199,20,159.2,FALSE
U1101,2025-11,Basic,199,10,179.1,FALSE
U1101,2025-09,Basic,199,0,199,FALSE
U1102,2025-11,Standard,499,0,499,FALSE
U1102,2025-08,Standard,499,0,499,FALSE
U1102,2025-09,Standard,499,0,499,FALSE
U1102,2025-10,Standard,499,0,499,FALSE
U1102,2026-01,Standard,499,0,499,FALSE
U1102,2025-12,Standard,499,0,499,FALSE
U1103,2025-09,Basic,199,0,199,FALSE
U1103,2025-10,Basic,199,0,0,TRUE
U1103,2025-11,Basic,199,0,0,FALSE
U1103,2025-12,Basic,199,0,199,FALSE
U1103,2025-08,Standard,499,0,499,FALSE
U1103,2026-01,Basic,199,30,139.3,FALSE
U1104,2025-08,Premium,999,0,999,FALSE
U1104,2025-09,Premium,999,0,999,FALSE
U1104,2026-01,Premium,999,0,999,FALSE
U1104,2025-12,Premium,999,0,0,TRUE
U1104,2025-11,Premium,999,0,999,FALSE
U1104,2025-10,Premium,999,0,999,FALSE
U1105,2025-11,Standard,499,0,499,FALSE
U1105,2025-08,Standard,499,0,499,FALSE
U1105,2025-09,Standard,499,0,499,FALSE
U1105,2026-01,Standard,499,0,499,FALSE
U1105,2025-12,Standard,499,0,499,FALSE
U1105,2025-10,Standard,499,30,0,TRUE
U1106,2025-12,Standard,499,0,499,FALSE
U1106,2025-08,Premium,999,0,999,FALSE
U1106,2025-09,Premium,999,0,999,FALSE
U1106,2025-11,Standard,499,10,449.1,FALSE
U1106,2025-10,Standard,499,0,499,FALSE
U1106,2026-01,Standard,499,0,499,FALSE
U1107,2026-01,Standard,499,0,499,FALSE
U1107,2025-11,Standard,499,0,499,FALSE
U1107,2025-08,Standard,499,0,499,FALSE
U1107,2025-12,Standard,499,0,499,FALSE
U1107,2025-10,Standard,499,0,499,FALSE
U1107,2025-09,Standard,499,0,499,FALSE
U1108,2025-10,Standard,499,0,499,FALSE
U1108,2025-08,Standard,499,0,499,FALSE
U1108,2025-12,Standard,499,0,499,FALSE
U1108,2025-11,Standard,499,0,499,FALSE
U1108,2026-01,Standard,499,0,499,FALSE
U1108,2025-09,Standard,499,0,499,FALSE
U1109,2025-09,Basic,199,0,199,FALSE
U1109,2025-12,Basic,199,0,199,FALSE
U1109,2025-10,Basic,199,0,199,FALSE
U1109,2026-01,Basic,199,0,199,FALSE
U1109,2025-08,Basic,199,0,199,FALSE
U1109,2025-11,Basic,199,0,199,FALSE
U1110,2025-12,Basic,199,0,199,FALSE
U1110,2025-10,Basic,199,0,199,FALSE
U1110,2025-11,Basic,199,10,179.1,FALSE
U1110,2025-08,Basic,199,30,139.3,FALSE
U1110,2025-09,Basic,199,0,199,FALSE
U1110,2026-01,Basic,199,10,179.1,FALSE
U1111,2025-12,Premium,999,0,999,FALSE
U1111,2026-01,Premium,999,30,699.3,FALSE
U1111,2025-10,Premium,999,20,799.2,FALSE
U1111,2025-09,Premium,999,0,999,FALSE
U1112,2025-11,Basic,199,0,199,FALSE
U1112,2025-12,Basic,199,0,199,FALSE
U1112,2025-09,Standard,499,0,499,FALSE
U1112,2025-10,Basic,199,0,199,FALSE
U1112,2025-08,Standard,499,0,499,FALSE
U1113,2025-09,Premium,999,0,999,FALSE
U1113,2025-12,Premium,999,0,999,FALSE
U1113,2025-11,Premium,999,0,999,FALSE
U1113,2025-08,Premium,999,0,999,FALSE
U1113,2026-01,Premium,999,10,0,TRUE
U1114,2025-12,Basic,199,0,199,FALSE
U1114,2026-01,Basic,199,0,0,TRUE
U1114,2025-09,Basic,199,0,199,FALSE
U1114,2025-08,Basic,199,0,199,FALSE
U1114,2025-10,Basic,199,0,199,FALSE
U1115,2025-12,Basic,199,0,199,FALSE
U1115,2025-08,Basic,199,0,199,FALSE
U1115,2026-01,Basic,199,0,199,FALSE
U1115,2025-11,Basic,199,0,199,FALSE
U1115,2025-10,Basic,199,0,199,FALSE
U1115,2025-09,Basic,199,10,179.1,FALSE
U1116,2025-11,Standard,499,30,349.3,FALSE
U1116,2025-10,Standard,499,0,499,FALSE
U1116,2025-08,Standard,499,0,499,FALSE
U1116,2025-12,Standard,499,0,499,FALSE
U1116,2025-09,Standard,499,10,449.1,FALSE
U1116,2026-01,Standard,499,0,499,FALSE
U1117,2025-10,Standard,499,0,499,FALSE
U1117,2025-09,Standard,499,0,499,FALSE
U1117,2025-12,Standard,499,0,499,FALSE
U1117,2025-11,Standard,499,0,499,FALSE
U1117,2026-01,Basic,199,0,199,FALSE
U1118,2025-10,Standard,499,0,499,FALSE
U1118,2025-08,Standard,499,0,499,FALSE
U1118,2025-09,Standard,499,0,499,FALSE
U1118,2025-12,Standard,499,0,499,FALSE
U1118,2025-11,Standard,499,0,499,FALSE
U1118,2026-01,Standard,499,0,499,FALSE
U1119,2025-11,Premium,999,0,999,FALSE
U1119,2026-01,Premium,999,0,999,FALSE
U1119,2025-08,Premium,999,10,899.1,FALSE
U1119,2025-10,Premium,999,0,999,FALSE
U1119,2025-12,Premium,999,0,999,FALSE
U1120,2025-08,Basic,199,20,159.2,FALSE
U1120,2025-12,Basic,199,0,199,FALSE
U1120,2025-10,Basic,199,0,199,FALSE
U1120,2025-11,Basic,199,0,0,TRUE
U1120,2025-09,Basic,199,0,199,FALSE
U1120,2026-01,Basic,199,0,0,TRUE
U1121,2025-10,Standard,499,0,499,FALSE
U1121,2025-12,Standard,499,0,499,FALSE
U1121,2026-01,Standard,499,10,449.1,FALSE
U1121,2025-11,Standard,499,0,499,FALSE
U1121,2025-08,Standard,499,0,499,FALSE
U1121,2025-09,Standard,499,0,499,FALSE
U1122,2026-01,Basic,199,10,179.1,FALSE
U1122,2025-11,Basic,199,0,199,FALSE
U1122,2025-09,Basic,199,0,199,FALSE
U1122,2025-12,Basic,199,0,199,FALSE
U1122,2025-10,Basic,199,0,199,FALSE
U1123,2025-12,Basic,199,0,199,FALSE
U1123,2026-01,Basic,199,0,199,FALSE
U1123,2025-08,Standard,499,0,499,FALSE
U1123,2025-09,Standard,499,0,0,FALSE
U1123,2025-11,Basic,199,20,159.2,FALSE
U1124,2026-01,Standard,499,0,499,FALSE
U1124,2025-09,Standard,499,0,0,TRUE
U1124,2025-12,Standard,499,0,499,FALSE
U1124,2025-10,Standard,499,0,0,TRUE
U1124,2025-11,Standard,499,30,349.3,FALSE
U1124,2025-08,Premium,999,0,999,FALSE
U1125,2025-08,Standard,499,0,499,FALSE
U1125,2025-10,Standard,499,0,499,FALSE
U1125,2025-12,Standard,499,0,499,FALSE
U1125,2025-09,Standard,499,20,399.2,FALSE
U1125,2025-11,Standard,499,20,399.2,FALSE
U1125,2026-01,Basic,199,0,0,TRUE
U1126,2025-10,Premium,999,0,999,FALSE
U1126,2025-08,Premium,999,0,999,FALSE
U1126,2025-09,Premium,999,0,999,FALSE
U1126,2025-12,Standard,499,0,499,FALSE
U1126,2025-11,Premium,999,0,999,FALSE
U1127,2025-09,Basic,199,0,199,FALSE
U1127,2026-01,Basic,199,0,0,TRUE
U1127,2025-12,Basic,199,30,139.3,FALSE
U1127,2025-11,Basic,199,0,199,FALSE
U1127,2025-10,Basic,199,0,199,FALSE
U1128,2025-09,Basic,199,0,199,FALSE
U1128,2026-01,Basic,199,0,199,FALSE
U1128,2025-11,Basic,199,0,199,FALSE
U1128,2025-08,Basic,199,0,199,FALSE
U1128,2025-10,Basic,199,0,199,FALSE
U1129,2025-10,Basic,199,0,199,FALSE
U1129,2025-08,Basic,199,0,199,FALSE
U1129,2025-12,Basic,199,0,199,FALSE
U1129,2025-11,Basic,199,0,199,FALSE
U1129,2026-01,Basic,199,0,199,FALSE
U1129,2025-09,Basic,199,0,199,FALSE
U1130,2025-12,Basic,199,20,159.2,FALSE
U1130,2026-01,Basic,199,20,159.2,FALSE
U1130,2025-11,Standard,499,0,499,FALSE
U1130,2025-10,Standard,499,0,499,FALSE
U1130,2025-09,Standard,499,0,499,FALSE
U1130,2025-08,Standard,499,0,499,FALSE
U1131,2025-11,Premium,999,0,0,TRUE
U1131,2025-12,Premium,999,20,799.2,FALSE
U1131,2025-09,Premium,999,0,0,FALSE
U1131,2025-08,Premium,999,0,999,FALSE
U1131,2025-10,Premium,999,0,999,FALSE
U1131,2026-01,Premium,999,30,699.3,FALSE
U1132,2025-08,Basic,199,0,199,FALSE
U1132,2025-12,Basic,199,0,199,FALSE
U1132,2025-11,Basic,199,0,199,FALSE
U1132,2025-09,Basic,199,0,199,FALSE
U1132,2025-10,Basic,199,0,199,FALSE
U1132,2026-01,Basic,199,0,199,FALSE
U1133,2025-09,Basic,199,0,199,FALSE
U1133,2025-11,Basic,199,0,199,FALSE
U1133,2025-08,Basic,199,0,199,FALSE
U1133,2025-10,Basic,199,0,199,FALSE
U1133,2025-12,Basic,199,0,199,FALSE
U1133,2026-01,Basic,199,0,199,FALSE
U1134,2025-11,Premium,999,0,999,FALSE
U1134,2025-12,Premium,999,0,999,FALSE
U1134,2026-01,Premium,999,20,799.2,FALSE
U1134,2025-10,Premium,999,0,999,FALSE
U1134,2025-08,Premium,999,0,999,FALSE
U1134,2025-09,Premium,999,0,999,FALSE
U1135,2026-01,Standard,499,0,499,FALSE
U1135,2025-09,Standard,499,0,499,FALSE
U1135,2025-11,Standard,499,0,499,FALSE
U1135,2025-12,Standard,499,0,499,FALSE
U1135,2025-08,Standard,499,0,499,FALSE
U1135,2025-10,Standard,499,0,499,FALSE
U1136,2025-10,Premium,999,0,999,FALSE
U1136,2025-12,Premium,999,20,799.2,FALSE
U1136,2026-01,Premium,999,0,0,TRUE
U1136,2025-09,Premium,999,0,999,FALSE
U1136,2025-08,Premium,999,0,999,FALSE
U1136,2025-11,Premium,999,0,999,FALSE
U1137,2026-01,Basic,199,0,199,FALSE
U1137,2025-08,Basic,199,0,199,FALSE
U1137,2025-11,Basic,199,0,199,FALSE
U1137,2025-09,Basic,199,0,199,FALSE
U1137,2025-12,Basic,199,0,199,FALSE
U1138,2025-11,Basic,199,0,199,FALSE
U1138,2025-09,Basic,199,10,179.1,FALSE
U1138,2025-10,Basic,199,30,139.3,FALSE
U1138,2025-08,Basic,199,0,199,FALSE
U1138,2025-12,Basic,199,0,0,TRUE
U1139,2025-09,Premium,999,0,999,FALSE
U1139,2025-12,Premium,999,0,999,FALSE
U1139,2026-01,Premium,999,20,799.2,FALSE
U1139,2025-08,Premium,999,0,999,FALSE
U1139,2025-11,Premium,999,0,999,FALSE
U1140,2025-12,Basic,199,20,159.2,FALSE
U1140,2025-10,Standard,499,0,0,TRUE
U1140,2025-09,Standard,499,0,499,FALSE
U1140,2025-11,Basic,199,0,199,FALSE
U1140,2026-01,Basic,199,0,199,FALSE
U1141,2025-11,Basic,199,0,199,FALSE
U1141,2025-09,Basic,199,0,199,FALSE
U1141,2025-08,Basic,199,20,159.2,FALSE
U1141,2026-01,Basic,199,0,199,FALSE
U1141,2025-12,Basic,199,0,199,FALSE
U1141,2025-10,Basic,199,0,199,FALSE
U1142,2026-01,Premium,999,0,999,FALSE
U1142,2025-08,Premium,999,0,999,FALSE
U1142,2025-12,Premium,999,10,899.1,FALSE
U1142,2025-10,Premium,999,0,999,FALSE
U1142,2025-11,Premium,999,0,999,FALSE
U1142,2025-09,Premium,999,0,999,FALSE
U1143,2025-11,Basic,199,0,199,FALSE
U1143,2025-08,Basic,199,0,199,FALSE
U1143,2025-09,Basic,199,0,199,FALSE
U1143,2026-01,Basic,199,20,159.2,FALSE
U1143,2025-12,Basic,199,0,199,FALSE
U1143,2025-10,Basic,199,0,199,FALSE
U1144,2025-09,Standard,499,0,499,FALSE
U1144,2026-01,Basic,199,0,199,FALSE
U1144,2025-10,Standard,499,0,499,FALSE
U1144,2025-08,Standard,499,0,499,FALSE
U1144,2025-11,Standard,499,20,399.2,FALSE
U1145,2025-08,Premium,999,0,999,FALSE
U1145,2025-09,Standard,499,0,499,FALSE
U1145,2025-12,Standard,499,0,499,FALSE
U1145,2025-11,Standard,499,0,399.2,FALSE
U1145,2025-10,Standard,499,0,499,FALSE
U1145,2026-01,Standard,499,0,499,FALSE
U1146,2025-09,Standard,499,0,499,FALSE
U1146,2025-11,Standard,499,0,499,FALSE
U1146,2026-01,Standard,499,0,499,FALSE
U1146,2025-08,Standard,499,0,499,FALSE
U1146,2025-12,Standard,499,0,499,FALSE
U1146,2025-10,Standard,499,0,499,FALSE
U1147,2025-09,Basic,199,0,199,FALSE
U1147,2025-08,Basic,199,0,199,FALSE
U1147,2025-12,Basic,199,0,0,TRUE
U1147,2026-01,Basic,199,0,0,TRUE
U1147,2025-10,Basic,199,0,199,FALSE
U1147,2025-11,Basic,199,0,199,FALSE
U1148,2025-10,Premium,999,0,999,FALSE
U1148,2025-08,Premium,999,0,999,FALSE
U1148,2026-01,Standard,499,0,499,FALSE
U1148,2025-09,Premium,999,0,999,FALSE
U1148,2025-12,Standard,499,0,499,FALSE
U1149,2025-08,Standard,499,0,499,FALSE
U1149,2025-09,Standard,499,0,499,FALSE
U1149,2025-10,Standard,499,0,499,FALSE
U1149,2025-11,Standard,499,0,499,FALSE
U1149,2026-01,Standard,499,0,499,FALSE
U1149,2025-12,Standard,499,0,499,FALSE
U1150,2025-08,Basic,199,0,199,FALSE
U1150,2025-10,Basic,199,0,199,FALSE
U1150,2025-11,Basic,199,0,199,FALSE
U1150,2026-01,Basic,199,0,199,FALSE
U1150,2025-09,Basic,199,0,199,FALSE
U1150,2025-12,Basic,199,20,159.2,FALSE
U1151,2025-10,Standard,499,0,499,FALSE
U1151,2025-08,Standard,499,20,0,TRUE
U1151,2025-09,Standard,499,0,499,FALSE
U1151,2025-11,Standard,499,0,499,FALSE
U1151,2026-01,Standard,499,30,349.3,FALSE
U1152,2025-12,Standard,499,0,499,FALSE
U1152,2025-08,Standard,499,0,499,FALSE
U1152,2025-10,Standard,499,0,499,FALSE
U1152,2025-09,Standard,499,0,499,FALSE
U1152,2026-01,Standard,499,0,499,FALSE
U1153,2026-01,Standard,499,10,449.1,FALSE
U1153,2025-12,Standard,499,0,499,FALSE
U1153,2025-11,Standard,499,0,499,FALSE
U1153,2025-09,Standard,499,0,499,FALSE
U1153,2025-10,Standard,499,0,499,FALSE
U1153,2025-08,Standard,499,0,499,FALSE
U1154,2026-01,Premium,999,20,799.2,FALSE
U1154,2025-11,Premium,999,0,999,FALSE
U1154,2025-09,Premium,999,0,999,FALSE
U1154,2025-08,Premium,999,0,999,FALSE
U1154,2025-10,Premium,999,0,999,FALSE
U1154,2025-12,Premium,999,0,999,FALSE
U1155,2025-08,Premium,999,0,999,FALSE
U1155,2025-10,Premium,999,0,999,FALSE
U1155,2026-01,Standard,499,0,499,FALSE
U1155,2025-12,Premium,999,0,999,FALSE
U1155,2025-09,Premium,999,0,999,FALSE
U1155,2025-11,Premium,999,0,999,FALSE
U1156,2025-08,Standard,499,0,499,FALSE
U1156,2025-11,Standard,499,30,349.3,FALSE
U1156,2025-10,Standard,499,0,499,FALSE
U1156,2025-09,Standard,499,0,499,FALSE
U1156,2026-01,Standard,499,0,499,FALSE
U1156,2025-12,Standard,499,30,349.3,FALSE
U1157,2025-09,Standard,499,0,499,FALSE
U1157,2025-11,Basic,199,0,199,FALSE
U1157,2026-01,Basic,199,10,179.1,FALSE
U1157,2025-12,Basic,199,0,0,TRUE
U1157,2025-10,Standard,499,0,499,FALSE
U1158,2025-11,Premium,999,0,999,FALSE
U1158,2025-08,Premium,999,0,999,FALSE
U1158,2025-12,Premium,999,10,899.1,FALSE
U1158,2025-10,Premium,999,0,999,FALSE
U1158,2026-01,Premium,999,0,999,FALSE
U1158,2025-09,Premium,999,0,999,FALSE
U1159,2025-12,Premium,999,0,999,FALSE
U1159,2025-08,Premium,999,0,999,FALSE
U1159,2025-09,Premium,999,20,799.2,FALSE
U1159,2026-01,Premium,999,0,0,TRUE
U1159,2025-10,Premium,999,0,999,FALSE
U1159,2025-11,Premium,999,0,999,FALSE
U1160,2025-10,Standard,499,0,499,FALSE
U1160,2025-09,Standard,499,0,499,FALSE
U1160,2025-11,Standard,499,0,499,FALSE
U1160,2025-08,Premium,999,0,999,FALSE
U1160,2025-12,Standard,499,0,0,TRUE
U1160,2026-01,Standard,499,10,449.1,FALSE
U1161,2025-12,Standard,499,0,499,FALSE
U1161,2025-09,Standard,499,0,499,FALSE
U1161,2025-08,Standard,499,0,499,FALSE
U1161,2025-10,Standard,499,0,499,FALSE
U1161,2026-01,Standard,499,0,499,FALSE
U1162,2025-10,Premium,999,0,999,FALSE
U1162,2025-12,Premium,999,0,0,TRUE
U1162,2025-11,Premium,999,0,0,FALSE
U1162,2026-01,Premium,999,0,999,FALSE
U1162,2025-09,Premium,999,20,799.2,FALSE
U1163,2025-12,Basic,199,0,199,FALSE
U1163,2025-10,Basic,199,0,199,FALSE
U1163,2025-09,Basic,199,0,199,FALSE
U1163,2025-11,Basic,199,30,139.3,FALSE
U1163,2026-01,Basic,199,0,199,FALSE
U1163,2025-08,Basic,199,0,199,FALSE
U1164,2025-12,Basic,199,0,199,FALSE
U1164,2025-10,Basic,199,0,199,FALSE
U1164,2025-09,Basic,199,0,199,FALSE
U1164,2026-01,Basic,199,0,0,TRUE
U1164,2025-08,Basic,199,0,199,FALSE
U1164,2025-11,Basic,199,10,179.1,FALSE
U1165,2025-08,Premium,999,0,999,FALSE
U1165,2025-12,Premium,999,0,999,FALSE
U1165,2025-09,Premium,999,0,999,FALSE
U1165,2026-01,Premium,999,0,999,FALSE
U1165,2025-10,Premium,999,0,999,FALSE
U1165,2025-11,Premium,999,0,0,TRUE
U1166,2025-10,Premium,999,0,999,FALSE
U1166,2025-09,Premium,999,0,799.2,FALSE
U1166,2025-12,Premium,999,0,999,FALSE
U1166,2025-11,Premium,999,0,999,FALSE
U1166,2026-01,Premium,999,0,999,FALSE
U1166,2025-08,Premium,999,0,999,FALSE
U1167,2026-01,Standard,499,0,499,FALSE
U1167,2025-10,Standard,499,0,499,FALSE
U1167,2025-12,Standard,499,10,449.1,FALSE
U1167,2025-09,Standard,499,30,349.3,FALSE
U1167,2025-11,Standard,499,0,0,TRUE
U1167,2025-08,Standard,499,20,399.2,FALSE
U1168,2026-01,Premium,999,0,999,FALSE
U1168,2025-09,Premium,999,0,999,FALSE
U1168,2025-08,Premium,999,0,999,FALSE
U1168,2025-12,Premium,999,0,999,FALSE
U1168,2025-11,Premium,999,0,999,FALSE
U1168,2025-10,Premium,999,30,699.3,FALSE
U1169,2025-10,Premium,999,0,999,FALSE
U1169,2025-11,Premium,999,30,699.3,FALSE
U1169,2025-09,Premium,999,0,999,FALSE
U1169,2025-12,Premium,999,0,999,FALSE
U1169,2025-08,Premium,999,0,999,FALSE
U1169,2026-01,Premium,999,0,999,FALSE
U1170,2025-09,Basic,199,0,199,FALSE
U1170,2025-11,Basic,199,0,0,TRUE
U1170,2025-08,Basic,199,0,199,FALSE
U1170,2025-10,Basic,199,30,139.3,FALSE
U1170,2025-12,Basic,199,20,159.2,FALSE
U1170,2026-01,Basic,199,0,199,FALSE
U1171,2025-09,Standard,499,0,499,FALSE
U1171,2025-08,Standard,499,0,499,FALSE
U1171,2025-10,Basic,199,0,199,FALSE
U1171,2025-12,Basic,199,0,139.3,FALSE
U1171,2025-11,Basic,199,0,199,FALSE
U1171,2026-01,Basic,199,0,199,FALSE
U1172,2025-10,Standard,499,20,399.2,FALSE
U1172,2025-09,Standard,499,30,349.3,FALSE
U1172,2025-08,Standard,499,0,499,FALSE
U1172,2025-11,Standard,499,0,499,FALSE
U1172,2025-12,Standard,499,0,499,FALSE
U1173,2025-10,Basic,199,0,199,FALSE
U1173,2025-09,Basic,199,0,199,FALSE
U1173,2025-12,Basic,199,0,199,FALSE
U1173,2025-11,Basic,199,0,199,FALSE
U1173,2026-01,Basic,199,0,0,TRUE
U1173,2025-08,Basic,199,0,199,FALSE
U1174,2025-12,Basic,199,0,199,FALSE
U1174,2025-08,Basic,199,0,199,FALSE
U1174,2026-01,Basic,199,0,199,FALSE
U1174,2025-09,Basic,199,0,199,FALSE
U1174,2025-11,Basic,199,0,199,FALSE
U1175,2026-01,Premium,999,0,999,FALSE
U1175,2025-11,Premium,999,20,799.2,FALSE
U1175,2025-09,Premium,999,0,999,FALSE
U1175,2025-08,Premium,999,30,699.3,FALSE
U1175,2025-12,Premium,999,30,699.3,FALSE
U1175,2025-10,Premium,999,0,999,FALSE
U1176,2026-01,Standard,499,20,399.2,FALSE
U1176,2025-08,Premium,999,0,999,FALSE
U1176,2025-10,Standard,499,0,499,FALSE
U1176,2025-12,Standard,499,10,449.1,FALSE
U1176,2025-09,Premium,999,30,699.3,FALSE
U1176,2025-11,Standard,499,0,499,FALSE
U1177,2025-11,Standard,499,0,499,FALSE
U1177,2025-12,Standard,499,0,0,TRUE
U1177,2025-09,Standard,499,0,499,FALSE
U1177,2026-01,Standard,499,0,499,FALSE
U1177,2025-08,Standard,499,30,349.3,FALSE
U1177,2025-10,Standard,499,0,0,TRUE
U1178,2025-12,Basic,199,0,199,FALSE
U1178,2025-09,Standard,499,10,449.1,FALSE
U1178,2025-11,Basic,199,20,159.2,FALSE
U1178,2025-10,Standard,499,0,0,FALSE
U1178,2025-08,Standard,499,0,499,FALSE
U1178,2026-01,Basic,199,0,199,FALSE
U1179,2025-10,Standard,499,0,499,FALSE
U1179,2025-11,Basic,199,0,199,FALSE
U1179,2025-09,Standard,499,0,499,FALSE
U1179,2025-08,Standard,499,0,499,FALSE
U1179,2026-01,Basic,199,20,159.2,FALSE
U1179,2025-12,Basic,199,0,199,FALSE
U1180,2025-12,Basic,199,10,179.1,FALSE
U1180,2026-01,Basic,199,0,199,FALSE
U1180,2025-09,Basic,199,20,159.2,FALSE
U1180,2025-11,Basic,199,0,199,FALSE
U1180,2025-10,Basic,199,0,199,FALSE
U1180,2025-08,Basic,199,0,199,FALSE
U1181,2025-11,Standard,499,10,0,TRUE
U1181,2026-01,Standard,499,0,499,FALSE
U1181,2025-09,Standard,499,0,499,FALSE
U1181,2025-10,Standard,499,0,499,FALSE
U1181,2025-08,Standard,499,0,499,FALSE
U1182,2025-08,Basic,199,0,199,FALSE
U1182,2025-10,Basic,199,0,199,FALSE
U1182,2025-09,Basic,199,0,199,FALSE
U1182,2025-12,Basic,199,30,0,TRUE
U1182,2026-01,Basic,199,30,139.3,FALSE
U1182,2025-11,Basic,199,0,199,FALSE
U1183,2025-10,Premium,999,0,999,FALSE
U1183,2025-12,Premium,999,0,999,FALSE
U1183,2025-11,Premium,999,30,699.3,FALSE
U1183,2025-09,Premium,999,0,999,FALSE
U1183,2025-08,Premium,999,0,999,FALSE
U1183,2026-01,Premium,999,0,999,FALSE
U1184,2025-10,Standard,499,0,499,FALSE
U1184,2025-09,Standard,499,0,499,FALSE
U1184,2026-01,Standard,499,0,499,FALSE
U1184,2025-12,Standard,499,0,499,FALSE
U1184,2025-08,Standard,499,0,499,FALSE
U1184,2025-11,Standard,499,0,499,FALSE
U1185,2025-09,Standard,499,0,499,FALSE
U1185,2025-11,Standard,499,0,499,FALSE
U1185,2025-12,Standard,499,10,449.1,FALSE
U1185,2026-01,Standard,499,20,399.2,FALSE
U1185,2025-10,Standard,499,0,499,FALSE
U1185,2025-08,Standard,499,0,499,FALSE
U1186,2025-08,Basic,199,0,199,FALSE
U1186,2025-11,Basic,199,0,199,FALSE
U1186,2026-01,Basic,199,0,199,FALSE
U1186,2025-09,Basic,199,0,199,FALSE
U1186,2025-12,Basic,199,0,199,FALSE
U1187,2025-08,Premium,999,0,999,FALSE
U1187,2025-09,Premium,999,0,999,FALSE
U1187,2025-12,Premium,999,0,999,FALSE
U1187,2025-10,Premium,999,30,0,TRUE
U1187,2026-01,Standard,499,0,499,FALSE
U1187,2025-11,Premium,999,0,999,FALSE
U1188,2025-08,Premium,999,0,999,FALSE
U1188,2026-01,Premium,999,0,999,FALSE
U1188,2025-09,Premium,999,0,999,FALSE
U1188,2025-10,Premium,999,0,999,FALSE
U1188,2025-11,Premium,999,20,799.2,FALSE
U1188,2025-12,Premium,999,20,799.2,FALSE
U1189,2025-10,Standard,499,0,499,FALSE
U1189,2025-11,Standard,499,0,499,FALSE
U1189,2025-08,Standard,499,0,499,FALSE
U1189,2026-01,Standard,499,0,499,FALSE
U1189,2025-12,Standard,499,0,499,FALSE
U1189,2025-09,Standard,499,0,0,FALSE
U1190,2025-11,Standard,499,0,499,FALSE
U1190,2025-10,Standard,499,0,499,FALSE
U1190,2025-12,Standard,499,30,349.3,FALSE
U1190,2025-09,Standard,499,20,399.2,FALSE
U1190,2025-08,Standard,499,0,499,FALSE
U1191,2025-09,Premium,999,0,999,FALSE
U1191,2025-08,Premium,999,0,999,FALSE
U1191,2025-12,Premium,999,0,999,FALSE
U1191,2026-01,Premium,999,0,999,FALSE
U1191,2025-11,Premium,999,0,999,FALSE
U1191,2025-10,Premium,999,0,999,FALSE
U1192,2025-09,Premium,999,0,999,FALSE
U1192,2025-08,Premium,999,0,999,FALSE
U1192,2026-01,Premium,999,0,999,FALSE
U1192,2025-12,Premium,999,0,999,FALSE
U1192,2025-11,Premium,999,0,999,FALSE
U1192,2025-10,Premium,999,0,999,FALSE
U1193,2026-01,Basic,199,0,199,FALSE
U1193,2025-12,Basic,199,0,199,FALSE
U1193,2025-08,Basic,199,0,199,FALSE
U1193,2025-11,Basic,199,0,199,FALSE
U1193,2025-10,Basic,199,10,179.1,FALSE
U1193,2025-09,Basic,199,0,199,FALSE
U1194,2026-01,Standard,499,0,499,FALSE
U1194,2025-08,Standard,499,0,499,FALSE
U1194,2025-12,Standard,499,20,399.2,FALSE
U1194,2025-09,Standard,499,0,499,FALSE
U1194,2025-11,Standard,499,0,499,FALSE
U1194,2025-10,Standard,499,20,399.2,FALSE
U1195,2025-10,Basic,199,0,199,FALSE
U1195,2026-01,Basic,199,0,199,FALSE
U1195,2025-11,Basic,199,0,199,FALSE
U1195,2025-08,Basic,199,0,199,FALSE
U1195,2025-12,Basic,199,0,199,FALSE
U1196,2025-08,Standard,499,0,499,FALSE
U1196,2025-11,Standard,499,0,499,FALSE
U1196,2025-10,Standard,499,0,499,FALSE
U1196,2025-09,Standard,499,0,499,FALSE
U1196,2026-01,Basic,199,0,199,FALSE
U1196,2025-12,Basic,199,30,139.3,FALSE
U1197,2026-01,Basic,199,0,199,FALSE
U1197,2025-11,Basic,199,0,199,FALSE
U1197,2025-08,Premium,999,10,899.1,FALSE
U1197,2025-09,Standard,499,0,499,FALSE
U1197,2025-10,Standard,499,0,499,FALSE
U1198,2025-12,Basic,199,20,159.2,FALSE
U1198,2026-01,Basic,199,30,139.3,FALSE
U1198,2025-10,Basic,199,0,199,FALSE
U1198,2025-08,Basic,199,0,199,FALSE
U1198,2025-09,Basic,199,20,159.2,FALSE
U1199,2025-11,Basic,199,0,199,FALSE
U1199,2025-12,Basic,199,0,199,FALSE
U1199,2025-10,Basic,199,0,199,FALSE
U1199,2026-01,Basic,199,0,199,FALSE
U1199,2025-09,Basic,199,0,199,FALSE
U1199,2025-08,Basic,199,0,199,FALSE
U1200,2025-10,Basic,199,10,179.1,FALSE
U1200,2025-08,Basic,199,0,0,TRUE
U1200,2026-01,Basic,199,0,199,FALSE
U1200,2025-12,Basic,199,0,199,FALSE
U1200,2025-09,Basic,199,0,199,FALSE
U1200,2025-11,Basic,199,0,199,FALSE
U1201,2026-01,Basic,199,20,159.2,FALSE
U1201,2025-10,Basic,199,0,199,FALSE
U1201,2025-09,Basic,199,0,199,FALSE
U1201,2025-12,Basic,199,0,199,FALSE
U1201,2025-11,Basic,199,0,199,FALSE
U1201,2025-08,Basic,199,0,199,FALSE
U1202,2025-08,Basic,199,0,199,FALSE
U1202,2026-01,Basic,199,20,159.2,FALSE
U1202,2025-12,Basic,199,0,199,FALSE
U1202,2025-09,Basic,199,0,199,FALSE
U1202,2025-11,Basic,199,0,199,FALSE
U1202,2025-10,Basic,199,0,199,FALSE
U1203,2025-12,Standard,499,0,499,FALSE
U1203,2026-01,Standard,499,0,499,FALSE
U1203,2025-08,Standard,499,30,349.3,FALSE
U1203,2025-09,Standard,499,30,349.3,FALSE
U1203,2025-11,Standard,499,0,499,FALSE
U1203,2025-10,Standard,499,0,499,FALSE
U1204,2025-10,Basic,199,0,199,FALSE
U1204,2025-12,Basic,199,0,199,FALSE
U1204,2025-11,Basic,199,0,0,TRUE
U1204,2025-08,Standard,499,0,499,FALSE
U1204,2026-01,Basic,199,30,139.3,FALSE
U1204,2025-09,Basic,199,30,0,FALSE
U1205,2026-01,Premium,999,0,999,FALSE
U1205,2025-12,Premium,999,30,699.3,FALSE
U1205,2025-09,Premium,999,0,999,FALSE
U1205,2025-10,Premium,999,0,999,FALSE
U1205,2025-08,Premium,999,0,999,FALSE
U1206,2025-12,Standard,499,0,499,FALSE
U1206,2025-10,Standard,499,0,499,FALSE
U1206,2025-11,Standard,499,10,449.1,FALSE
U1206,2025-08,Standard,499,0,499,FALSE
U1206,2025-09,Standard,499,0,499,FALSE
U1207,2025-10,Premium,999,0,999,FALSE
U1207,2026-01,Premium,999,0,999,FALSE
U1207,2025-09,Premium,999,0,999,FALSE
U1207,2025-11,Premium,999,0,999,FALSE
U1207,2025-12,Premium,999,0,999,FALSE
U1207,2025-08,Premium,999,0,999,FALSE
U1208,2025-12,Standard,499,0,499,FALSE
U1208,2025-09,Standard,499,0,499,FALSE
U1208,2025-10,Standard,499,0,499,FALSE
U1208,2025-08,Standard,499,0,499,FALSE
U1208,2025-11,Standard,499,0,499,FALSE
U1208,2026-01,Standard,499,0,499,FALSE
U1209,2025-12,Basic,199,0,199,FALSE
U1209,2025-08,Basic,199,0,199,FALSE
U1209,2025-09,Basic,199,10,179.1,FALSE
U1209,2026-01,Basic,199,30,139.3,FALSE
U1209,2025-10,Basic,199,0,199,FALSE
U1209,2025-11,Basic,199,0,199,FALSE
U1210,2025-10,Standard,499,0,499,FALSE
U1210,2025-12,Standard,499,0,0,TRUE
U1210,2025-11,Standard,499,0,499,FALSE
U1210,2026-01,Standard,499,0,499,FALSE
U1210,2025-09,Premium,999,0,999,FALSE
U1210,2025-08,Premium,999,0,999,FALSE
U1211,2026-01,Basic,199,0,199,FALSE
U1211,2025-11,Basic,199,0,199,FALSE
U1211,2025-08,Basic,199,0,199,FALSE
U1211,2025-10,Basic,199,0,199,FALSE
U1211,2025-09,Basic,199,0,199,FALSE
U1212,2025-12,Standard,499,0,499,FALSE
U1212,2025-11,Standard,499,0,499,FALSE
U1212,2026-01,Standard,499,0,499,FALSE
U1212,2025-10,Standard,499,0,499,FALSE
U1212,2025-09,Standard,499,0,499,FALSE
U1212,2025-08,Standard,499,0,499,FALSE
U1213,2026-01,Standard,499,0,499,FALSE
U1213,2025-10,Standard,499,0,499,FALSE
U1213,2025-09,Standard,499,0,499,FALSE
U1213,2025-08,Standard,499,0,499,FALSE
U1214,2025-12,Basic,199,0,199,FALSE
U1214,2025-09,Basic,199,10,179.1,FALSE
U1214,2025-11,Basic,199,0,199,FALSE
U1214,2025-08,Basic,199,0,199,FALSE
U1214,2026-01,Basic,199,0,199,FALSE
U1214,2025-10,Basic,199,0,199,FALSE
U1215,2025-11,Basic,199,0,199,FALSE
U1215,2025-10,Basic,199,0,199,FALSE
U1215,2025-12,Basic,199,0,179.1,FALSE
U1215,2025-09,Basic,199,0,199,FALSE
U1215,2025-08,Basic,199,0,199,FALSE
U1215,2026-01,Basic,199,0,199,FALSE
U1216,2025-08,Standard,499,0,499,FALSE
U1216,2025-11,Basic,199,30,139.3,FALSE
U1216,2025-12,Basic,199,0,199,FALSE
U1216,2025-10,Basic,199,0,199,FALSE
U1216,2025-09,Basic,199,0,199,FALSE
U1216,2026-01,Basic,199,20,159.2,FALSE
U1217,2025-10,Basic,199,0,199,FALSE
U1217,2025-12,Basic,199,0,199,FALSE
U1217,2025-09,Basic,199,0,199,FALSE
U1217,2025-08,Basic,199,0,199,FALSE
U1217,2025-11,Basic,199,0,199,FALSE
U1218,2025-11,Premium,999,0,999,FALSE
U1218,2025-12,Premium,999,0,999,FALSE
U1218,2025-09,Premium,999,0,999,FALSE
U1218,2025-10,Premium,999,0,999,FALSE
U1218,2025-08,Premium,999,0,999,FALSE
U1218,2026-01,Standard,499,0,499,FALSE
U1219,2025-10,Premium,999,10,899.1,FALSE
U1219,2025-09,Premium,999,0,999,FALSE
U1219,2025-12,Standard,499,0,499,FALSE
U1219,2026-01,Standard,499,0,499,FALSE
U1219,2025-08,Premium,999,0,999,FALSE
U1220,2025-10,Basic,199,0,199,FALSE
U1220,2025-12,Basic,199,0,199,FALSE
U1220,2025-09,Basic,199,0,199,FALSE
U1220,2025-08,Basic,199,0,199,FALSE
U1220,2025-11,Basic,199,0,199,FALSE
U1220,2026-01,Basic,199,0,199,FALSE
U1221,2025-08,Basic,199,0,199,FALSE
U1221,2026-01,Basic,199,0,199,FALSE
U1221,2025-09,Basic,199,0,199,FALSE
U1221,2025-10,Basic,199,20,159.2,FALSE
U1222,2025-10,Standard,499,0,499,FALSE
U1222,2025-12,Basic,199,0,199,FALSE
U1222,2025-11,Basic,199,0,0,TRUE
U1222,2025-08,Standard,499,0,499,FALSE
U1222,2026-01,Basic,199,20,159.2,FALSE
U1222,2025-09,Standard,499,0,499,FALSE
U1223,2025-09,Basic,199,10,179.1,FALSE
U1223,2025-11,Basic,199,0,199,FALSE
U1223,2026-01,Basic,199,0,199,FALSE
U1223,2025-08,Basic,199,0,199,FALSE
U1223,2025-12,Basic,199,0,199,FALSE
U1223,2025-10,Basic,199,0,199,FALSE
U1224,2025-11,Premium,999,30,699.3,FALSE
U1224,2025-08,Premium,999,0,999,FALSE
U1224,2025-12,Premium,999,0,999,FALSE
U1224,2025-10,Premium,999,20,799.2,FALSE
U1224,2026-01,Premium,999,0,999,FALSE
U1225,2025-10,Standard,499,0,499,FALSE
U1225,2025-11,Standard,499,30,349.3,FALSE
U1225,2025-09,Standard,499,0,499,FALSE
U1225,2025-08,Standard,499,0,499,FALSE
U1225,2026-01,Standard,499,0,499,FALSE
U1225,2025-12,Standard,499,0,499,FALSE
U1226,2025-11,Standard,499,0,499,FALSE
U1226,2025-12,Standard,499,0,499,FALSE
U1226,2025-08,Standard,499,0,499,FALSE
U1226,2026-01,Basic,199,0,199,FALSE
U1226,2025-10,Standard,499,0,499,FALSE
U1227,2025-12,Basic,199,10,179.1,FALSE
U1227,2026-01,Basic,199,0,199,FALSE
U1227,2025-08,Basic,199,0,199,FALSE
U1227,2025-10,Basic,199,0,199,FALSE
U1227,2025-09,Basic,199,0,199,FALSE
U1227,2025-11,Basic,199,0,199,FALSE
U1228,2025-11,Premium,999,0,999,FALSE
U1228,2025-08,Premium,999,0,999,FALSE
U1228,2025-10,Premium,999,0,999,FALSE
U1228,2025-12,Premium,999,0,999,FALSE
U1228,2025-09,Premium,999,0,999,FALSE
U1228,2026-01,Premium,999,0,999,FALSE
U1229,2025-08,Basic,199,0,199,FALSE
U1229,2025-09,Basic,199,0,199,FALSE
U1229,2025-11,Basic,199,0,199,FALSE
U1229,2025-12,Basic,199,0,0,FALSE
U1229,2025-10,Basic,199,0,199,FALSE
U1229,2026-01,Basic,199,20,159.2,FALSE
U1230,2025-12,Premium,999,0,999,FALSE
U1230,2025-08,Premium,999,0,999,FALSE
U1230,2026-01,Premium,999,0,999,FALSE
U1230,2025-10,Premium,999,0,999,FALSE
U1230,2025-09,Premium,999,0,999,FALSE
U1230,2025-11,Premium,999,0,999,FALSE
U1231,2025-12,Premium,999,0,999,FALSE
U1231,2025-10,Premium,999,20,799.2,FALSE
U1231,2026-01,Premium,999,30,699.3,FALSE
U1231,2025-09,Premium,999,0,999,FALSE
U1231,2025-08,Premium,999,0,999,FALSE
U1231,2025-11,Premium,999,0,999,FALSE
U1232,2025-10,Standard,499,0,499,FALSE
U1232,2026-01,Standard,499,0,499,FALSE
U1232,2025-08,Standard,499,0,499,FALSE
U1232,2025-12,Standard,499,0,499,FALSE
U1232,2025-11,Standard,499,10,449.1,FALSE
U1232,2025-09,Standard,499,0,499,FALSE
U1233,2025-11,Standard,499,0,499,FALSE
U1233,2025-10,Standard,499,0,499,FALSE
U1233,2025-08,Standard,499,0,499,FALSE
U1233,2026-01,Standard,499,0,499,FALSE
U1233,2025-12,Standard,499,30,0,TRUE
U1233,2025-09,Standard,499,0,499,FALSE
U1234,2026-01,Standard,499,0,499,FALSE
U1234,2025-12,Standard,499,0,499,FALSE
U1234,2025-09,Premium,999,0,999,FALSE
U1234,2025-10,Premium,999,0,999,FALSE
U1234,2025-08,Premium,999,0,999,FALSE
U1234,2025-11,Standard,499,0,499,FALSE
U1235,2025-10,Premium,999,0,999,FALSE
U1235,2025-12,Premium,999,0,999,FALSE
U1235,2025-11,Premium,999,0,999,FALSE
U1235,2025-09,Premium,999,0,999,FALSE
U1235,2025-08,Premium,999,0,999,FALSE
U1235,2026-01,Premium,999,0,0,TRUE
U1236,2025-08,Basic,199,0,199,FALSE
U1236,2025-10,Basic,199,0,199,FALSE
U1236,2026-01,Basic,199,0,199,FALSE
U1236,2025-11,Basic,199,0,199,FALSE
U1236,2025-09,Basic,199,0,199,FALSE
U1236,2025-12,Basic,199,0,199,FALSE
U1237,2026-01,Premium,999,10,899.1,FALSE
U1237,2025-09,Premium,999,0,999,FALSE
U1237,2025-12,Premium,999,0,999,FALSE
U1237,2025-08,Premium,999,0,999,FALSE
U1237,2025-11,Premium,999,0,999,FALSE
U1237,2025-10,Premium,999,0,999,FALSE
U1238,2025-09,Standard,499,0,0,TRUE
U1238,2026-01,Basic,199,30,139.3,FALSE
U1238,2025-11,Standard,499,0,499,FALSE
U1238,2025-10,Standard,499,0,499,FALSE
U1238,2025-12,Standard,499,0,0,TRUE
U1238,2025-08,Standard,499,0,499,FALSE
U1239,2025-11,Standard,499,0,499,FALSE
U1239,2025-10,Standard,499,0,499,FALSE
U1239,2026-01,Standard,499,0,499,FALSE
U1239,2025-09,Standard,499,0,499,FALSE
U1239,2025-12,Standard,499,0,499,FALSE
U1239,2025-08,Standard,499,30,349.3,FALSE
U1240,2026-01,Standard,499,0,499,FALSE
U1240,2025-09,Standard,499,20,399.2,FALSE
U1240,2025-12,Standard,499,0,0,TRUE
U1240,2025-10,Standard,499,0,499,FALSE
U1240,2025-08,Standard,499,0,499,FALSE
U1241,2025-12,Standard,499,20,399.2,FALSE
U1241,2025-09,Standard,499,0,499,FALSE
U1241,2025-10,Standard,499,0,499,FALSE
U1241,2025-11,Standard,499,0,499,FALSE
U1241,2025-08,Standard,499,0,499,FALSE
U1241,2026-01,Standard,499,0,499,FALSE
U1242,2025-10,Standard,499,0,499,FALSE
U1242,2025-09,Standard,499,0,499,FALSE
U1242,2025-11,Standard,499,0,499,FALSE
U1242,2026-01,Standard,499,0,499,FALSE
U1242,2025-12,Standard,499,0,499,FALSE
U1243,2025-08,Basic,199,0,199,FALSE
U1243,2025-12,Basic,199,0,199,FALSE
U1243,2025-11,Basic,199,0,199,FALSE
U1243,2025-09,Basic,199,0,199,FALSE
U1244,2026-01,Standard,499,0,499,FALSE
U1244,2025-12,Standard,499,0,0,FALSE
U1244,2025-11,Standard,499,0,0,TRUE
U1244,2025-09,Premium,999,0,999,FALSE
U1244,2025-08,Premium,999,0,999,FALSE
U1244,2025-10,Premium,999,0,999,FALSE
U1245,2025-10,Basic,199,20,159.2,FALSE
U1245,2025-12,Basic,199,0,199,FALSE
U1245,2026-01,Basic,199,0,199,FALSE
U1245,2025-11,Basic,199,0,199,FALSE
U1245,2025-09,Basic,199,20,159.2,FALSE
U1245,2025-08,Basic,199,0,199,FALSE
U1246,2025-12,Standard,499,0,499,FALSE
U1246,2025-11,Standard,499,0,499,FALSE
U1246,2025-09,Premium,999,0,999,FALSE
U1246,2025-08,Premium,999,20,799.2,FALSE
U1246,2025-10,Standard,499,0,499,FALSE
U1247,2026-01,Basic,199,0,199,FALSE
U1247,2025-10,Standard,499,0,499,FALSE
U1247,2025-12,Basic,199,0,199,FALSE
U1247,2025-08,Standard,499,0,499,FALSE
U1247,2025-09,Standard,499,0,499,FALSE
U1248,2026-01,Standard,499,10,449.1,FALSE
U1248,2025-12,Standard,499,0,499,FALSE
U1248,2025-09,Standard,499,0,499,FALSE
U1249,2025-10,Standard,499,20,399.2,FALSE
U1249,2026-01,Standard,499,0,499,FALSE
U1249,2025-09,Standard,499,10,449.1,FALSE
U1249,2025-12,Standard,499,0,499,FALSE
U1249,2025-11,Standard,499,0,499,FALSE
U1249,2025-08,Standard,499,0,499,FALSE
U1250,2025-12,Standard,499,0,499,FALSE
U1250,2025-11,Standard,499,0,0,TRUE
U1250,2025-09,Standard,499,0,499,FALSE
U1250,2025-08,Standard,499,0,499,FALSE
U1250,2025-10,Standard,499,0,499,FALSE
U1250,2026-01,Standard,499,0,499,FALSE
U1251,2025-11,Basic,199,30,139.3,FALSE
U1251,2025-09,Basic,199,0,199,FALSE
U1251,2025-10,Basic,199,0,199,FALSE
U1251,2026-01,Basic,199,0,0,TRUE
U1251,2025-08,Basic,199,0,199,FALSE
U1251,2025-12,Basic,199,0,199,FALSE
U1252,2025-11,Premium,999,0,999,FALSE
U1252,2025-12,Premium,999,20,799.2,FALSE
U1252,2026-01,Premium,999,0,0,TRUE
U1252,2025-08,Premium,999,0,999,FALSE
U1252,2025-09,Premium,999,0,999,FALSE
U1252,2025-10,Premium,999,0,999,FALSE
U1253,2025-12,Basic,199,0,199,FALSE
U1253,2025-11,Standard,499,0,499,FALSE
U1253,2025-08,Standard,499,0,499,FALSE
U1253,2026-01,Basic,199,0,199,FALSE
U1253,2025-09,Standard,499,0,499,FALSE
U1253,2025-10,Standard,499,0,499,FALSE
U1254,2025-08,Basic,199,0,199,FALSE
U1254,2025-10,Basic,199,30,139.3,FALSE
U1254,2025-12,Basic,199,0,199,FALSE
U1254,2026-01,Basic,199,0,199,FALSE
U1255,2025-12,Basic,199,0,199,FALSE
U1255,2025-11,Basic,199,0,199,FALSE
U1255,2026-01,Basic,199,0,199,FALSE
U1255,2025-10,Basic,199,0,199,FALSE
U1255,2025-09,Basic,199,0,199,FALSE
U1255,2025-08,Basic,199,0,199,FALSE
U1256,2025-09,Premium,999,0,999,FALSE
U1256,2026-01,Premium,999,0,999,FALSE
U1256,2025-10,Premium,999,0,999,FALSE
U1256,2025-08,Premium,999,0,999,FALSE
U1256,2025-12,Premium,999,0,999,FALSE
U1257,2025-10,Standard,499,0,499,FALSE
U1257,2026-01,Basic,199,0,199,FALSE
U1257,2025-12,Standard,499,10,449.1,FALSE
U1257,2025-08,Premium,999,0,999,FALSE
U1257,2025-09,Premium,999,0,999,FALSE
U1257,2025-11,Standard,499,0,499,FALSE
U1258,2025-11,Premium,999,0,999,FALSE
U1258,2026-01,Premium,999,0,999,FALSE
U1258,2025-10,Premium,999,0,999,FALSE
U1258,2025-08,Premium,999,0,999,FALSE
U1258,2025-09,Premium,999,0,999,FALSE
U1258,2025-12,Premium,999,0,999,FALSE
U1259,2026-01,Basic,199,0,199,FALSE
U1259,2025-09,Basic,199,0,199,FALSE
U1259,2025-12,Basic,199,0,199,FALSE
U1259,2025-10,Basic,199,30,139.3,FALSE
U1259,2025-11,Basic,199,0,199,FALSE
U1259,2025-08,Basic,199,0,199,FALSE
U1260,2025-08,Basic,199,0,199,FALSE
U1260,2025-12,Basic,199,0,199,FALSE
U1260,2025-11,Basic,199,0,199,FALSE
U1260,2025-10,Basic,199,20,159.2,FALSE
U1260,2025-09,Basic,199,0,199,FALSE
U1260,2026-01,Basic,199,0,199,FALSE
U1261,2025-12,Basic,199,0,199,FALSE
U1261,2025-10,Basic,199,0,199,FALSE
U1261,2026-01,Basic,199,0,199,FALSE
U1261,2025-11,Basic,199,0,199,FALSE
U1261,2025-08,Basic,199,0,199,FALSE
U1261,2025-09,Basic,199,0,0,TRUE
U1262,2025-08,Standard,499,0,499,FALSE
U1262,2025-10,Basic,199,0,199,FALSE
U1262,2025-12,Basic,199,0,199,FALSE
U1262,2026-01,Basic,199,0,199,FALSE
U1262,2025-09,Basic,199,0,199,FALSE
U1263,2025-11,Premium,999,10,899.1,FALSE
U1263,2025-09,Premium,999,0,999,FALSE
U1263,2025-10,Premium,999,0,999,FALSE
U1263,2025-12,Premium,999,0,999,FALSE
U1263,2026-01,Premium,999,20,0,TRUE
U1263,2025-08,Premium,999,0,999,FALSE
U1264,2025-12,Basic,199,0,199,FALSE
U1264,2026-01,Basic,199,0,199,FALSE
U1264,2025-08,Basic,199,0,199,FALSE
U1264,2025-10,Basic,199,0,199,FALSE
U1264,2025-11,Basic,199,0,199,FALSE
U1264,2025-09,Basic,199,0,199,FALSE
U1265,2026-01,Basic,199,0,199,FALSE
U1265,2025-11,Basic,199,0,199,FALSE
U1265,2025-08,Basic,199,0,199,FALSE
U1265,2025-10,Basic,199,0,199,FALSE
U1265,2025-09,Basic,199,0,199,FALSE
U1265,2025-12,Basic,199,0,199,FALSE
U1266,2025-10,Standard,499,0,499,FALSE
U1266,2025-09,Standard,499,0,499,FALSE
U1266,2025-08,Standard,499,20,399.2,FALSE
U1266,2026-01,Standard,499,0,499,FALSE
U1266,2025-11,Standard,499,0,499,FALSE
U1266,2025-12,Standard,499,0,499,FALSE
U1267,2026-01,Basic,199,0,199,FALSE
U1267,2025-11,Basic,199,0,199,FALSE
U1267,2025-10,Basic,199,0,199,FALSE
U1267,2025-08,Basic,199,0,199,FALSE
U1267,2025-12,Basic,199,0,199,FALSE
U1267,2025-09,Basic,199,0,199,FALSE
U1268,2026-01,Standard,499,0,499,FALSE
U1268,2025-09,Standard,499,0,499,FALSE
U1268,2025-10,Standard,499,0,499,FALSE
U1268,2025-08,Standard,499,0,499,FALSE
U1268,2025-11,Standard,499,0,499,FALSE
U1268,2025-12,Standard,499,0,499,FALSE
U1269,2025-08,Premium,999,0,999,FALSE
U1269,2025-10,Premium,999,0,999,FALSE
U1269,2025-09,Premium,999,0,999,FALSE
U1269,2025-12,Premium,999,10,899.1,FALSE
U1269,2026-01,Premium,999,0,999,FALSE
U1269,2025-11,Premium,999,0,999,FALSE
U1270,2025-12,Basic,199,20,0,FALSE
U1270,2025-09,Basic,199,0,199,FALSE
U1270,2025-11,Basic,199,0,0,TRUE
U1270,2026-01,Basic,199,0,199,FALSE
U1270,2025-10,Basic,199,0,199,FALSE
U1270,2025-08,Basic,199,0,199,FALSE
U1271,2026-01,Premium,999,10,899.1,FALSE
U1271,2025-11,Premium,999,0,0,TRUE
U1271,2025-12,Premium,999,10,899.1,FALSE
U1271,2025-09,Premium,999,0,999,FALSE
U1271,2025-10,Premium,999,0,999,FALSE
U1271,2025-08,Premium,999,0,999,FALSE
U1272,2026-01,Standard,499,10,449.1,FALSE
U1272,2025-08,Standard,499,0,499,FALSE
U1272,2025-09,Standard,499,0,499,FALSE
U1272,2025-12,Standard,499,0,499,FALSE
U1272,2025-11,Standard,499,0,499,FALSE
U1273,2026-01,Basic,199,0,199,FALSE
U1273,2025-09,Basic,199,0,199,FALSE
U1273,2025-11,Basic,199,0,199,FALSE
U1273,2025-08,Basic,199,0,199,FALSE
U1273,2025-12,Basic,199,10,179.1,FALSE
U1273,2025-10,Basic,199,0,199,FALSE
U1274,2025-08,Premium,999,0,999,FALSE
U1274,2025-11,Premium,999,0,999,FALSE
U1274,2025-10,Premium,999,0,999,FALSE
U1274,2026-01,Standard,499,0,499,FALSE
U1274,2025-09,Premium,999,0,999,FALSE
U1274,2025-12,Standard,499,0,499,FALSE
U1275,2025-12,Standard,499,0,499,FALSE
U1275,2025-08,Premium,999,0,999,FALSE
U1275,2025-10,Premium,999,10,899.1,FALSE
U1275,2025-11,Premium,999,0,999,FALSE
U1275,2026-01,Standard,499,0,499,FALSE
U1275,2025-09,Premium,999,0,999,FALSE
U1276,2025-09,Premium,999,30,699.3,FALSE
U1276,2025-12,Premium,999,0,999,FALSE
U1276,2025-10,Premium,999,0,999,FALSE
U1276,2025-11,Premium,999,0,999,FALSE
U1276,2026-01,Premium,999,0,999,FALSE
U1277,2025-10,Standard,499,0,499,FALSE
U1277,2025-08,Standard,499,0,499,FALSE
U1277,2025-12,Standard,499,0,499,FALSE
U1277,2025-09,Standard,499,0,499,FALSE
U1277,2025-11,Standard,499,0,499,FALSE
U1277,2026-01,Standard,499,20,399.2,FALSE
U1278,2026-01,Premium,999,0,999,FALSE
U1278,2025-09,Premium,999,0,999,FALSE
U1278,2025-12,Premium,999,0,999,FALSE
U1278,2025-08,Premium,999,0,999,FALSE
U1278,2025-10,Premium,999,0,999,FALSE
U1279,2025-11,Basic,199,0,199,FALSE
U1279,2025-12,Basic,199,0,199,FALSE
U1279,2025-09,Basic,199,0,199,FALSE
U1279,2025-10,Basic,199,0,199,FALSE
U1279,2025-08,Standard,499,0,499,FALSE
U1279,2026-01,Basic,199,0,199,FALSE
U1280,2025-10,Basic,199,0,199,FALSE
U1280,2025-12,Basic,199,30,139.3,FALSE
U1280,2025-08,Basic,199,0,199,FALSE
U1280,2025-09,Basic,199,0,199,FALSE
U1280,2025-11,Basic,199,0,199,FALSE
U1280,2026-01,Basic,199,30,139.3,FALSE
U1281,2025-08,Premium,999,0,999,FALSE
U1281,2025-10,Premium,999,0,999,FALSE
U1281,2025-12,Premium,999,0,999,FALSE
U1281,2025-09,Premium,999,20,799.2,FALSE
U1281,2026-01,Premium,999,0,999,FALSE
U1282,2026-01,Basic,199,10,179.1,FALSE
U1282,2025-10,Basic,199,0,199,FALSE
U1282,2025-12,Basic,199,0,199,FALSE
U1282,2025-11,Basic,199,30,139.3,FALSE
U1282,2025-08,Basic,199,0,199,FALSE
U1282,2025-09,Basic,199,30,139.3,FALSE
U1283,2025-09,Premium,999,0,999,FALSE
U1283,2025-10,Premium,999,0,999,FALSE
U1283,2025-12,Premium,999,0,999,FALSE
U1283,2025-08,Premium,999,0,999,FALSE
U1283,2025-11,Premium,999,0,999,FALSE
U1283,2026-01,Premium,999,0,999,FALSE
U1284,2025-12,Basic,199,0,199,FALSE
U1284,2026-01,Basic,199,0,199,FALSE
U1284,2025-11,Basic,199,0,199,FALSE
U1284,2025-10,Basic,199,0,0,TRUE
U1284,2025-08,Standard,499,0,499,FALSE
U1285,2026-01,Basic,199,0,199,FALSE
U1285,2025-08,Basic,199,0,199,FALSE
U1285,2025-10,Basic,199,10,179.1,FALSE
U1285,2025-11,Basic,199,0,199,FALSE
U1285,2025-12,Basic,199,0,199,FALSE
U1285,2025-09,Basic,199,0,199,FALSE
U1286,2026-01,Basic,199,0,199,FALSE
U1286,2025-12,Basic,199,0,199,FALSE
U1286,2025-08,Basic,199,0,199,FALSE
U1286,2025-09,Basic,199,0,199,FALSE
U1286,2025-10,Basic,199,0,199,FALSE
U1286,2025-11,Basic,199,0,199,FALSE
U1287,2025-08,Premium,999,0,999,FALSE
U1287,2025-12,Basic,199,0,199,FALSE
U1287,2025-11,Standard,499,0,499,FALSE
U1287,2025-09,Premium,999,0,999,FALSE
U1287,2025-10,Premium,999,0,999,FALSE
U1287,2026-01,Basic,199,0,199,FALSE
U1288,2025-10,Standard,499,0,499,FALSE
U1288,2025-11,Standard,499,0,499,FALSE
U1288,2025-12,Standard,499,0,499,FALSE
U1288,2025-08,Standard,499,10,449.1,FALSE
U1288,2026-01,Standard,499,0,499,FALSE
U1288,2025-09,Standard,499,0,499,FALSE
U1289,2026-01,Premium,999,10,899.1,FALSE
U1289,2025-12,Premium,999,0,999,FALSE
U1289,2025-08,Premium,999,0,999,FALSE
U1289,2025-09,Premium,999,30,699.3,FALSE
U1289,2025-10,Premium,999,0,999,FALSE
U1290,2025-11,Premium,999,0,999,FALSE
U1290,2026-01,Premium,999,0,999,FALSE
U1290,2025-12,Premium,999,0,999,FALSE
U1290,2025-09,Premium,999,0,999,FALSE
U1290,2025-10,Premium,999,20,799.2,FALSE
U1290,2025-08,Premium,999,0,999,FALSE
U1291,2025-10,Basic,199,0,0,TRUE
U1291,2025-11,Basic,199,0,199,FALSE
U1291,2025-09,Basic,199,0,199,FALSE
U1291,2025-12,Basic,199,0,199,FALSE
U1291,2025-08,Basic,199,0,199,FALSE
U1291,2026-01,Basic,199,0,199,FALSE
U1292,2025-09,Standard,499,0,499,FALSE
U1292,2025-10,Standard,499,0,499,FALSE
U1292,2025-12,Basic,199,0,199,FALSE
U1292,2025-08,Standard,499,0,499,FALSE
U1292,2025-11,Basic,199,0,199,FALSE
U1293,2025-10,Premium,999,0,999,FALSE
U1293,2026-01,Premium,999,0,999,FALSE
U1293,2025-12,Premium,999,0,0,TRUE
U1293,2025-11,Premium,999,0,999,FALSE
U1293,2025-08,Premium,999,0,999,FALSE
U1293,2025-09,Premium,999,0,999,FALSE
U1294,2025-11,Basic,199,0,199,FALSE
U1294,2026-01,Basic,199,0,199,FALSE
U1294,2025-12,Basic,199,0,199,FALSE
U1294,2025-10,Basic,199,0,199,FALSE
U1294,2025-08,Basic,199,0,199,FALSE
U1294,2025-09,Basic,199,0,199,FALSE
U1295,2025-10,Standard,499,0,499,FALSE
U1295,2025-08,Standard,499,0,499,FALSE
U1295,2025-11,Standard,499,0,499,FALSE
U1295,2026-01,Basic,199,0,199,FALSE
U1295,2025-12,Basic,199,0,199,FALSE
U1296,2025-10,Standard,499,20,399.2,FALSE
U1296,2026-01,Standard,499,0,499,FALSE
U1296,2025-12,Standard,499,0,499,FALSE
U1296,2025-09,Standard,499,0,499,FALSE
U1296,2025-11,Standard,499,0,499,FALSE
U1296,2025-08,Standard,499,10,449.1,FALSE
U1297,2025-11,Premium,999,20,799.2,FALSE
U1297,2025-12,Premium,999,0,999,FALSE
U1297,2025-09,Premium,999,0,999,FALSE
U1297,2025-10,Premium,999,30,699.3,FALSE
U1297,2025-08,Premium,999,0,999,FALSE
U1297,2026-01,Premium,999,0,999,FALSE
U1298,2025-11,Premium,999,0,0,TRUE
U1298,2025-12,Premium,999,0,999,FALSE
U1298,2026-01,Premium,999,20,799.2,FALSE
U1298,2025-09,Premium,999,0,999,FALSE
U1298,2025-10,Premium,999,20,799.2,FALSE
U1298,2025-08,Premium,999,0,999,FALSE
U1299,2025-12,Basic,199,0,199,FALSE
U1299,2026-01,Basic,199,20,159.2,FALSE
U1299,2025-11,Basic,199,0,199,FALSE
U1299,2025-08,Basic,199,0,199,FALSE
U1299,2025-10,Basic,199,0,199,FALSE
U1299,2025-09,Basic,199,0,199,FALSE
U1300,2026-01,Basic,199,0,199,FALSE
U1300,2025-09,Basic,199,0,199,FALSE
U1300,2025-08,Basic,199,0,199,FALSE
U1300,2025-10,Basic,199,0,199,FALSE
U1300,2025-12,Basic,199,0,0,TRUE
U1301,2025-11,Standard,499,0,499,FALSE
U1301,2026-01,Basic,199,0,199,FALSE
U1301,2025-12,Standard,499,10,449.1,FALSE
U1301,2025-08,Standard,499,0,499,FALSE
U1301,2025-09,Standard,499,0,499,FALSE
U1302,2025-09,Basic,199,0,199,FALSE
U1302,2025-08,Basic,199,0,199,FALSE
U1302,2025-12,Basic,199,0,199,FALSE
U1302,2025-10,Basic,199,0,199,FALSE
U1302,2026-01,Basic,199,0,199,FALSE
U1302,2025-11,Basic,199,0,199,FALSE
U1303,2025-09,Standard,499,10,449.1,FALSE
U1303,2025-12,Standard,499,0,499,FALSE
U1303,2025-11,Standard,499,20,0,TRUE
U1303,2026-01,Standard,499,0,0,TRUE
U1303,2025-10,Standard,499,0,499,FALSE
U1303,2025-08,Standard,499,0,499,FALSE
U1304,2026-01,Premium,999,0,999,FALSE
U1304,2025-11,Premium,999,0,999,FALSE
U1304,2025-09,Premium,999,0,999,FALSE
U1304,2025-12,Premium,999,0,0,TRUE
U1304,2025-08,Premium,999,0,999,FALSE
U1304,2025-10,Premium,999,0,999,FALSE
U1305,2025-10,Premium,999,0,999,FALSE
U1305,2025-11,Premium,999,0,999,FALSE
U1305,2025-08,Premium,999,0,999,FALSE
U1305,2025-12,Premium,999,0,999,FALSE
U1305,2025-09,Premium,999,0,0,TRUE
U1306,2026-01,Basic,199,0,199,FALSE
U1306,2025-09,Standard,499,0,499,FALSE
U1306,2025-12,Basic,199,0,199,FALSE
U1306,2025-11,Basic,199,30,139.3,FALSE
U1306,2025-08,Standard,499,0,499,FALSE
U1306,2025-10,Basic,199,0,199,FALSE
U1307,2025-12,Basic,199,10,179.1,FALSE
U1307,2025-08,Basic,199,0,199,FALSE
U1307,2025-09,Basic,199,0,199,FALSE
U1307,2025-10,Basic,199,0,199,FALSE
U1307,2026-01,Basic,199,20,159.2,FALSE
U1307,2025-11,Basic,199,0,199,FALSE
U1308,2025-09,Basic,199,0,0,TRUE
U1308,2025-12,Basic,199,0,199,FALSE
U1308,2025-11,Basic,199,0,199,FALSE
U1308,2025-08,Basic,199,0,199,FALSE
U1308,2025-10,Basic,199,0,199,FALSE
U1309,2025-08,Basic,199,0,199,FALSE
U1309,2025-10,Basic,199,30,139.3,FALSE
U1309,2025-11,Basic,199,20,159.2,FALSE
U1309,2025-09,Basic,199,0,199,FALSE
U1309,2025-12,Basic,199,10,179.1,FALSE
U1309,2026-01,Basic,199,0,199,FALSE
U1310,2025-10,Basic,199,20,159.2,FALSE
U1310,2025-11,Basic,199,0,199,FALSE
U1310,2026-01,Basic,199,0,199,FALSE
U1310,2025-12,Basic,199,0,199,FALSE
U1310,2025-08,Basic,199,0,199,FALSE
U1310,2025-09,Basic,199,0,199,FALSE
U1311,2025-10,Premium,999,10,899.1,FALSE
U1311,2026-01,Premium,999,30,699.3,FALSE
U1311,2025-08,Premium,999,0,999,FALSE
U1311,2025-11,Premium,999,0,999,FALSE
U1311,2025-12,Premium,999,0,999,FALSE
U1311,2025-09,Premium,999,0,999,FALSE
U1312,2025-12,Premium,999,0,999,FALSE
U1312,2025-11,Premium,999,0,999,FALSE
U1312,2025-09,Premium,999,0,999,FALSE
U1312,2026-01,Premium,999,0,999,FALSE
U1312,2025-08,Premium,999,0,999,FALSE
U1312,2025-10,Premium,999,0,0,TRUE
U1313,2026-01,Basic,199,30,0,TRUE
U1313,2025-11,Standard,499,20,0,TRUE
U1313,2025-12,Standard,499,0,499,FALSE
U1313,2025-09,Premium,999,0,999,FALSE
U1313,2025-08,Premium,999,0,999,FALSE
U1313,2025-10,Premium,999,0,699.3,FALSE
U1314,2026-01,Basic,199,10,179.1,FALSE
U1314,2025-08,Basic,199,0,199,FALSE
U1314,2025-09,Basic,199,0,199,FALSE
U1314,2025-11,Basic,199,0,199,FALSE
U1314,2025-12,Basic,199,0,0,TRUE
U1315,2025-12,Basic,199,0,199,FALSE
U1315,2025-11,Basic,199,0,199,FALSE
U1315,2025-08,Basic,199,20,159.2,FALSE
U1315,2026-01,Basic,199,10,179.1,FALSE
U1315,2025-10,Basic,199,10,179.1,FALSE
U1316,2025-11,Standard,499,0,499,FALSE
U1316,2025-08,Standard,499,0,499,FALSE
U1316,2026-01,Standard,499,30,349.3,FALSE
U1316,2025-09,Standard,499,0,499,FALSE
U1316,2025-12,Standard,499,0,499,FALSE
U1316,2025-10,Standard,499,30,349.3,FALSE
U1317,2026-01,Basic,199,30,139.3,FALSE
U1317,2025-12,Basic,199,0,199,FALSE
U1317,2025-10,Standard,499,10,449.1,FALSE
U1317,2025-08,Standard,499,0,499,FALSE
U1317,2025-11,Basic,199,0,199,FALSE
U1317,2025-09,Standard,499,10,449.1,FALSE
U1318,2025-12,Basic,199,20,159.2,FALSE
U1318,2025-10,Standard,499,0,499,FALSE
U1318,2025-11,Basic,199,0,199,FALSE
U1318,2026-01,Basic,199,0,199,FALSE
U1318,2025-09,Premium,999,0,0,FALSE
U1318,2025-08,Premium,999,0,999,FALSE
U1319,2026-01,Basic,199,0,199,FALSE
U1319,2025-10,Basic,199,0,199,FALSE
U1319,2025-09,Basic,199,30,139.3,FALSE
U1319,2025-12,Basic,199,0,199,FALSE
U1319,2025-11,Basic,199,0,199,FALSE
U1319,2025-08,Basic,199,0,199,FALSE
U1320,2025-10,Basic,199,20,0,TRUE
U1320,2025-09,Basic,199,0,199,FALSE
U1320,2026-01,Basic,199,0,199,FALSE
U1320,2025-12,Basic,199,0,139.3,FALSE
U1320,2025-08,Basic,199,0,199,FALSE
U1321,2025-12,Basic,199,0,199,FALSE
U1321,2025-08,Basic,199,0,199,FALSE
U1321,2025-11,Basic,199,0,199,FALSE
U1321,2025-10,Basic,199,0,199,FALSE
U1321,2026-01,Basic,199,0,199,FALSE
U1322,2025-12,Basic,199,0,199,FALSE
U1322,2025-10,Basic,199,0,199,FALSE
U1322,2025-11,Basic,199,0,199,FALSE
U1322,2025-08,Basic,199,0,199,FALSE
U1322,2025-09,Basic,199,30,139.3,FALSE
U1322,2026-01,Basic,199,30,139.3,FALSE
U1323,2025-11,Basic,199,0,199,FALSE
U1323,2025-09,Basic,199,10,179.1,FALSE
U1323,2025-10,Basic,199,10,179.1,FALSE
U1323,2025-12,Basic,199,0,199,FALSE
U1323,2025-08,Basic,199,0,199,FALSE
U1323,2026-01,Basic,199,0,0,TRUE
U1324,2025-11,Premium,999,0,999,FALSE
U1324,2026-01,Standard,499,0,499,FALSE
U1324,2025-12,Standard,499,0,499,FALSE
U1324,2025-08,Premium,999,20,799.2,FALSE
U1324,2025-10,Premium,999,0,799.2,FALSE
U1324,2025-09,Premium,999,0,999,FALSE
U1325,2025-12,Basic,199,30,139.3,FALSE
U1325,2025-08,Basic,199,0,199,FALSE
U1325,2025-10,Basic,199,0,199,FALSE
U1325,2026-01,Basic,199,0,199,FALSE
U1325,2025-11,Basic,199,10,179.1,FALSE
U1326,2026-01,Standard,499,20,0,TRUE
U1326,2025-08,Standard,499,0,499,FALSE
U1326,2025-10,Standard,499,0,499,FALSE
U1326,2025-12,Standard,499,0,499,FALSE
U1326,2025-11,Standard,499,0,499,FALSE
U1326,2025-09,Standard,499,0,499,FALSE
U1327,2026-01,Basic,199,0,199,FALSE
U1327,2025-11,Basic,199,0,199,FALSE
U1327,2025-10,Basic,199,0,199,FALSE
U1327,2025-08,Basic,199,0,199,FALSE
U1328,2025-08,Basic,199,0,199,FALSE
U1328,2025-12,Basic,199,0,199,FALSE
U1328,2025-10,Basic,199,0,199,FALSE
U1328,2025-11,Basic,199,0,199,FALSE
U1328,2026-01,Basic,199,0,199,FALSE
U1329,2025-12,Basic,199,0,0,TRUE
U1329,2025-10,Basic,199,20,159.2,FALSE
U1329,2026-01,Basic,199,30,139.3,FALSE
U1329,2025-11,Basic,199,0,199,FALSE
U1330,2026-01,Basic,199,0,199,FALSE
U1330,2025-10,Basic,199,0,199,FALSE
U1330,2025-11,Basic,199,0,199,FALSE
U1330,2025-12,Basic,199,0,0,TRUE
U1330,2025-08,Basic,199,30,139.3,FALSE
U1330,2025-09,Basic,199,20,159.2,FALSE
U1331,2025-10,Premium,999,0,999,FALSE
U1331,2026-01,Premium,999,10,899.1,FALSE
U1331,2025-08,Premium,999,0,999,FALSE
U1331,2025-09,Premium,999,20,799.2,FALSE
U1331,2025-11,Premium,999,30,699.3,FALSE
U1332,2025-12,Basic,199,0,199,FALSE
U1332,2025-11,Basic,199,0,199,FALSE
U1332,2025-09,Basic,199,0,199,FALSE
U1332,2026-01,Basic,199,20,159.2,FALSE
U1332,2025-08,Basic,199,0,199,FALSE
U1333,2025-11,Premium,999,0,999,FALSE
U1333,2025-12,Premium,999,0,999,FALSE
U1333,2025-08,Premium,999,20,799.2,FALSE
U1333,2026-01,Premium,999,0,999,FALSE
U1333,2025-09,Premium,999,0,999,FALSE
U1333,2025-10,Premium,999,0,999,FALSE
U1334,2025-10,Basic,199,0,199,FALSE
U1334,2025-11,Basic,199,0,0,TRUE
U1334,2025-09,Basic,199,0,199,FALSE
U1334,2025-08,Basic,199,0,199,FALSE
U1334,2026-01,Basic,199,20,159.2,FALSE
U1334,2025-12,Basic,199,10,179.1,FALSE
U1335,2025-10,Basic,199,0,199,FALSE
U1335,2026-01,Basic,199,0,199,FALSE
U1335,2025-11,Basic,199,0,199,FALSE
U1335,2025-09,Basic,199,0,199,FALSE
U1335,2025-08,Basic,199,0,199,FALSE
U1335,2025-12,Basic,199,20,0,TRUE
U1336,2026-01,Premium,999,0,999,FALSE
U1336,2025-08,Premium,999,0,999,FALSE
U1336,2025-11,Premium,999,0,999,FALSE
U1336,2025-12,Premium,999,0,999,FALSE
U1336,2025-09,Premium,999,0,999,FALSE
U1336,2025-10,Premium,999,0,999,FALSE
U1337,2025-10,Basic,199,0,199,FALSE
U1337,2025-08,Basic,199,0,199,FALSE
U1337,2025-11,Basic,199,10,179.1,FALSE
U1337,2025-09,Basic,199,0,199,FALSE
U1337,2025-12,Basic,199,0,199,FALSE
U1337,2026-01,Basic,199,0,199,FALSE
U1338,2025-12,Standard,499,0,499,FALSE
U1338,2025-09,Standard,499,30,349.3,FALSE
U1338,2025-08,Standard,499,0,499,FALSE
U1338,2025-11,Standard,499,0,499,FALSE
U1338,2025-10,Standard,499,0,499,FALSE
U1338,2026-01,Standard,499,0,0,FALSE
U1339,2025-09,Standard,499,0,499,FALSE
U1339,2025-10,Standard,499,0,499,FALSE
U1339,2026-01,Standard,499,0,399.2,FALSE
U1339,2025-08,Standard,499,0,499,FALSE
U1339,2025-11,Standard,499,0,499,FALSE
U1340,2025-09,Basic,199,0,199,FALSE
U1340,2025-10,Basic,199,30,139.3,FALSE
U1340,2025-11,Basic,199,0,199,FALSE
U1340,2026-01,Basic,199,0,199,FALSE
U1340,2025-08,Basic,199,0,0,TRUE
U1341,2026-01,Basic,199,0,199,FALSE
U1341,2025-10,Standard,499,0,499,FALSE
U1341,2025-08,Premium,999,0,999,FALSE
U1341,2025-12,Standard,499,0,499,FALSE
U1341,2025-09,Premium,999,0,999,FALSE
U1342,2025-09,Premium,999,0,999,FALSE
U1342,2025-10,Premium,999,0,999,FALSE
U1342,2025-12,Premium,999,0,999,FALSE
U1342,2026-01,Premium,999,0,0,FALSE
U1342,2025-11,Premium,999,0,999,FALSE
U1342,2025-08,Premium,999,0,999,FALSE
U1343,2025-12,Premium,999,10,899.1,FALSE
U1343,2025-08,Premium,999,0,999,FALSE
U1343,2025-11,Premium,999,0,999,FALSE
U1343,2026-01,Premium,999,0,999,FALSE
U1343,2025-10,Premium,999,0,999,FALSE
U1343,2025-09,Premium,999,0,999,FALSE
U1344,2025-08,Standard,499,0,499,FALSE
U1344,2025-10,Standard,499,0,499,FALSE
U1344,2025-11,Standard,499,0,0,TRUE
U1344,2025-12,Standard,499,10,449.1,FALSE
U1344,2026-01,Standard,499,20,399.2,FALSE
U1345,2025-10,Basic,199,20,159.2,FALSE
U1345,2026-01,Basic,199,0,199,FALSE
U1345,2025-09,Basic,199,0,199,FALSE
U1345,2025-11,Basic,199,10,179.1,FALSE
U1345,2025-12,Basic,199,0,199,FALSE
U1345,2025-08,Basic,199,0,199,FALSE
U1346,2025-10,Basic,199,0,199,FALSE
U1346,2025-12,Basic,199,0,199,FALSE
U1346,2025-11,Basic,199,30,139.3,FALSE
U1346,2026-01,Basic,199,0,199,FALSE
U1346,2025-08,Basic,199,0,199,FALSE
U1346,2025-09,Basic,199,0,199,FALSE
U1347,2025-10,Premium,999,0,999,FALSE
U1347,2025-09,Premium,999,20,799.2,FALSE
U1347,2025-11,Standard,499,0,499,FALSE
U1347,2026-01,Standard,499,0,499,FALSE
U1347,2025-08,Premium,999,10,899.1,FALSE
U1347,2025-12,Standard,499,0,499,FALSE
U1348,2025-08,Basic,199,0,199,FALSE
U1348,2025-10,Basic,199,0,199,FALSE
U1348,2025-12,Basic,199,0,199,FALSE
U1348,2026-01,Basic,199,0,199,FALSE
U1348,2025-09,Basic,199,0,199,FALSE
U1348,2025-11,Basic,199,20,159.2,FALSE
U1349,2025-09,Standard,499,0,499,FALSE
U1349,2025-10,Standard,499,0,499,FALSE
U1349,2025-12,Standard,499,30,0,TRUE
U1349,2025-11,Standard,499,0,499,FALSE
U1349,2025-08,Standard,499,30,349.3,FALSE
U1349,2026-01,Standard,499,20,399.2,FALSE
U1350,2025-09,Basic,199,0,199,FALSE
U1350,2025-12,Basic,199,0,199,FALSE
U1350,2025-08,Basic,199,0,199,FALSE
U1350,2026-01,Basic,199,0,199,FALSE
U1350,2025-10,Basic,199,0,199,FALSE
U1350,2025-11,Basic,199,0,199,FALSE
U1351,2025-12,Basic,199,0,199,FALSE
U1351,2025-11,Basic,199,0,199,FALSE
U1351,2025-08,Standard,499,0,499,FALSE
U1351,2025-10,Basic,199,20,159.2,FALSE
U1351,2025-09,Standard,499,30,349.3,FALSE
U1351,2026-01,Basic,199,20,159.2,FALSE
U1352,2026-01,Basic,199,10,0,TRUE
U1352,2025-08,Basic,199,0,199,FALSE
U1352,2025-11,Basic,199,0,199,FALSE
U1352,2025-10,Basic,199,0,199,FALSE
U1352,2025-12,Basic,199,0,199,FALSE
U1352,2025-09,Basic,199,0,199,FALSE
U1353,2025-08,Premium,999,0,999,FALSE
U1353,2025-12,Premium,999,0,999,FALSE
U1353,2025-11,Premium,999,0,0,TRUE
U1353,2025-10,Premium,999,0,999,FALSE
U1353,2026-01,Premium,999,0,999,FALSE
U1354,2026-01,Basic,199,0,0,TRUE
U1354,2025-08,Basic,199,0,199,FALSE
U1354,2025-12,Basic,199,30,139.3,FALSE
U1354,2025-09,Basic,199,0,199,FALSE
U1354,2025-11,Basic,199,10,179.1,FALSE
U1354,2025-10,Basic,199,0,199,FALSE
U1355,2025-08,Premium,999,0,999,FALSE
U1355,2025-10,Premium,999,0,999,FALSE
U1355,2025-12,Premium,999,10,899.1,FALSE
U1355,2025-09,Premium,999,0,999,FALSE
U1355,2025-11,Premium,999,0,999,FALSE
U1355,2026-01,Premium,999,0,999,FALSE
U1356,2025-10,Basic,199,30,139.3,FALSE
U1356,2025-08,Basic,199,0,199,FALSE
U1356,2025-09,Basic,199,0,199,FALSE
U1356,2025-12,Basic,199,0,199,FALSE
U1356,2026-01,Basic,199,20,159.2,FALSE
U1356,2025-11,Basic,199,0,199,FALSE
U1357,2026-01,Premium,999,30,699.3,FALSE
U1357,2025-12,Premium,999,20,799.2,FALSE
U1357,2025-08,Premium,999,0,999,FALSE
U1357,2025-11,Premium,999,0,999,FALSE
U1357,2025-09,Premium,999,0,999,FALSE
U1358,2025-09,Standard,499,0,499,FALSE
U1358,2026-01,Standard,499,30,349.3,FALSE
U1358,2025-11,Standard,499,0,499,FALSE
U1358,2025-12,Standard,499,10,449.1,FALSE
U1358,2025-10,Standard,499,30,349.3,FALSE
U1358,2025-08,Premium,999,0,999,FALSE
U1359,2026-01,Basic,199,0,199,FALSE
U1359,2025-09,Basic,199,0,199,FALSE
U1359,2025-10,Basic,199,0,199,FALSE
U1359,2025-12,Basic,199,0,199,FALSE
U1359,2025-08,Standard,499,0,499,FALSE
U1359,2025-11,Basic,199,0,199,FALSE
U1360,2026-01,Basic,199,0,0,TRUE
U1360,2025-12,Basic,199,0,199,FALSE
U1360,2025-09,Basic,199,0,199,FALSE
U1360,2025-11,Basic,199,30,139.3,FALSE
U1360,2025-08,Basic,199,0,199,FALSE
U1361,2025-11,Standard,499,0,499,FALSE
U1361,2025-12,Standard,499,0,499,FALSE
U1361,2026-01,Standard,499,30,349.3,FALSE
U1361,2025-10,Standard,499,0,499,FALSE
U1361,2025-08,Standard,499,0,499,FALSE
U1361,2025-09,Standard,499,0,499,FALSE
U1362,2025-09,Standard,499,10,449.1,FALSE
U1362,2025-10,Standard,499,0,499,FALSE
U1362,2026-01,Standard,499,0,499,FALSE
U1362,2025-08,Standard,499,0,499,FALSE
U1362,2025-11,Standard,499,0,499,FALSE
U1363,2025-08,Standard,499,30,349.3,FALSE
U1363,2025-11,Standard,499,0,499,FALSE
U1363,2025-10,Standard,499,0,499,FALSE
U1363,2025-09,Standard,499,0,499,FALSE
U1363,2026-01,Standard,499,0,499,FALSE
U1363,2025-12,Standard,499,0,499,FALSE
U1364,2026-01,Standard,499,0,0,TRUE
U1364,2025-08,Standard,499,0,499,FALSE
U1364,2025-11,Standard,499,0,499,FALSE
U1365,2025-12,Standard,499,0,499,FALSE
U1365,2025-11,Standard,499,0,499,FALSE
U1365,2025-08,Standard,499,0,499,FALSE
U1365,2025-10,Standard,499,0,499,FALSE
U1365,2026-01,Standard,499,0,499,FALSE
U1365,2025-09,Standard,499,0,499,FALSE
U1366,2026-01,Premium,999,0,999,FALSE
U1366,2025-12,Premium,999,0,999,FALSE
U1366,2025-11,Premium,999,0,999,FALSE
U1366,2025-10,Premium,999,0,999,FALSE
U1366,2025-08,Premium,999,0,999,FALSE
U1366,2025-09,Premium,999,20,799.2,FALSE
U1367,2025-11,Basic,199,0,199,FALSE
U1367,2026-01,Basic,199,0,199,FALSE
U1367,2025-12,Basic,199,0,199,FALSE
U1367,2025-08,Basic,199,0,199,FALSE
U1367,2025-10,Basic,199,0,199,FALSE
U1368,2025-08,Premium,999,20,799.2,FALSE
U1368,2025-12,Basic,199,0,199,FALSE
U1368,2026-01,Basic,199,0,199,FALSE
U1368,2025-11,Basic,199,0,199,FALSE
U1368,2025-10,Basic,199,0,199,FALSE
U1368,2025-09,Standard,499,0,499,FALSE
U1369,2026-01,Basic,199,20,159.2,FALSE
U1369,2025-10,Basic,199,0,199,FALSE
U1369,2025-09,Basic,199,0,199,FALSE
U1369,2025-12,Basic,199,0,199,FALSE
U1369,2025-11,Basic,199,0,199,FALSE
U1369,2025-08,Basic,199,0,199,FALSE
U1370,2025-08,Standard,499,0,499,FALSE
U1370,2025-10,Standard,499,0,499,FALSE
U1370,2025-09,Standard,499,0,499,FALSE
U1370,2025-11,Standard,499,0,499,FALSE
U1370,2026-01,Standard,499,0,499,FALSE
U1370,2025-12,Standard,499,0,499,FALSE
U1371,2025-12,Basic,199,0,199,FALSE
U1371,2026-01,Basic,199,0,199,FALSE
U1371,2025-10,Basic,199,0,199,FALSE
U1371,2025-09,Basic,199,0,199,FALSE
U1371,2025-11,Basic,199,0,199,FALSE
U1372,2026-01,Basic,199,0,199,FALSE
U1372,2025-12,Basic,199,0,199,FALSE
U1372,2025-09,Basic,199,0,199,FALSE
U1372,2025-08,Basic,199,0,199,FALSE
U1372,2025-10,Basic,199,0,199,FALSE
U1372,2025-11,Basic,199,0,199,FALSE
U1373,2025-08,Standard,499,0,499,FALSE
U1373,2025-12,Standard,499,20,399.2,FALSE
U1373,2025-11,Standard,499,0,499,FALSE
U1373,2025-10,Standard,499,0,499,FALSE
U1373,2026-01,Standard,499,0,499,FALSE
U1373,2025-09,Standard,499,0,499,FALSE
U1374,2025-12,Standard,499,0,0,TRUE
U1374,2025-11,Standard,499,10,449.1,FALSE
U1374,2025-08,Standard,499,0,499,FALSE
U1374,2026-01,Standard,499,20,399.2,FALSE
U1374,2025-09,Standard,499,0,499,FALSE
U1374,2025-10,Standard,499,20,399.2,FALSE
U1375,2025-10,Premium,999,0,999,FALSE
U1375,2025-11,Premium,999,0,999,FALSE
U1375,2026-01,Standard,499,0,499,FALSE
U1375,2025-08,Premium,999,30,699.3,FALSE
U1375,2025-09,Premium,999,0,999,FALSE
U1375,2025-12,Standard,499,0,499,FALSE
U1376,2025-09,Standard,499,10,449.1,FALSE
U1376,2025-08,Standard,499,10,449.1,FALSE
U1376,2025-12,Standard,499,0,499,FALSE
U1376,2025-10,Standard,499,0,499,FALSE
U1376,2025-11,Standard,499,0,499,FALSE
U1376,2026-01,Standard,499,0,499,FALSE
U1377,2025-09,Standard,499,0,499,FALSE
U1377,2025-11,Standard,499,0,499,FALSE
U1377,2026-01,Basic,199,20,159.2,FALSE
U1377,2025-12,Standard,499,0,499,FALSE
U1377,2025-08,Standard,499,0,499,FALSE
U1377,2025-10,Standard,499,0,499,FALSE
U1378,2025-12,Standard,499,0,499,FALSE
U1378,2026-01,Standard,499,20,0,TRUE
U1378,2025-09,Standard,499,0,499,FALSE
U1378,2025-11,Standard,499,0,499,FALSE
U1378,2025-10,Standard,499,0,499,FALSE
U1379,2025-10,Basic,199,0,199,FALSE
U1379,2025-09,Basic,199,30,139.3,FALSE
U1379,2025-08,Basic,199,30,139.3,FALSE
U1379,2026-01,Basic,199,0,199,FALSE
U1379,2025-12,Basic,199,10,179.1,FALSE
U1379,2025-11,Basic,199,0,199,FALSE
U1380,2025-12,Basic,199,0,199,FALSE
U1380,2026-01,Basic,199,10,179.1,FALSE
U1380,2025-11,Basic,199,0,199,FALSE
U1380,2025-09,Basic,199,0,199,FALSE
U1381,2026-01,Basic,199,0,199,FALSE
U1381,2025-09,Standard,499,0,0,TRUE
U1381,2025-12,Basic,199,0,199,FALSE
U1381,2025-10,Standard,499,0,499,FALSE
U1381,2025-11,Standard,499,0,0,TRUE
U1381,2025-08,Standard,499,0,499,FALSE
U1382,2026-01,Standard,499,0,499,FALSE
U1382,2025-12,Standard,499,0,499,FALSE
U1382,2025-09,Standard,499,0,499,FALSE
U1382,2025-08,Standard,499,0,499,FALSE
U1382,2025-11,Standard,499,10,449.1,FALSE
U1382,2025-10,Standard,499,0,499,FALSE
U1383,2025-12,Basic,199,0,199,FALSE
U1383,2025-10,Standard,499,0,499,FALSE
U1383,2026-01,Basic,199,0,0,TRUE
U1383,2025-09,Standard,499,0,499,FALSE
U1383,2025-11,Basic,199,0,199,FALSE
U1383,2025-08,Standard,499,10,449.1,FALSE
U1384,2025-10,Standard,499,0,499,FALSE
U1384,2026-01,Basic,199,0,199,FALSE
U1384,2025-11,Basic,199,0,199,FALSE
U1384,2025-08,Standard,499,0,499,FALSE
U1384,2025-09,Standard,499,0,499,FALSE
U1384,2025-12,Basic,199,0,199,FALSE
U1385,2025-08,Premium,999,0,999,FALSE
U1385,2025-09,Premium,999,0,999,FALSE
U1385,2025-10,Premium,999,0,999,FALSE
U1385,2025-12,Premium,999,30,699.3,FALSE
U1385,2025-11,Premium,999,0,999,FALSE
U1385,2026-01,Premium,999,0,999,FALSE
U1386,2026-01,Premium,999,0,999,FALSE
U1386,2025-11,Premium,999,0,999,FALSE
U1386,2025-08,Premium,999,0,999,FALSE
U1386,2025-09,Premium,999,0,999,FALSE
U1386,2025-10,Premium,999,0,999,FALSE
U1386,2025-12,Premium,999,30,699.3,FALSE
U1387,2025-08,Standard,499,0,499,FALSE
U1387,2025-12,Standard,499,20,399.2,FALSE
U1387,2025-11,Standard,499,0,499,FALSE
U1387,2025-09,Standard,499,0,499,FALSE
U1387,2025-10,Standard,499,0,499,FALSE
U1387,2026-01,Basic,199,0,199,FALSE
U1388,2025-10,Basic,199,0,199,FALSE
U1388,2026-01,Basic,199,20,159.2,FALSE
U1388,2025-08,Basic,199,0,199,FALSE
U1388,2025-12,Basic,199,0,199,FALSE
U1388,2025-11,Basic,199,20,0,TRUE
U1389,2026-01,Standard,499,0,499,FALSE
U1389,2025-12,Standard,499,0,499,FALSE
U1389,2025-10,Standard,499,0,499,FALSE
U1389,2025-11,Standard,499,10,449.1,FALSE
U1389,2025-08,Standard,499,0,499,FALSE
U1389,2025-09,Standard,499,0,499,FALSE
U1390,2026-01,Basic,199,10,179.1,FALSE
U1390,2025-09,Basic,199,0,199,FALSE
U1390,2025-11,Basic,199,0,199,FALSE
U1390,2025-12,Basic,199,20,159.2,FALSE
U1390,2025-08,Basic,199,0,199,FALSE
U1391,2026-01,Standard,499,0,499,FALSE
U1391,2025-12,Standard,499,0,499,FALSE
U1391,2025-10,Standard,499,0,499,FALSE
U1391,2025-09,Standard,499,20,399.2,FALSE
U1391,2025-08,Standard,499,0,499,FALSE
U1391,2025-11,Standard,499,0,499,FALSE
U1392,2025-10,Standard,499,0,499,FALSE
U1392,2025-11,Standard,499,20,399.2,FALSE
U1392,2025-09,Standard,499,0,499,FALSE
U1392,2025-08,Standard,499,0,499,FALSE
U1392,2025-12,Standard,499,0,499,FALSE
U1392,2026-01,Standard,499,0,499,FALSE
U1393,2025-12,Standard,499,0,499,FALSE
U1393,2026-01,Standard,499,0,499,FALSE
U1393,2025-08,Standard,499,0,499,FALSE
U1393,2025-09,Standard,499,10,449.1,FALSE
U1393,2025-10,Standard,499,30,349.3,FALSE
U1393,2025-11,Standard,499,0,499,FALSE
U1394,2026-01,Premium,999,0,999,FALSE
U1394,2025-10,Premium,999,0,999,FALSE
U1394,2025-08,Premium,999,0,999,FALSE
U1394,2025-09,Premium,999,0,999,FALSE
U1394,2025-11,Premium,999,0,999,FALSE
U1394,2025-12,Premium,999,0,999,FALSE
U1395,2025-10,Premium,999,30,699.3,FALSE
U1395,2025-09,Premium,999,30,699.3,FALSE
U1395,2025-12,Premium,999,0,999,FALSE
U1395,2025-11,Premium,999,0,999,FALSE
U1395,2026-01,Premium,999,0,999,FALSE
U1395,2025-08,Premium,999,0,999,FALSE
U1396,2025-08,Standard,499,0,499,FALSE
U1396,2025-10,Standard,499,0,499,FALSE
U1396,2025-12,Standard,499,0,499,FALSE
U1396,2025-09,Standard,499,0,499,FALSE
U1396,2026-01,Standard,499,20,399.2,FALSE
U1396,2025-11,Standard,499,30,349.3,FALSE
U1397,2025-08,Standard,499,0,499,FALSE
U1397,2025-10,Standard,499,0,499,FALSE
U1397,2025-12,Standard,499,30,349.3,FALSE
U1397,2026-01,Basic,199,10,179.1,FALSE
U1397,2025-11,Standard,499,0,0,TRUE
U1397,2025-09,Standard,499,10,449.1,FALSE
U1398,2025-11,Basic,199,0,199,FALSE
U1398,2025-10,Basic,199,0,199,FALSE
U1398,2025-08,Standard,499,0,499,FALSE
U1398,2026-01,Basic,199,0,199,FALSE
U1398,2025-09,Standard,499,0,499,FALSE
U1398,2025-12,Basic,199,0,199,FALSE
U1399,2025-09,Standard,499,0,499,FALSE
U1399,2026-01,Basic,199,30,139.3,FALSE
U1399,2025-12,Basic,199,0,199,FALSE
U1399,2025-08,Standard,499,0,499,FALSE
U1399,2025-10,Standard,499,10,449.1,FALSE
U1399,2025-11,Standard,499,0,499,FALSE
U1400,2025-09,Standard,499,0,499,FALSE
U1400,2025-10,Standard,499,0,499,FALSE
U1400,2025-08,Standard,499,0,499,FALSE
U1400,2025-12,Standard,499,20,399.2,FALSE
U1400,2025-11,Standard,499,10,449.1,FALSE
U1401,2025-11,Premium,999,0,0,TRUE
U1401,2025-12,Premium,999,0,999,FALSE
U1401,2025-08,Premium,999,0,999,FALSE
U1401,2025-09,Premium,999,20,799.2,FALSE
U1402,2026-01,Standard,499,20,399.2,FALSE
U1402,2025-09,Standard,499,0,499,FALSE
U1402,2025-12,Standard,499,0,0,FALSE
U1402,2025-10,Standard,499,0,499,FALSE
U1402,2025-08,Standard,499,0,499,FALSE
U1402,2025-11,Standard,499,0,499,FALSE
U1403,2025-11,Basic,199,0,199,FALSE
U1403,2025-10,Basic,199,0,199,FALSE
U1403,2025-09,Basic,199,0,199,FALSE
U1403,2025-12,Basic,199,0,199,FALSE
U1403,2026-01,Basic,199,0,199,FALSE
U1403,2025-08,Basic,199,0,199,FALSE
U1404,2025-11,Basic,199,0,199,FALSE
U1404,2025-12,Basic,199,0,199,FALSE
U1404,2025-08,Basic,199,0,199,FALSE
U1404,2025-09,Basic,199,0,199,FALSE
U1404,2025-10,Basic,199,0,199,FALSE
U1404,2026-01,Basic,199,0,199,FALSE
U1405,2025-11,Premium,999,0,999,FALSE
U1405,2025-08,Premium,999,0,999,FALSE
U1405,2025-09,Premium,999,0,999,FALSE
U1405,2025-10,Premium,999,0,0,TRUE
U1405,2026-01,Standard,499,20,399.2,FALSE
U1405,2025-12,Standard,499,20,399.2,FALSE
U1406,2025-09,Premium,999,0,0,TRUE
U1406,2025-11,Standard,499,0,0,TRUE
U1406,2025-12,Standard,499,10,449.1,FALSE
U1406,2025-08,Premium,999,0,999,FALSE
U1406,2026-01,Standard,499,0,499,FALSE
U1406,2025-10,Standard,499,20,399.2,FALSE
U1407,2025-11,Standard,499,0,499,FALSE
U1407,2025-09,Standard,499,30,349.3,FALSE
U1407,2025-10,Standard,499,0,499,FALSE
U1407,2025-12,Standard,499,20,399.2,FALSE
U1407,2026-01,Standard,499,0,499,FALSE
U1407,2025-08,Standard,499,0,499,FALSE
U1408,2025-09,Standard,499,0,499,FALSE
U1408,2025-10,Standard,499,0,499,FALSE
U1408,2025-12,Standard,499,30,349.3,FALSE
U1408,2025-08,Standard,499,0,0,TRUE
U1408,2026-01,Standard,499,0,499,FALSE
U1408,2025-11,Standard,499,0,499,FALSE
U1409,2025-10,Standard,499,0,499,FALSE
U1409,2025-09,Standard,499,0,499,FALSE
U1409,2025-12,Basic,199,20,159.2,FALSE
U1409,2026-01,Basic,199,0,199,FALSE
U1409,2025-08,Standard,499,0,499,FALSE
U1410,2025-08,Basic,199,30,139.3,FALSE
U1410,2025-12,Basic,199,0,199,FALSE
U1410,2025-11,Basic,199,0,199,FALSE
U1410,2025-10,Basic,199,0,199,FALSE
U1410,2026-01,Basic,199,20,0,TRUE
U1411,2025-08,Basic,199,0,199,FALSE
U1411,2025-10,Basic,199,0,199,FALSE
U1411,2026-01,Basic,199,0,199,FALSE
U1411,2025-12,Basic,199,20,159.2,FALSE
U1411,2025-09,Basic,199,20,159.2,FALSE
U1411,2025-11,Basic,199,0,199,FALSE
U1412,2025-09,Standard,499,0,499,FALSE
U1412,2025-12,Standard,499,0,499,FALSE
U1412,2025-11,Standard,499,0,499,FALSE
U1412,2025-10,Standard,499,0,499,FALSE
U1412,2025-08,Standard,499,0,499,FALSE
U1412,2026-01,Standard,499,0,499,FALSE
U1413,2025-08,Premium,999,0,999,FALSE
U1413,2025-10,Premium,999,0,999,FALSE
U1413,2026-01,Premium,999,0,999,FALSE
U1413,2025-09,Premium,999,0,999,FALSE
U1413,2025-11,Premium,999,10,899.1,FALSE
U1413,2025-12,Premium,999,0,999,FALSE
U1414,2025-11,Premium,999,0,999,FALSE
U1414,2025-08,Premium,999,0,999,FALSE
U1414,2025-10,Premium,999,0,999,FALSE
U1414,2026-01,Premium,999,0,999,FALSE
U1414,2025-12,Premium,999,30,699.3,FALSE
U1414,2025-09,Premium,999,0,999,FALSE
U1415,2025-11,Premium,999,0,0,FALSE
U1415,2025-12,Premium,999,0,999,FALSE
U1415,2025-10,Premium,999,0,999,FALSE
U1415,2026-01,Premium,999,20,799.2,FALSE
U1415,2025-08,Premium,999,0,999,FALSE
U1415,2025-09,Premium,999,0,999,FALSE
U1416,2025-10,Premium,999,30,699.3,FALSE
U1416,2025-12,Premium,999,0,999,FALSE
U1416,2025-09,Premium,999,0,999,FALSE
U1416,2025-11,Premium,999,0,999,FALSE
U1416,2025-08,Premium,999,0,999,FALSE
U1416,2026-01,Premium,999,0,999,FALSE
U1417,2025-12,Basic,199,0,199,FALSE
U1417,2025-08,Standard,499,0,499,FALSE
U1417,2025-11,Basic,199,0,0,TRUE
U1417,2025-10,Standard,499,0,499,FALSE
U1417,2026-01,Basic,199,20,159.2,FALSE
U1417,2025-09,Standard,499,20,399.2,FALSE
U1418,2025-09,Basic,199,0,199,FALSE
U1418,2025-11,Basic,199,0,199,FALSE
U1418,2025-08,Basic,199,0,199,FALSE
U1418,2025-10,Basic,199,0,199,FALSE
U1418,2026-01,Basic,199,0,199,FALSE
U1419,2025-09,Premium,999,0,999,FALSE
U1419,2025-11,Premium,999,0,699.3,FALSE
U1419,2025-10,Premium,999,0,999,FALSE
U1419,2026-01,Premium,999,0,0,TRUE
U1419,2025-08,Premium,999,0,999,FALSE
U1419,2025-12,Premium,999,10,899.1,FALSE
U1420,2025-11,Standard,499,20,0,TRUE
U1420,2025-12,Standard,499,0,499,FALSE
U1420,2025-08,Standard,499,0,499,FALSE
U1420,2026-01,Standard,499,0,499,FALSE
U1420,2025-09,Standard,499,0,499,FALSE
U1420,2025-10,Standard,499,10,449.1,FALSE
U1421,2025-08,Standard,499,0,499,FALSE
U1421,2025-10,Standard,499,0,499,FALSE
U1421,2025-09,Standard,499,0,499,FALSE
U1421,2026-01,Standard,499,0,499,FALSE
U1421,2025-11,Standard,499,0,499,FALSE
U1422,2025-10,Premium,999,0,999,FALSE
U1422,2025-09,Premium,999,0,999,FALSE
U1422,2026-01,Premium,999,20,799.2,FALSE
U1422,2025-11,Premium,999,0,999,FALSE
U1422,2025-08,Premium,999,0,999,FALSE
U1422,2025-12,Premium,999,0,0,TRUE
U1423,2025-09,Standard,499,10,449.1,FALSE
U1423,2025-08,Standard,499,0,499,FALSE
U1423,2025-11,Standard,499,10,449.1,FALSE
U1423,2025-12,Basic,199,0,199,FALSE
U1423,2026-01,Basic,199,0,199,FALSE
U1424,2025-12,Standard,499,0,499,FALSE
U1424,2025-09,Standard,499,0,499,FALSE
U1424,2026-01,Standard,499,0,499,FALSE
U1424,2025-10,Standard,499,30,349.3,FALSE
U1424,2025-11,Standard,499,0,0,TRUE
U1424,2025-08,Standard,499,0,499,FALSE
U1425,2025-11,Premium,999,10,899.1,FALSE
U1425,2025-09,Premium,999,0,999,FALSE
U1425,2025-10,Premium,999,0,999,FALSE
U1425,2025-12,Premium,999,0,999,FALSE
U1425,2025-08,Premium,999,0,999,FALSE
U1425,2026-01,Premium,999,30,699.3,FALSE
U1426,2025-09,Standard,499,0,499,FALSE
U1426,2025-10,Standard,499,0,499,FALSE
U1426,2025-08,Standard,499,0,499,FALSE
U1426,2025-11,Standard,499,0,499,FALSE
U1426,2025-12,Basic,199,0,199,FALSE
U1427,2026-01,Premium,999,0,999,FALSE
U1427,2025-09,Premium,999,0,999,FALSE
U1427,2025-08,Premium,999,0,999,FALSE
U1427,2025-10,Premium,999,0,999,FALSE
U1427,2025-12,Premium,999,0,999,FALSE
U1427,2025-11,Premium,999,0,999,FALSE
U1428,2026-01,Basic,199,0,199,FALSE
U1428,2025-08,Basic,199,0,199,FALSE
U1428,2025-11,Basic,199,0,199,FALSE
U1428,2025-12,Basic,199,0,199,FALSE
U1428,2025-10,Basic,199,0,199,FALSE
U1429,2025-09,Basic,199,0,199,FALSE
U1429,2025-12,Basic,199,0,199,FALSE
U1429,2025-08,Basic,199,0,199,FALSE
U1429,2025-11,Basic,199,10,179.1,FALSE
U1429,2026-01,Basic,199,0,199,FALSE
U1430,2025-09,Premium,999,0,999,FALSE
U1430,2026-01,Premium,999,0,999,FALSE
U1430,2025-08,Premium,999,0,999,FALSE
U1430,2025-12,Premium,999,0,999,FALSE
U1430,2025-10,Premium,999,0,999,FALSE
U1430,2025-11,Premium,999,0,999,FALSE
U1431,2025-10,Standard,499,10,449.1,FALSE
U1431,2025-11,Standard,499,0,499,FALSE
U1431,2025-08,Standard,499,0,499,FALSE
U1431,2026-01,Standard,499,0,499,FALSE
U1431,2025-12,Standard,499,30,349.3,FALSE
U1431,2025-09,Standard,499,0,499,FALSE
U1432,2025-10,Premium,999,0,999,FALSE
U1432,2025-11,Premium,999,0,999,FALSE
U1432,2025-12,Premium,999,0,999,FALSE
U1432,2025-08,Premium,999,10,899.1,FALSE
U1432,2025-09,Premium,999,0,999,FALSE
U1432,2026-01,Premium,999,0,999,FALSE
U1433,2025-12,Basic,199,0,199,FALSE
U1433,2025-10,Basic,199,0,199,FALSE
U1433,2026-01,Basic,199,0,199,FALSE
U1433,2025-08,Basic,199,10,179.1,FALSE
U1433,2025-09,Basic,199,0,199,FALSE
U1434,2025-11,Basic,199,0,199,FALSE
U1434,2025-08,Standard,499,0,499,FALSE
U1434,2026-01,Basic,199,0,199,FALSE
U1434,2025-10,Basic,199,30,139.3,FALSE
U1434,2025-09,Standard,499,30,349.3,FALSE
U1435,2025-11,Premium,999,0,999,FALSE
U1435,2025-10,Premium,999,0,999,FALSE
U1435,2025-09,Premium,999,0,999,FALSE
U1435,2026-01,Premium,999,0,0,TRUE
U1435,2025-08,Premium,999,0,999,FALSE
U1435,2025-12,Premium,999,0,999,FALSE
U1436,2025-12,Premium,999,30,699.3,FALSE
U1436,2025-08,Premium,999,10,899.1,FALSE
U1436,2025-09,Premium,999,0,999,FALSE
U1436,2026-01,Premium,999,0,999,FALSE
U1436,2025-11,Premium,999,0,999,FALSE
U1436,2025-10,Premium,999,0,999,FALSE
U1437,2026-01,Basic,199,0,199,FALSE
U1437,2025-08,Basic,199,0,199,FALSE
U1437,2025-12,Basic,199,10,179.1,FALSE
U1437,2025-11,Basic,199,0,199,FALSE
U1437,2025-10,Basic,199,0,199,FALSE
U1438,2025-11,Standard,499,0,499,FALSE
U1438,2025-12,Standard,499,0,499,FALSE
U1438,2025-09,Standard,499,0,499,FALSE
U1438,2026-01,Standard,499,0,499,FALSE
U1438,2025-08,Standard,499,0,499,FALSE
U1439,2025-09,Basic,199,10,179.1,FALSE
U1439,2025-11,Basic,199,30,139.3,FALSE
U1439,2025-12,Basic,199,30,0,FALSE
U1439,2026-01,Basic,199,0,199,FALSE
U1439,2025-10,Basic,199,0,199,FALSE
U1439,2025-08,Basic,199,30,139.3,FALSE
U1440,2025-11,Standard,499,0,499,FALSE
U1440,2025-09,Standard,499,0,499,FALSE
U1440,2025-12,Standard,499,20,399.2,FALSE
U1440,2026-01,Standard,499,0,499,FALSE
U1440,2025-08,Standard,499,0,499,FALSE
U1441,2025-08,Basic,199,0,199,FALSE
U1441,2025-11,Basic,199,30,139.3,FALSE
U1441,2025-09,Basic,199,0,199,FALSE
U1441,2025-10,Basic,199,30,139.3,FALSE
U1441,2026-01,Basic,199,20,159.2,FALSE
U1441,2025-12,Basic,199,0,199,FALSE
U1442,2025-12,Basic,199,0,199,FALSE
U1442,2026-01,Basic,199,30,139.3,FALSE
U1442,2025-09,Standard,499,0,499,FALSE
U1442,2025-11,Basic,199,0,199,FALSE
U1443,2025-12,Basic,199,0,0,TRUE
U1443,2025-10,Basic,199,30,139.3,FALSE
U1443,2025-08,Basic,199,0,199,FALSE
U1443,2026-01,Basic,199,0,199,FALSE
U1443,2025-11,Basic,199,0,199,FALSE
U1443,2025-09,Basic,199,0,199,FALSE
U1444,2025-09,Basic,199,0,199,FALSE
U1444,2025-12,Basic,199,20,159.2,FALSE
U1444,2025-08,Basic,199,0,199,FALSE
U1444,2025-10,Basic,199,30,139.3,FALSE
U1444,2026-01,Basic,199,0,199,FALSE
U1444,2025-11,Basic,199,0,199,FALSE
U1445,2025-11,Standard,499,0,499,FALSE
U1445,2025-10,Standard,499,0,499,FALSE
U1445,2025-08,Standard,499,0,499,FALSE
U1445,2025-12,Standard,499,0,499,FALSE
U1445,2026-01,Standard,499,10,449.1,FALSE
U1445,2025-09,Standard,499,0,499,FALSE
U1446,2026-01,Basic,199,10,179.1,FALSE
U1446,2025-09,Basic,199,20,159.2,FALSE
U1446,2025-08,Basic,199,0,199,FALSE
U1446,2025-12,Basic,199,0,199,FALSE
U1446,2025-10,Basic,199,0,199,FALSE
U1446,2025-11,Basic,199,0,199,FALSE
U1447,2025-10,Standard,499,0,499,FALSE
U1447,2025-09,Standard,499,0,499,FALSE
U1447,2025-11,Standard,499,0,499,FALSE
U1447,2026-01,Standard,499,20,399.2,FALSE
U1447,2025-12,Standard,499,10,449.1,FALSE
U1447,2025-08,Standard,499,0,499,FALSE
U1448,2025-08,Basic,199,0,199,FALSE
U1448,2025-12,Basic,199,0,0,TRUE
U1448,2025-09,Basic,199,0,199,FALSE
U1448,2025-11,Basic,199,0,199,FALSE
U1448,2025-10,Basic,199,10,179.1,FALSE
U1449,2026-01,Basic,199,0,199,FALSE
U1449,2025-09,Standard,499,0,499,FALSE
U1449,2025-08,Standard,499,0,499,FALSE
U1449,2025-11,Basic,199,20,159.2,FALSE
U1450,2025-10,Basic,199,0,199,FALSE
U1450,2026-01,Basic,199,0,199,FALSE
U1450,2025-12,Basic,199,0,199,FALSE
U1450,2025-11,Basic,199,20,159.2,FALSE
U1450,2025-08,Basic,199,0,199,FALSE
U1450,2025-09,Basic,199,0,199,FALSE
U1451,2025-10,Basic,199,0,199,FALSE
U1451,2026-01,Basic,199,0,199,FALSE
U1451,2025-11,Basic,199,0,199,FALSE
U1451,2025-12,Basic,199,20,159.2,FALSE
U1451,2025-09,Basic,199,0,199,FALSE
U1451,2025-08,Basic,199,20,159.2,FALSE
U1452,2025-09,Standard,499,0,499,FALSE
U1452,2025-10,Standard,499,0,499,FALSE
U1452,2025-11,Standard,499,10,449.1,FALSE
U1452,2026-01,Standard,499,0,499,FALSE
U1453,2026-01,Basic,199,0,199,FALSE
U1453,2025-09,Premium,999,0,999,FALSE
U1453,2025-10,Standard,499,0,499,FALSE
U1453,2025-08,Premium,999,0,999,FALSE
U1454,2025-08,Premium,999,0,999,FALSE
U1454,2026-01,Standard,499,0,499,FALSE
U1454,2025-10,Premium,999,0,999,FALSE
U1454,2025-11,Premium,999,30,699.3,FALSE
U1454,2025-09,Premium,999,0,999,FALSE
U1454,2025-12,Standard,499,0,499,FALSE
U1455,2025-11,Standard,499,20,0,TRUE
U1455,2025-09,Standard,499,0,499,FALSE
U1455,2025-12,Standard,499,0,0,TRUE
U1455,2025-10,Standard,499,0,499,FALSE
U1455,2026-01,Standard,499,20,399.2,FALSE
U1455,2025-08,Standard,499,10,449.1,FALSE
U1456,2026-01,Basic,199,0,199,FALSE
U1456,2025-10,Basic,199,0,199,FALSE
U1456,2025-09,Basic,199,0,199,FALSE
U1456,2025-12,Basic,199,20,159.2,FALSE
U1456,2025-11,Basic,199,0,199,FALSE
U1456,2025-08,Basic,199,0,199,FALSE
U1457,2025-10,Standard,499,0,499,FALSE
U1457,2025-08,Standard,499,0,499,FALSE
U1457,2025-12,Standard,499,0,499,FALSE
U1457,2025-11,Standard,499,10,449.1,FALSE
U1457,2025-09,Standard,499,0,499,FALSE
U1457,2026-01,Standard,499,0,499,FALSE
U1458,2025-10,Basic,199,0,199,FALSE
U1458,2025-12,Basic,199,20,159.2,FALSE
U1458,2025-11,Basic,199,0,199,FALSE
U1458,2025-09,Basic,199,0,199,FALSE
U1458,2026-01,Basic,199,30,139.3,FALSE
U1458,2025-08,Standard,499,0,499,FALSE
U1459,2025-10,Premium,999,0,999,FALSE
U1459,2025-08,Premium,999,0,999,FALSE
U1459,2025-11,Premium,999,0,999,FALSE
U1459,2025-12,Standard,499,0,499,FALSE
U1459,2026-01,Standard,499,0,499,FALSE
U1460,2025-10,Premium,999,10,899.1,FALSE
U1460,2026-01,Standard,499,0,499,FALSE
U1460,2025-11,Premium,999,20,0,TRUE
U1460,2025-12,Premium,999,20,799.2,FALSE
U1460,2025-09,Premium,999,20,799.2,FALSE
U1460,2025-08,Premium,999,0,999,FALSE
U1461,2025-11,Premium,999,20,799.2,FALSE
U1461,2025-12,Premium,999,0,999,FALSE
U1461,2026-01,Premium,999,0,999,FALSE
U1461,2025-10,Premium,999,0,999,FALSE
U1461,2025-09,Premium,999,0,999,FALSE
U1462,2025-08,Premium,999,0,999,FALSE
U1462,2025-09,Premium,999,0,999,FALSE
U1462,2025-12,Premium,999,0,999,FALSE
U1462,2025-10,Premium,999,0,999,FALSE
U1462,2025-11,Premium,999,0,999,FALSE
U1462,2026-01,Premium,999,0,999,FALSE
U1463,2026-01,Standard,499,0,499,FALSE
U1463,2025-09,Standard,499,0,499,FALSE
U1463,2025-11,Standard,499,0,499,FALSE
U1463,2025-08,Standard,499,0,499,FALSE
U1463,2025-12,Standard,499,0,499,FALSE
U1463,2025-10,Standard,499,0,499,FALSE
U1464,2025-12,Basic,199,0,199,FALSE
U1464,2026-01,Basic,199,0,199,FALSE
U1464,2025-09,Basic,199,10,179.1,FALSE
U1464,2025-11,Basic,199,0,199,FALSE
U1464,2025-08,Basic,199,0,199,FALSE
U1464,2025-10,Basic,199,20,159.2,FALSE
U1465,2025-09,Premium,999,0,999,FALSE
U1465,2026-01,Premium,999,0,999,FALSE
U1465,2025-10,Premium,999,0,999,FALSE
U1465,2025-12,Premium,999,0,999,FALSE
U1465,2025-11,Premium,999,0,999,FALSE
U1465,2025-08,Premium,999,0,999,FALSE
U1466,2025-10,Premium,999,20,799.2,FALSE
U1466,2025-09,Premium,999,0,999,FALSE
U1466,2026-01,Premium,999,0,999,FALSE
U1466,2025-12,Premium,999,0,999,FALSE
U1466,2025-11,Premium,999,0,999,FALSE
U1466,2025-08,Premium,999,0,999,FALSE
U1467,2025-09,Standard,499,0,499,FALSE
U1467,2026-01,Basic,199,0,199,FALSE
U1467,2025-12,Standard,499,0,499,FALSE
U1467,2025-08,Standard,499,0,499,FALSE
U1467,2025-10,Standard,499,0,499,FALSE
U1467,2025-11,Standard,499,20,399.2,FALSE
U1468,2025-11,Basic,199,30,139.3,FALSE
U1468,2026-01,Basic,199,20,159.2,FALSE
U1468,2025-08,Basic,199,0,199,FALSE
U1468,2025-09,Basic,199,0,199,FALSE
U1468,2025-10,Basic,199,20,159.2,FALSE
U1469,2025-10,Premium,999,0,999,FALSE
U1469,2025-09,Premium,999,0,999,FALSE
U1469,2026-01,Standard,499,0,499,FALSE
U1469,2025-12,Premium,999,0,999,FALSE
U1469,2025-11,Premium,999,0,999,FALSE
U1469,2025-08,Premium,999,0,999,FALSE
U1470,2026-01,Standard,499,0,499,FALSE
U1470,2025-09,Standard,499,0,499,FALSE
U1470,2025-08,Standard,499,0,499,FALSE
U1471,2026-01,Standard,499,0,499,FALSE
U1471,2025-11,Standard,499,0,499,FALSE
U1471,2025-12,Standard,499,30,349.3,FALSE
U1471,2025-10,Standard,499,0,0,TRUE
U1471,2025-09,Standard,499,30,349.3,FALSE
U1472,2025-10,Standard,499,0,499,FALSE
U1472,2025-11,Standard,499,20,399.2,FALSE
U1472,2026-01,Standard,499,0,499,FALSE
U1472,2025-08,Standard,499,0,499,FALSE
U1472,2025-12,Standard,499,0,499,FALSE
U1472,2025-09,Standard,499,0,499,FALSE
U1473,2025-12,Standard,499,0,499,FALSE
U1473,2025-10,Premium,999,0,999,FALSE
U1473,2025-08,Premium,999,0,999,FALSE
U1473,2026-01,Standard,499,30,349.3,FALSE
U1473,2025-11,Standard,499,0,499,FALSE
U1473,2025-09,Premium,999,0,999,FALSE
U1474,2025-12,Basic,199,0,199,FALSE
U1474,2026-01,Basic,199,0,199,FALSE
U1474,2025-11,Basic,199,20,159.2,FALSE
U1474,2025-09,Standard,499,0,499,FALSE
U1474,2025-10,Basic,199,0,139.3,FALSE
U1475,2025-12,Basic,199,30,139.3,FALSE
U1475,2025-09,Basic,199,0,199,FALSE
U1475,2025-08,Basic,199,0,199,FALSE
U1475,2026-01,Basic,199,0,199,FALSE
U1475,2025-11,Basic,199,0,199,FALSE
U1475,2025-10,Basic,199,0,199,FALSE
U1476,2025-08,Standard,499,0,499,FALSE
U1476,2025-09,Standard,499,0,499,FALSE
U1476,2025-10,Standard,499,0,499,FALSE
U1476,2025-11,Standard,499,0,499,FALSE
U1476,2025-12,Standard,499,0,499,FALSE
U1476,2026-01,Standard,499,0,499,FALSE
U1477,2025-09,Basic,199,0,199,FALSE
U1477,2025-08,Basic,199,0,199,FALSE
U1477,2026-01,Basic,199,0,199,FALSE
U1477,2025-11,Basic,199,0,199,FALSE
U1478,2026-01,Basic,199,10,179.1,FALSE
U1478,2025-12,Basic,199,0,199,FALSE
U1478,2025-08,Basic,199,0,199,FALSE
U1478,2025-10,Basic,199,0,199,FALSE
U1478,2025-09,Basic,199,0,199,FALSE
U1478,2025-11,Basic,199,20,159.2,FALSE
U1479,2025-12,Basic,199,10,179.1,FALSE
U1479,2025-10,Basic,199,0,199,FALSE
U1479,2025-09,Basic,199,0,199,FALSE
U1479,2025-11,Basic,199,0,199,FALSE
U1479,2025-08,Basic,199,0,199,FALSE
U1480,2025-08,Standard,499,0,499,FALSE
U1480,2025-12,Basic,199,0,199,FALSE
U1480,2025-09,Basic,199,0,199,FALSE
U1480,2025-10,Basic,199,0,199,FALSE
U1480,2025-11,Basic,199,0,199,FALSE
U1481,2025-12,Standard,499,0,499,FALSE
U1481,2025-10,Standard,499,0,0,TRUE
U1481,2026-01,Standard,499,0,499,FALSE
U1481,2025-09,Premium,999,0,999,FALSE
U1481,2025-11,Standard,499,0,499,FALSE
U1481,2025-08,Premium,999,20,799.2,FALSE
U1482,2025-09,Standard,499,0,499,FALSE
U1482,2025-08,Standard,499,0,499,FALSE
U1482,2026-01,Basic,199,10,179.1,FALSE
U1482,2025-11,Standard,499,0,499,FALSE
U1482,2025-10,Standard,499,0,499,FALSE
U1482,2025-12,Standard,499,0,499,FALSE
U1483,2026-01,Basic,199,30,139.3,FALSE
U1483,2025-10,Basic,199,0,199,FALSE
U1483,2025-08,Basic,199,0,199,FALSE
U1483,2025-09,Basic,199,0,0,TRUE
U1483,2025-12,Basic,199,30,139.3,FALSE
U1484,2025-08,Basic,199,0,199,FALSE
U1484,2025-11,Basic,199,0,199,FALSE
U1484,2025-09,Basic,199,0,199,FALSE
U1484,2025-10,Basic,199,0,199,FALSE
U1484,2026-01,Basic,199,0,199,FALSE
U1485,2025-11,Basic,199,0,199,FALSE
U1485,2025-10,Basic,199,0,199,FALSE
U1485,2025-09,Basic,199,0,199,FALSE
U1485,2026-01,Basic,199,0,199,FALSE
U1485,2025-12,Basic,199,20,159.2,FALSE
U1486,2025-11,Standard,499,0,499,FALSE
U1486,2025-08,Standard,499,0,0,TRUE
U1486,2025-09,Standard,499,0,499,FALSE
U1486,2025-12,Standard,499,0,499,FALSE
U1486,2026-01,Standard,499,0,499,FALSE
U1486,2025-10,Standard,499,0,499,FALSE
U1487,2025-08,Basic,199,0,199,FALSE
U1487,2025-09,Basic,199,0,199,FALSE
U1487,2025-10,Basic,199,0,199,FALSE
U1487,2025-11,Basic,199,0,199,FALSE
U1487,2026-01,Basic,199,0,199,FALSE
U1487,2025-12,Basic,199,0,199,FALSE
U1488,2025-11,Standard,499,20,399.2,FALSE
U1488,2026-01,Standard,499,0,499,FALSE
U1488,2025-09,Standard,499,0,499,FALSE
U1488,2025-12,Standard,499,0,499,FALSE
U1488,2025-10,Standard,499,0,499,FALSE
U1489,2025-11,Standard,499,0,499,FALSE
U1489,2025-12,Standard,499,0,499,FALSE
U1489,2025-10,Standard,499,0,499,FALSE
U1489,2026-01,Basic,199,0,139.3,FALSE
U1489,2025-08,Standard,499,0,499,FALSE
U1489,2025-09,Standard,499,10,449.1,FALSE
U1490,2025-12,Standard,499,0,499,FALSE
U1490,2026-01,Standard,499,0,499,FALSE
U1490,2025-10,Premium,999,0,999,FALSE
U1490,2025-08,Premium,999,0,999,FALSE
U1490,2025-09,Premium,999,0,999,FALSE
U1490,2025-11,Standard,499,0,0,TRUE
U1491,2025-09,Premium,999,0,0,TRUE
U1491,2025-12,Premium,999,30,699.3,FALSE
U1491,2025-10,Premium,999,0,999,FALSE
U1491,2025-08,Premium,999,0,999,FALSE
U1491,2025-11,Premium,999,30,699.3,FALSE
U1491,2026-01,Premium,999,0,999,FALSE
U1492,2025-09,Standard,499,0,499,FALSE
U1492,2026-01,Basic,199,0,199,FALSE
U1492,2025-08,Standard,499,10,449.1,FALSE
U1492,2025-10,Standard,499,0,499,FALSE
U1492,2025-11,Standard,499,0,499,FALSE
U1492,2025-12,Standard,499,0,499,FALSE
U1493,2025-12,Premium,999,0,999,FALSE
U1493,2025-10,Premium,999,0,999,FALSE
U1493,2026-01,Premium,999,0,0,FALSE
U1493,2025-11,Premium,999,10,899.1,FALSE
U1493,2025-08,Premium,999,10,899.1,FALSE
U1493,2025-09,Premium,999,0,999,FALSE
U1494,2025-09,Standard,499,0,0,TRUE
U1494,2025-11,Standard,499,0,499,FALSE
U1494,2026-01,Standard,499,0,0,TRUE
U1494,2025-10,Standard,499,0,499,FALSE
U1494,2025-08,Standard,499,0,499,FALSE
U1495,2025-08,Standard,499,0,499,FALSE
U1495,2025-10,Standard,499,0,499,FALSE
U1495,2025-11,Standard,499,0,499,FALSE
U1495,2026-01,Standard,499,0,499,FALSE
U1495,2025-09,Standard,499,0,499,FALSE
U1495,2025-12,Standard,499,0,499,FALSE
U1496,2025-12,Basic,199,0,199,FALSE
U1496,2025-08,Standard,499,20,399.2,FALSE
U1496,2026-01,Basic,199,0,199,FALSE
U1496,2025-10,Standard,499,0,499,FALSE
U1496,2025-09,Standard,499,0,499,FALSE
U1496,2025-11,Standard,499,0,499,FALSE
U1497,2025-08,Premium,999,0,999,FALSE
U1497,2025-11,Premium,999,0,0,FALSE
U1497,2025-09,Premium,999,0,999,FALSE
U1497,2026-01,Premium,999,0,999,FALSE
U1497,2025-10,Premium,999,0,999,FALSE
U1497,2025-12,Premium,999,0,999,FALSE
U1498,2025-11,Standard,499,0,499,FALSE
U1498,2025-12,Standard,499,0,499,FALSE
U1498,2025-10,Standard,499,10,449.1,FALSE
U1498,2025-09,Standard,499,0,499,FALSE
U1498,2025-08,Standard,499,0,499,FALSE
U1498,2026-01,Standard,499,0,499,FALSE
U1499,2025-09,Premium,999,0,999,FALSE
U1499,2025-10,Premium,999,0,999,FALSE
U1499,2025-11,Premium,999,0,999,FALSE
U1499,2025-08,Premium,999,30,699.3,FALSE
U1499,2026-01,Premium,999,0,999,FALSE
U1499,2025-12,Premium,999,0,999,FALSE
U1500,2025-12,Standard,499,0,0,TRUE
U1500,2025-11,Standard,499,0,499,FALSE
U1500,2025-08,Standard,499,0,449.1,FALSE
U1500,2025-09,Standard,499,0,499,FALSE
U1500,2026-01,Standard,499,0,499,FALSE
U1500,2025-10,Standard,499,0,499,FALSE
U1501,2025-09,Premium,999,0,999,FALSE
U1501,2025-08,Premium,999,0,999,FALSE
U1501,2026-01,Premium,999,0,999,FALSE
U1501,2025-12,Premium,999,0,999,FALSE
U1501,2025-10,Premium,999,0,999,FALSE
U1501,2025-11,Premium,999,0,999,FALSE
U1502,2025-10,Standard,499,0,499,FALSE
U1502,2025-12,Standard,499,30,349.3,FALSE
U1502,2025-09,Standard,499,0,499,FALSE
U1502,2025-08,Standard,499,10,449.1,FALSE
U1503,2025-12,Standard,499,0,499,FALSE
U1503,2025-08,Standard,499,0,499,FALSE
U1503,2026-01,Standard,499,0,499,FALSE
U1503,2025-09,Standard,499,0,499,FALSE
U1503,2025-11,Standard,499,0,499,FALSE
U1503,2025-10,Standard,499,0,499,FALSE
U1504,2026-01,Premium,999,10,0,TRUE
U1504,2025-08,Premium,999,0,999,FALSE
U1504,2025-12,Premium,999,10,899.1,FALSE
U1504,2025-11,Premium,999,0,0,TRUE
U1504,2025-10,Premium,999,20,799.2,FALSE
U1504,2025-09,Premium,999,10,899.1,FALSE
U1505,2025-10,Standard,499,0,499,FALSE
U1505,2025-11,Standard,499,20,399.2,FALSE
U1505,2026-01,Basic,199,0,0,TRUE
U1505,2025-09,Standard,499,0,499,FALSE
U1505,2025-08,Standard,499,0,499,FALSE
U1506,2025-09,Premium,999,0,999,FALSE
U1506,2026-01,Premium,999,0,999,FALSE
U1506,2025-08,Premium,999,0,999,FALSE
U1506,2025-12,Premium,999,0,999,FALSE
U1506,2025-11,Premium,999,0,999,FALSE
U1507,2025-08,Standard,499,0,499,FALSE
U1507,2025-11,Standard,499,0,499,FALSE
U1507,2025-09,Standard,499,0,499,FALSE
U1507,2025-10,Standard,499,0,499,FALSE
U1507,2025-12,Basic,199,0,199,FALSE
U1507,2026-01,Basic,199,0,199,FALSE
U1508,2025-08,Premium,999,0,999,FALSE
U1508,2026-01,Premium,999,0,0,TRUE
U1508,2025-10,Premium,999,0,999,FALSE
U1508,2025-12,Premium,999,0,999,FALSE
U1508,2025-11,Premium,999,0,999,FALSE
U1509,2025-10,Standard,499,0,499,FALSE
U1509,2025-08,Standard,499,30,349.3,FALSE
U1509,2025-09,Standard,499,0,499,FALSE
U1509,2026-01,Standard,499,0,499,FALSE
U1509,2025-12,Standard,499,0,499,FALSE
U1510,2025-09,Premium,999,0,999,FALSE
U1510,2026-01,Standard,499,0,499,FALSE
U1510,2025-11,Standard,499,20,399.2,FALSE
U1510,2025-10,Premium,999,0,999,FALSE
U1510,2025-12,Standard,499,0,499,FALSE
U1511,2025-08,Standard,499,0,499,FALSE
U1511,2025-10,Standard,499,20,399.2,FALSE
U1511,2025-11,Standard,499,0,499,FALSE
U1511,2025-09,Standard,499,0,499,FALSE
U1511,2025-12,Standard,499,0,499,FALSE
U1511,2026-01,Standard,499,0,499,FALSE
U1512,2026-01,Basic,199,20,159.2,FALSE
U1512,2025-08,Basic,199,0,199,FALSE
U1512,2025-11,Basic,199,0,199,FALSE
U1512,2025-09,Basic,199,0,199,FALSE
U1512,2025-12,Basic,199,0,199,FALSE
U1512,2025-10,Basic,199,0,199,FALSE
U1513,2025-11,Basic,199,10,179.1,FALSE
U1513,2025-10,Basic,199,0,199,FALSE
U1513,2025-08,Standard,499,0,499,FALSE
U1513,2025-09,Standard,499,0,499,FALSE
U1514,2025-11,Basic,199,20,159.2,FALSE
U1514,2025-10,Basic,199,0,199,FALSE
U1514,2025-09,Basic,199,0,199,FALSE
U1514,2026-01,Basic,199,0,199,FALSE
U1514,2025-08,Basic,199,0,199,FALSE
U1514,2025-12,Basic,199,0,199,FALSE
U1515,2025-12,Basic,199,0,199,FALSE
U1515,2025-11,Basic,199,0,199,FALSE
U1515,2026-01,Basic,199,0,199,FALSE
U1515,2025-08,Basic,199,0,199,FALSE
U1515,2025-09,Basic,199,20,159.2,FALSE
U1515,2025-10,Basic,199,0,199,FALSE
U1516,2025-08,Premium,999,0,999,FALSE
U1516,2025-09,Premium,999,0,999,FALSE
U1516,2026-01,Basic,199,20,159.2,FALSE
U1516,2025-10,Standard,499,0,499,FALSE
U1516,2025-11,Standard,499,0,499,FALSE
U1517,2025-09,Standard,499,0,0,TRUE
U1517,2025-11,Standard,499,0,499,FALSE
U1517,2025-08,Premium,999,0,999,FALSE
U1517,2025-10,Standard,499,0,499,FALSE
U1517,2025-12,Standard,499,20,399.2,FALSE
U1517,2026-01,Standard,499,0,499,FALSE
U1518,2025-08,Premium,999,0,999,FALSE
U1518,2025-11,Premium,999,0,0,TRUE
U1518,2025-09,Premium,999,0,999,FALSE
U1518,2026-01,Premium,999,10,899.1,FALSE
U1518,2025-10,Premium,999,0,999,FALSE
U1518,2025-12,Premium,999,0,999,FALSE
U1519,2025-12,Basic,199,0,199,FALSE
U1519,2026-01,Basic,199,0,199,FALSE
U1519,2025-10,Standard,499,0,499,FALSE
U1519,2025-09,Standard,499,20,399.2,FALSE
U1519,2025-11,Basic,199,0,199,FALSE
U1520,2025-09,Basic,199,0,199,FALSE
U1520,2025-12,Basic,199,30,139.3,FALSE
U1520,2026-01,Basic,199,0,199,FALSE
U1520,2025-11,Basic,199,0,199,FALSE
U1520,2025-10,Basic,199,0,199,FALSE
U1520,2025-08,Basic,199,0,199,FALSE
U1521,2025-08,Standard,499,0,499,FALSE
U1521,2026-01,Standard,499,0,499,FALSE
U1521,2025-09,Standard,499,30,349.3,FALSE
U1521,2025-10,Standard,499,0,499,FALSE
U1521,2025-12,Standard,499,0,499,FALSE
U1522,2025-11,Standard,499,0,499,FALSE
U1522,2025-09,Standard,499,0,499,FALSE
U1522,2025-12,Standard,499,0,499,FALSE
U1522,2025-08,Standard,499,0,499,FALSE
U1522,2025-10,Standard,499,0,499,FALSE
U1522,2026-01,Standard,499,0,499,FALSE
U1523,2025-10,Basic,199,0,199,FALSE
U1523,2025-12,Basic,199,10,0,TRUE
U1523,2026-01,Basic,199,0,199,FALSE
U1523,2025-08,Basic,199,0,199,FALSE
U1523,2025-09,Basic,199,0,199,FALSE
U1523,2025-11,Basic,199,0,199,FALSE
U1524,2025-12,Standard,499,30,349.3,FALSE
U1524,2025-08,Standard,499,0,499,FALSE
U1524,2025-11,Standard,499,0,499,FALSE
U1524,2025-09,Standard,499,0,499,FALSE
U1524,2025-10,Standard,499,0,499,FALSE
U1524,2026-01,Standard,499,0,499,FALSE
U1525,2025-09,Basic,199,0,199,FALSE
U1525,2025-08,Basic,199,0,199,FALSE
U1525,2025-11,Basic,199,0,0,TRUE
U1525,2026-01,Basic,199,0,199,FALSE
U1525,2025-12,Basic,199,10,179.1,FALSE
U1525,2025-10,Basic,199,0,199,FALSE
U1526,2025-08,Basic,199,0,199,FALSE
U1526,2025-11,Basic,199,0,199,FALSE
U1526,2026-01,Basic,199,0,199,FALSE
U1526,2025-12,Basic,199,30,139.3,FALSE
U1526,2025-10,Basic,199,0,199,FALSE
U1526,2025-09,Basic,199,0,0,TRUE
U1527,2025-10,Premium,999,0,999,FALSE
U1527,2025-11,Premium,999,30,0,TRUE
U1527,2026-01,Premium,999,0,999,FALSE
U1527,2025-12,Premium,999,0,0,TRUE
U1527,2025-09,Premium,999,0,999,FALSE
U1527,2025-08,Premium,999,0,999,FALSE
U1528,2025-12,Premium,999,0,0,TRUE
U1528,2025-08,Premium,999,0,999,FALSE
U1528,2026-01,Premium,999,0,999,FALSE
U1528,2025-09,Premium,999,0,999,FALSE
U1528,2025-10,Premium,999,0,999,FALSE
U1528,2025-11,Premium,999,0,999,FALSE
U1529,2025-08,Premium,999,0,999,FALSE
U1529,2026-01,Standard,499,30,349.3,FALSE
U1529,2025-09,Premium,999,0,999,FALSE
U1529,2025-12,Standard,499,30,349.3,FALSE
U1529,2025-10,Premium,999,10,899.1,FALSE
U1530,2025-12,Premium,999,0,999,FALSE
U1530,2025-10,Premium,999,0,999,FALSE
U1530,2025-11,Premium,999,0,0,TRUE
U1530,2025-08,Premium,999,0,999,FALSE
U1530,2025-09,Premium,999,30,699.3,FALSE
U1530,2026-01,Premium,999,0,999,FALSE
U1531,2025-09,Standard,499,20,399.2,FALSE
U1531,2025-08,Standard,499,0,499,FALSE
U1531,2025-11,Standard,499,0,499,FALSE
U1531,2026-01,Basic,199,0,199,FALSE
U1531,2025-12,Basic,199,0,199,FALSE
U1531,2025-10,Standard,499,0,499,FALSE
U1532,2025-11,Standard,499,0,499,FALSE
U1532,2025-09,Standard,499,0,499,FALSE
U1532,2025-08,Standard,499,20,399.2,FALSE
U1532,2025-12,Standard,499,0,499,FALSE
U1532,2026-01,Standard,499,0,499,FALSE
U1532,2025-10,Standard,499,0,0,TRUE
U1533,2025-08,Premium,999,0,999,FALSE
U1533,2025-09,Premium,999,0,999,FALSE
U1533,2025-10,Premium,999,0,0,TRUE
U1533,2025-11,Premium,999,0,999,FALSE
U1534,2025-11,Standard,499,0,499,FALSE
U1534,2025-09,Standard,499,0,499,FALSE
U1534,2025-08,Standard,499,0,499,FALSE
U1534,2025-12,Standard,499,20,399.2,FALSE
U1534,2025-10,Standard,499,20,399.2,FALSE
U1535,2025-08,Basic,199,0,199,FALSE
U1535,2026-01,Basic,199,10,179.1,FALSE
U1535,2025-11,Basic,199,0,0,TRUE
U1535,2025-10,Basic,199,30,139.3,FALSE
U1535,2025-12,Basic,199,20,159.2,FALSE
U1536,2025-12,Premium,999,0,999,FALSE
U1536,2025-09,Premium,999,0,999,FALSE
U1536,2025-10,Premium,999,0,999,FALSE
U1536,2026-01,Premium,999,20,799.2,FALSE
U1536,2025-11,Premium,999,20,799.2,FALSE
U1536,2025-08,Premium,999,0,999,FALSE
U1537,2025-08,Standard,499,0,499,FALSE
U1537,2025-11,Basic,199,0,199,FALSE
U1537,2026-01,Basic,199,0,199,FALSE
U1537,2025-09,Standard,499,20,399.2,FALSE
U1537,2025-12,Basic,199,0,199,FALSE
U1538,2026-01,Basic,199,0,199,FALSE
U1538,2025-10,Basic,199,0,0,TRUE
U1538,2025-09,Basic,199,0,199,FALSE
U1538,2025-08,Basic,199,0,199,FALSE
U1538,2025-12,Basic,199,20,159.2,FALSE
U1538,2025-11,Basic,199,0,199,FALSE
U1539,2025-11,Premium,999,0,999,FALSE
U1539,2025-10,Premium,999,0,999,FALSE
U1539,2025-08,Premium,999,0,999,FALSE
U1539,2025-12,Premium,999,0,999,FALSE
U1539,2025-09,Premium,999,0,999,FALSE
U1539,2026-01,Premium,999,10,899.1,FALSE
U1540,2025-09,Basic,199,0,199,FALSE
U1540,2026-01,Basic,199,30,139.3,FALSE
U1540,2025-12,Basic,199,0,0,TRUE
U1540,2025-08,Basic,199,0,199,FALSE
U1540,2025-10,Basic,199,20,159.2,FALSE
U1540,2025-11,Basic,199,0,199,FALSE
U1541,2025-10,Basic,199,0,199,FALSE
U1541,2026-01,Basic,199,0,199,FALSE
U1541,2025-11,Basic,199,0,199,FALSE
U1541,2025-08,Basic,199,10,179.1,FALSE
U1541,2025-09,Basic,199,10,179.1,FALSE
U1541,2025-12,Basic,199,30,139.3,FALSE
U1542,2025-12,Premium,999,0,0,TRUE
U1542,2025-10,Premium,999,20,799.2,FALSE
U1542,2025-09,Premium,999,0,999,FALSE
U1542,2026-01,Premium,999,0,999,FALSE
U1542,2025-08,Premium,999,0,999,FALSE
U1543,2025-12,Premium,999,0,999,FALSE
U1543,2025-09,Premium,999,10,899.1,FALSE
U1543,2025-10,Premium,999,0,999,FALSE
U1543,2025-11,Premium,999,10,899.1,FALSE
U1543,2025-08,Premium,999,0,999,FALSE
U1544,2025-12,Standard,499,0,499,FALSE
U1544,2025-11,Standard,499,20,0,TRUE
U1544,2025-10,Standard,499,0,499,FALSE
U1544,2025-08,Standard,499,0,499,FALSE
U1544,2026-01,Standard,499,0,499,FALSE
U1544,2025-09,Standard,499,0,499,FALSE
U1545,2025-12,Basic,199,0,199,FALSE
U1545,2026-01,Basic,199,0,199,FALSE
U1545,2025-08,Standard,499,20,399.2,FALSE
U1545,2025-09,Standard,499,0,499,FALSE
U1545,2025-10,Basic,199,0,199,FALSE
U1545,2025-11,Basic,199,0,0,TRUE
U1546,2025-10,Basic,199,0,199,FALSE
U1546,2025-11,Basic,199,0,199,FALSE
U1546,2025-09,Basic,199,0,199,FALSE
U1546,2025-08,Basic,199,0,199,FALSE
U1546,2026-01,Basic,199,0,199,FALSE
U1547,2026-01,Standard,499,0,499,FALSE
U1547,2025-11,Standard,499,10,449.1,FALSE
U1547,2025-12,Standard,499,0,499,FALSE
U1547,2025-09,Standard,499,0,499,FALSE
U1547,2025-08,Standard,499,0,499,FALSE
U1547,2025-10,Standard,499,10,449.1,FALSE
U1548,2025-10,Basic,199,10,0,TRUE
U1548,2025-12,Basic,199,0,199,FALSE
U1548,2025-11,Basic,199,0,199,FALSE
U1548,2025-08,Basic,199,0,199,FALSE
U1548,2026-01,Basic,199,0,199,FALSE
U1548,2025-09,Basic,199,0,199,FALSE
U1549,2026-01,Premium,999,0,999,FALSE
U1549,2025-10,Premium,999,10,899.1,FALSE
U1549,2025-12,Premium,999,0,999,FALSE
U1549,2025-08,Premium,999,0,999,FALSE
U1549,2025-09,Premium,999,0,999,FALSE
U1549,2025-11,Premium,999,0,999,FALSE
U1550,2025-10,Standard,499,0,0,TRUE
U1550,2025-12,Standard,499,0,499,FALSE
U1550,2025-09,Standard,499,0,499,FALSE
U1550,2025-08,Standard,499,0,499,FALSE
U1550,2026-01,Standard,499,0,499,FALSE
U1550,2025-11,Standard,499,0,499,FALSE
U1551,2025-10,Basic,199,0,0,FALSE
U1551,2026-01,Basic,199,0,199,FALSE
U1551,2025-12,Basic,199,20,159.2,FALSE
U1551,2025-11,Basic,199,0,199,FALSE
U1551,2025-09,Standard,499,0,0,TRUE
U1551,2025-08,Standard,499,0,499,FALSE
U1552,2025-08,Premium,999,0,999,FALSE
U1552,2025-11,Premium,999,0,999,FALSE
U1552,2025-12,Premium,999,0,999,FALSE
U1552,2025-10,Premium,999,0,999,FALSE
U1552,2025-09,Premium,999,0,999,FALSE
U1552,2026-01,Premium,999,0,999,FALSE
U1553,2025-11,Basic,199,30,139.3,FALSE
U1553,2025-12,Basic,199,0,199,FALSE
U1553,2026-01,Basic,199,0,199,FALSE
U1553,2025-09,Basic,199,10,179.1,FALSE
U1553,2025-10,Basic,199,0,199,FALSE
U1554,2025-12,Basic,199,0,199,FALSE
U1554,2025-09,Basic,199,0,199,FALSE
U1554,2025-11,Basic,199,0,199,FALSE
U1554,2025-08,Basic,199,0,199,FALSE
U1554,2026-01,Basic,199,0,199,FALSE
U1554,2025-10,Basic,199,0,199,FALSE
U1555,2025-10,Basic,199,0,199,FALSE
U1555,2025-12,Basic,199,0,199,FALSE
U1555,2026-01,Basic,199,0,199,FALSE
U1555,2025-08,Basic,199,0,199,FALSE
U1555,2025-11,Basic,199,0,199,FALSE
U1555,2025-09,Basic,199,0,199,FALSE
U1556,2026-01,Basic,199,0,199,FALSE
U1556,2025-12,Standard,499,20,399.2,FALSE
U1556,2025-09,Standard,499,0,499,FALSE
U1556,2025-11,Standard,499,10,449.1,FALSE
U1556,2025-10,Standard,499,0,499,FALSE
U1556,2025-08,Standard,499,0,499,FALSE
U1557,2025-11,Basic,199,0,199,FALSE
U1557,2025-08,Basic,199,0,0,TRUE
U1557,2025-12,Basic,199,20,159.2,FALSE
U1557,2025-10,Basic,199,0,199,FALSE
U1557,2026-01,Basic,199,0,199,FALSE
U1558,2025-08,Basic,199,0,199,FALSE
U1558,2025-12,Basic,199,0,199,FALSE
U1558,2025-10,Basic,199,0,199,FALSE
U1558,2025-11,Basic,199,0,199,FALSE
U1558,2026-01,Basic,199,30,139.3,FALSE
U1558,2025-09,Basic,199,0,199,FALSE
U1559,2025-09,Standard,499,0,499,FALSE
U1559,2025-12,Standard,499,0,499,FALSE
U1559,2025-08,Standard,499,0,499,FALSE
U1559,2026-01,Standard,499,10,449.1,FALSE
U1559,2025-11,Standard,499,0,0,TRUE
U1559,2025-10,Standard,499,0,499,FALSE
U1560,2025-08,Standard,499,0,499,FALSE
U1560,2025-11,Basic,199,20,159.2,FALSE
U1560,2025-10,Basic,199,0,199,FALSE
U1560,2026-01,Basic,199,0,199,FALSE
U1560,2025-12,Basic,199,0,199,FALSE
U1560,2025-09,Standard,499,0,499,FALSE
U1561,2025-10,Standard,499,0,349.3,FALSE
U1561,2025-09,Standard,499,30,349.3,FALSE
U1561,2025-12,Standard,499,0,499,FALSE
U1561,2026-01,Standard,499,0,499,FALSE
U1561,2025-08,Standard,499,0,499,FALSE
U1561,2025-11,Standard,499,0,499,FALSE
U1562,2025-11,Basic,199,0,199,FALSE
U1562,2026-01,Basic,199,0,199,FALSE
U1562,2025-09,Standard,499,0,499,FALSE
U1562,2025-08,Standard,499,0,499,FALSE
U1563,2026-01,Standard,499,0,499,FALSE
U1563,2025-12,Standard,499,0,499,FALSE
U1563,2025-11,Standard,499,0,499,FALSE
U1563,2025-08,Standard,499,0,499,FALSE
U1563,2025-09,Standard,499,0,499,FALSE
U1563,2025-10,Standard,499,0,499,FALSE
U1564,2025-12,Basic,199,0,139.3,FALSE
U1564,2025-09,Basic,199,0,199,FALSE
U1564,2025-11,Basic,199,0,199,FALSE
U1564,2025-08,Basic,199,0,199,FALSE
U1564,2025-10,Basic,199,0,199,FALSE
U1565,2025-09,Basic,199,0,199,FALSE
U1565,2025-08,Basic,199,0,199,FALSE
U1565,2026-01,Basic,199,0,199,FALSE
U1565,2025-11,Basic,199,0,199,FALSE
U1565,2025-10,Basic,199,0,199,FALSE
U1565,2025-12,Basic,199,30,139.3,FALSE
U1566,2025-09,Standard,499,10,449.1,FALSE
U1566,2025-11,Standard,499,0,0,TRUE
U1566,2025-10,Standard,499,0,499,FALSE
U1566,2025-12,Standard,499,20,399.2,FALSE
U1566,2025-08,Premium,999,0,999,FALSE
U1567,2025-10,Basic,199,0,199,FALSE
U1567,2025-08,Basic,199,0,199,FALSE
U1567,2025-12,Basic,199,0,199,FALSE
U1567,2025-11,Basic,199,20,159.2,FALSE
U1567,2025-09,Basic,199,0,199,FALSE
U1567,2026-01,Basic,199,0,199,FALSE
U1568,2025-10,Standard,499,0,499,FALSE
U1568,2025-08,Standard,499,0,499,FALSE
U1568,2025-12,Standard,499,0,499,FALSE
U1568,2025-09,Standard,499,0,499,FALSE
U1568,2026-01,Standard,499,0,499,FALSE
U1568,2025-11,Standard,499,0,499,FALSE
U1569,2026-01,Basic,199,30,139.3,FALSE
U1569,2025-10,Basic,199,0,199,FALSE
U1569,2025-08,Basic,199,0,199,FALSE
U1569,2025-12,Basic,199,0,199,FALSE
U1569,2025-09,Basic,199,0,199,FALSE
U1570,2025-12,Basic,199,0,199,FALSE
U1570,2025-08,Basic,199,0,199,FALSE
U1570,2025-09,Basic,199,0,199,FALSE
U1570,2026-01,Basic,199,0,0,TRUE
U1570,2025-10,Basic,199,0,199,FALSE
U1570,2025-11,Basic,199,0,199,FALSE
U1571,2025-10,Standard,499,0,0,FALSE
U1571,2025-08,Standard,499,0,499,FALSE
U1571,2025-11,Standard,499,0,499,FALSE
U1571,2025-12,Standard,499,0,499,FALSE
U1571,2026-01,Standard,499,0,499,FALSE
U1572,2025-10,Basic,199,0,199,FALSE
U1572,2025-11,Basic,199,0,199,FALSE
U1572,2025-09,Basic,199,0,199,FALSE
U1572,2025-12,Basic,199,20,159.2,FALSE
U1572,2026-01,Basic,199,0,199,FALSE
U1572,2025-08,Basic,199,0,199,FALSE
U1573,2025-09,Basic,199,0,199,FALSE
U1573,2025-08,Basic,199,0,199,FALSE
U1573,2025-12,Basic,199,20,159.2,FALSE
U1573,2025-10,Basic,199,0,199,FALSE
U1573,2026-01,Basic,199,20,159.2,FALSE
U1574,2025-12,Premium,999,0,999,FALSE
U1574,2026-01,Premium,999,0,999,FALSE
U1574,2025-11,Premium,999,0,999,FALSE
U1574,2025-10,Premium,999,0,999,FALSE
U1574,2025-08,Premium,999,0,999,FALSE
U1575,2025-12,Basic,199,30,139.3,FALSE
U1575,2025-10,Basic,199,0,199,FALSE
U1575,2025-08,Basic,199,0,199,FALSE
U1575,2025-11,Basic,199,0,199,FALSE
U1575,2026-01,Basic,199,20,159.2,FALSE
U1575,2025-09,Basic,199,0,199,FALSE
U1576,2025-08,Standard,499,0,499,FALSE
U1576,2025-10,Standard,499,0,499,FALSE
U1576,2025-11,Standard,499,0,499,FALSE
U1576,2026-01,Standard,499,0,499,FALSE
U1576,2025-12,Standard,499,0,499,FALSE
U1576,2025-09,Standard,499,0,499,FALSE
U1577,2025-08,Standard,499,0,499,FALSE
U1577,2025-11,Standard,499,0,499,FALSE
U1577,2026-01,Standard,499,10,449.1,FALSE
U1577,2025-10,Standard,499,0,499,FALSE
U1577,2025-12,Standard,499,0,499,FALSE
U1577,2025-09,Standard,499,0,499,FALSE
U1578,2025-08,Standard,499,0,499,FALSE
U1578,2025-12,Standard,499,0,499,FALSE
U1578,2025-09,Standard,499,0,499,FALSE
U1578,2025-10,Standard,499,0,499,FALSE
U1578,2026-01,Standard,499,20,399.2,FALSE
U1579,2025-11,Basic,199,0,199,FALSE
U1579,2025-09,Basic,199,0,199,FALSE
U1579,2025-12,Basic,199,0,199,FALSE
U1579,2026-01,Basic,199,30,139.3,FALSE
U1579,2025-08,Basic,199,0,199,FALSE
U1579,2025-10,Basic,199,0,199,FALSE
U1580,2025-11,Standard,499,0,499,FALSE
U1580,2026-01,Standard,499,0,499,FALSE
U1580,2025-09,Premium,999,0,999,FALSE
U1580,2025-10,Premium,999,0,999,FALSE
U1580,2025-12,Standard,499,0,499,FALSE
U1580,2025-08,Premium,999,0,999,FALSE
U1581,2026-01,Basic,199,0,199,FALSE
U1581,2025-08,Basic,199,0,199,FALSE
U1581,2025-11,Basic,199,0,199,FALSE
U1581,2025-10,Basic,199,0,199,FALSE
U1581,2025-09,Basic,199,0,199,FALSE
U1581,2025-12,Basic,199,0,199,FALSE
U1582,2025-09,Basic,199,0,199,FALSE
U1582,2025-12,Basic,199,0,199,FALSE
U1582,2025-08,Basic,199,0,199,FALSE
U1582,2025-10,Basic,199,10,179.1,FALSE
U1582,2026-01,Basic,199,10,179.1,FALSE
U1582,2025-11,Basic,199,0,199,FALSE
U1583,2025-10,Standard,499,0,499,FALSE
U1583,2026-01,Basic,199,0,199,FALSE
U1583,2025-08,Premium,999,0,999,FALSE
U1583,2025-09,Standard,499,0,499,FALSE
U1583,2025-11,Basic,199,0,199,FALSE
U1583,2025-12,Basic,199,0,199,FALSE
U1584,2025-11,Basic,199,0,199,FALSE
U1584,2025-10,Basic,199,0,199,FALSE
U1584,2025-09,Basic,199,0,199,FALSE
U1584,2026-01,Basic,199,0,199,FALSE
U1584,2025-12,Basic,199,0,199,FALSE
U1584,2025-08,Basic,199,0,199,FALSE
U1585,2025-10,Premium,999,0,999,FALSE
U1585,2026-01,Premium,999,30,699.3,FALSE
U1585,2025-11,Premium,999,0,999,FALSE
U1585,2025-08,Premium,999,0,999,FALSE
U1585,2025-12,Premium,999,0,999,FALSE
U1585,2025-09,Premium,999,0,999,FALSE
U1586,2025-09,Standard,499,10,449.1,FALSE
U1586,2025-11,Basic,199,0,199,FALSE
U1586,2025-10,Standard,499,0,499,FALSE
U1586,2026-01,Basic,199,0,199,FALSE
U1587,2025-12,Standard,499,10,0,TRUE
U1587,2025-11,Standard,499,0,499,FALSE
U1587,2025-10,Standard,499,0,499,FALSE
U1587,2026-01,Basic,199,0,199,FALSE
U1587,2025-08,Standard,499,0,499,FALSE
U1588,2026-01,Standard,499,0,499,FALSE
U1588,2025-10,Standard,499,0,499,FALSE
U1588,2025-11,Standard,499,0,499,FALSE
U1588,2025-08,Standard,499,0,499,FALSE
U1588,2025-09,Standard,499,0,499,FALSE
U1588,2025-12,Standard,499,30,349.3,FALSE
U1589,2025-09,Premium,999,0,999,FALSE
U1589,2025-11,Premium,999,0,999,FALSE
U1589,2025-12,Premium,999,30,699.3,FALSE
U1589,2025-10,Premium,999,0,999,FALSE
U1589,2026-01,Premium,999,0,999,FALSE
U1589,2025-08,Premium,999,0,999,FALSE
U1590,2026-01,Basic,199,0,199,FALSE
U1590,2025-10,Basic,199,0,199,FALSE
U1590,2025-09,Basic,199,0,199,FALSE
U1590,2025-12,Basic,199,0,199,FALSE
U1590,2025-08,Basic,199,0,199,FALSE
U1590,2025-11,Basic,199,10,179.1,FALSE
U1591,2025-08,Premium,999,0,0,TRUE
U1591,2026-01,Premium,999,0,999,FALSE
U1591,2025-12,Premium,999,0,999,FALSE
U1591,2025-10,Premium,999,0,999,FALSE
U1591,2025-11,Premium,999,0,999,FALSE
U1591,2025-09,Premium,999,0,999,FALSE
U1592,2025-11,Premium,999,20,799.2,FALSE
U1592,2025-09,Premium,999,0,999,FALSE
U1592,2025-08,Premium,999,0,999,FALSE
U1592,2026-01,Standard,499,0,499,FALSE
U1592,2025-10,Premium,999,0,999,FALSE
U1592,2025-12,Premium,999,0,999,FALSE
U1593,2025-11,Basic,199,0,0,TRUE
U1593,2025-12,Basic,199,0,199,FALSE
U1593,2025-08,Basic,199,30,139.3,FALSE
U1593,2025-10,Basic,199,20,159.2,FALSE
U1593,2025-09,Basic,199,30,139.3,FALSE
U1593,2026-01,Basic,199,0,199,FALSE
U1594,2026-01,Standard,499,0,499,FALSE
U1594,2025-09,Standard,499,0,499,FALSE
U1594,2025-08,Standard,499,0,499,FALSE
U1594,2025-11,Standard,499,0,499,FALSE
U1594,2025-12,Standard,499,0,499,FALSE
U1594,2025-10,Standard,499,0,499,FALSE
U1595,2025-09,Basic,199,0,199,FALSE
U1595,2026-01,Basic,199,0,199,FALSE
U1595,2025-08,Basic,199,0,0,TRUE
U1595,2025-12,Basic,199,0,199,FALSE
U1595,2025-10,Basic,199,0,199,FALSE
U1596,2025-10,Basic,199,0,199,FALSE
U1596,2025-08,Basic,199,0,199,FALSE
U1596,2025-11,Basic,199,0,199,FALSE
U1596,2025-12,Basic,199,0,199,FALSE
U1596,2026-01,Basic,199,0,199,FALSE
U1597,2025-09,Premium,999,0,999,FALSE
U1597,2025-12,Standard,499,10,449.1,FALSE
U1597,2026-01,Standard,499,0,499,FALSE
U1597,2025-08,Premium,999,10,899.1,FALSE
U1597,2025-10,Standard,499,0,499,FALSE
U1597,2025-11,Standard,499,0,499,FALSE
U1598,2025-12,Standard,499,10,449.1,FALSE
U1598,2025-11,Premium,999,0,999,FALSE
U1598,2025-09,Premium,999,0,999,FALSE
U1598,2025-08,Premium,999,0,999,FALSE
U1598,2025-10,Premium,999,20,799.2,FALSE
U1598,2026-01,Standard,499,0,499,FALSE
U1599,2025-10,Basic,199,0,199,FALSE
U1599,2025-08,Basic,199,0,199,FALSE
U1599,2025-09,Basic,199,0,199,FALSE
U1599,2025-11,Basic,199,0,179.1,FALSE
U1599,2026-01,Basic,199,20,159.2,FALSE
U1599,2025-12,Basic,199,0,199,FALSE
U1600,2025-09,Premium,999,0,999,FALSE
U1600,2025-08,Premium,999,0,999,FALSE
U1600,2025-12,Premium,999,0,999,FALSE
U1600,2026-01,Premium,999,0,999,FALSE
U1600,2025-10,Premium,999,0,999,FALSE
U1600,2025-11,Premium,999,0,999,FALSE
U1601,2026-01,Basic,199,0,199,FALSE
U1601,2025-08,Basic,199,0,199,FALSE
U1601,2025-09,Basic,199,0,199,FALSE
U1601,2025-11,Basic,199,0,199,FALSE
U1601,2025-10,Basic,199,0,0,FALSE
U1602,2025-12,Standard,499,0,499,FALSE
U1602,2025-11,Standard,499,0,499,FALSE
U1602,2025-10,Standard,499,0,499,FALSE
U1602,2025-08,Standard,499,0,499,FALSE
U1602,2026-01,Standard,499,0,499,FALSE
U1602,2025-09,Standard,499,0,499,FALSE
U1603,2025-11,Basic,199,0,0,TRUE
U1603,2025-10,Basic,199,0,199,FALSE
U1603,2025-09,Basic,199,0,199,FALSE
U1603,2026-01,Basic,199,0,199,FALSE
U1604,2025-11,Basic,199,0,199,FALSE
U1604,2025-08,Standard,499,0,499,FALSE
U1604,2025-12,Basic,199,0,199,FALSE
U1604,2025-09,Standard,499,0,499,FALSE
U1604,2025-10,Basic,199,0,199,FALSE
U1604,2026-01,Basic,199,0,199,FALSE
U1605,2025-11,Standard,499,0,0,TRUE
U1605,2025-09,Standard,499,0,499,FALSE
U1605,2025-08,Standard,499,0,499,FALSE
U1605,2026-01,Standard,499,10,449.1,FALSE
U1605,2025-12,Standard,499,0,499,FALSE
U1605,2025-10,Standard,499,0,499,FALSE
U1606,2025-08,Standard,499,0,499,FALSE
U1606,2025-09,Standard,499,10,449.1,FALSE
U1606,2025-10,Standard,499,0,499,FALSE
U1606,2025-12,Standard,499,0,499,FALSE
U1606,2026-01,Basic,199,0,199,FALSE
U1607,2026-01,Basic,199,0,199,FALSE
U1607,2025-11,Basic,199,10,179.1,FALSE
U1607,2025-08,Basic,199,0,199,FALSE
U1607,2025-12,Basic,199,0,199,FALSE
U1607,2025-10,Basic,199,10,179.1,FALSE
U1607,2025-09,Basic,199,0,199,FALSE
U1608,2025-08,Premium,999,0,999,FALSE
U1608,2025-10,Premium,999,0,999,FALSE
U1608,2025-11,Premium,999,20,799.2,FALSE
U1608,2025-12,Premium,999,0,999,FALSE
U1608,2025-09,Premium,999,0,999,FALSE
U1609,2025-09,Premium,999,0,999,FALSE
U1609,2025-11,Standard,499,0,499,FALSE
U1609,2026-01,Standard,499,0,499,FALSE
U1609,2025-10,Premium,999,0,999,FALSE
U1609,2025-08,Premium,999,10,899.1,FALSE
U1609,2025-12,Standard,499,0,0,FALSE
U1610,2025-12,Standard,499,0,0,TRUE
U1610,2025-10,Standard,499,0,499,FALSE
U1610,2025-08,Standard,499,30,349.3,FALSE
U1610,2026-01,Standard,499,10,449.1,FALSE
U1610,2025-11,Standard,499,0,499,FALSE
U1610,2025-09,Standard,499,0,499,FALSE
U1611,2025-10,Basic,199,0,199,FALSE
U1611,2025-12,Basic,199,10,179.1,FALSE
U1611,2025-09,Standard,499,0,499,FALSE
U1611,2025-11,Basic,199,0,199,FALSE
U1611,2026-01,Basic,199,0,199,FALSE
U1611,2025-08,Standard,499,0,499,FALSE
U1612,2025-09,Standard,499,0,499,FALSE
U1612,2025-11,Basic,199,0,0,TRUE
U1612,2025-12,Basic,199,0,199,FALSE
U1612,2025-10,Basic,199,0,199,FALSE
U1612,2026-01,Basic,199,0,199,FALSE
U1612,2025-08,Standard,499,0,499,FALSE
U1613,2025-08,Standard,499,0,0,TRUE
U1613,2025-10,Standard,499,0,499,FALSE
U1613,2026-01,Standard,499,20,399.2,FALSE
U1613,2025-09,Standard,499,0,499,FALSE
U1613,2025-12,Standard,499,0,499,FALSE
U1614,2025-09,Standard,499,10,449.1,FALSE
U1614,2025-08,Standard,499,0,499,FALSE
U1614,2025-10,Standard,499,0,499,FALSE
U1614,2026-01,Standard,499,10,449.1,FALSE
U1614,2025-11,Standard,499,30,349.3,FALSE
U1614,2025-12,Standard,499,20,399.2,FALSE
U1615,2025-09,Standard,499,0,499,FALSE
U1615,2025-08,Standard,499,0,499,FALSE
U1615,2025-10,Standard,499,0,499,FALSE
U1615,2026-01,Standard,499,0,499,FALSE
U1615,2025-12,Standard,499,10,449.1,FALSE
U1616,2025-09,Basic,199,0,199,FALSE
U1616,2025-08,Basic,199,0,199,FALSE
U1616,2026-01,Basic,199,30,139.3,FALSE
U1616,2025-11,Basic,199,0,199,FALSE
U1616,2025-10,Basic,199,20,159.2,FALSE
U1616,2025-12,Basic,199,0,199,FALSE
U1617,2026-01,Basic,199,0,199,FALSE
U1617,2025-11,Standard,499,0,499,FALSE
U1617,2025-12,Basic,199,0,179.1,FALSE
U1617,2025-09,Standard,499,0,499,FALSE
U1617,2025-10,Standard,499,0,499,FALSE
U1617,2025-08,Standard,499,0,499,FALSE
U1618,2025-09,Basic,199,0,199,FALSE
U1618,2025-10,Basic,199,0,199,FALSE
U1618,2025-08,Basic,199,0,199,FALSE
U1618,2025-11,Basic,199,0,199,FALSE
U1618,2026-01,Basic,199,0,199,FALSE
U1618,2025-12,Basic,199,0,199,FALSE
U1619,2025-09,Premium,999,30,699.3,FALSE
U1619,2025-10,Premium,999,0,999,FALSE
U1619,2025-08,Premium,999,0,999,FALSE
U1619,2025-11,Standard,499,0,499,FALSE
U1619,2025-12,Standard,499,0,499,FALSE
U1619,2026-01,Standard,499,0,499,FALSE
U1620,2025-11,Premium,999,10,899.1,FALSE
U1620,2025-08,Premium,999,0,999,FALSE
U1620,2025-12,Premium,999,0,999,FALSE
U1620,2025-09,Premium,999,0,999,FALSE
U1620,2026-01,Premium,999,0,999,FALSE
U1620,2025-10,Premium,999,0,999,FALSE
U1621,2026-01,Premium,999,0,999,FALSE
U1621,2025-09,Premium,999,0,999,FALSE
U1621,2025-12,Premium,999,0,999,FALSE
U1621,2025-08,Premium,999,10,899.1,FALSE
U1621,2025-10,Premium,999,20,799.2,FALSE
U1621,2025-11,Premium,999,10,899.1,FALSE
U1622,2025-09,Premium,999,0,999,FALSE
U1622,2026-01,Premium,999,0,0,TRUE
U1622,2025-10,Premium,999,0,999,FALSE
U1622,2025-12,Premium,999,0,999,FALSE
U1622,2025-11,Premium,999,0,999,FALSE
U1622,2025-08,Premium,999,0,999,FALSE
U1623,2026-01,Standard,499,0,499,FALSE
U1623,2025-09,Premium,999,0,999,FALSE
U1623,2025-11,Premium,999,0,999,FALSE
U1623,2025-10,Premium,999,0,999,FALSE
U1623,2025-12,Premium,999,0,999,FALSE
U1624,2025-11,Standard,499,0,499,FALSE
U1624,2025-08,Standard,499,0,499,FALSE
U1624,2025-12,Standard,499,0,499,FALSE
U1624,2026-01,Standard,499,0,499,FALSE
U1624,2025-09,Standard,499,0,499,FALSE
U1624,2025-10,Standard,499,0,499,FALSE
U1625,2025-11,Basic,199,0,199,FALSE
U1625,2025-10,Basic,199,0,199,FALSE
U1625,2025-09,Basic,199,30,139.3,FALSE
U1625,2025-12,Basic,199,0,199,FALSE
U1625,2026-01,Basic,199,20,159.2,FALSE
U1625,2025-08,Basic,199,0,199,FALSE
U1626,2025-12,Premium,999,0,999,FALSE
U1626,2025-09,Premium,999,0,999,FALSE
U1626,2025-10,Premium,999,0,999,FALSE
U1626,2025-08,Premium,999,0,999,FALSE
U1626,2026-01,Premium,999,10,899.1,FALSE
U1626,2025-11,Premium,999,0,0,TRUE
U1627,2025-11,Standard,499,0,499,FALSE
U1627,2025-09,Standard,499,0,499,FALSE
U1627,2026-01,Standard,499,30,349.3,FALSE
U1627,2025-12,Standard,499,10,449.1,FALSE
U1627,2025-10,Standard,499,10,449.1,FALSE
U1627,2025-08,Premium,999,0,999,FALSE
U1628,2025-10,Standard,499,0,449.1,FALSE
U1628,2025-12,Standard,499,0,0,FALSE
U1628,2025-11,Standard,499,0,499,FALSE
U1628,2026-01,Standard,499,10,449.1,FALSE
U1628,2025-09,Standard,499,0,499,FALSE
U1628,2025-08,Standard,499,10,449.1,FALSE
U1629,2025-08,Basic,199,0,199,FALSE
U1629,2026-01,Basic,199,0,199,FALSE
U1629,2025-12,Basic,199,10,179.1,FALSE
U1629,2025-10,Basic,199,0,199,FALSE
U1629,2025-11,Basic,199,0,199,FALSE
U1630,2026-01,Basic,199,0,199,FALSE
U1630,2025-08,Basic,199,0,199,FALSE
U1630,2025-12,Basic,199,0,199,FALSE
U1630,2025-10,Basic,199,0,199,FALSE
U1630,2025-09,Basic,199,30,139.3,FALSE
U1631,2025-10,Standard,499,0,499,FALSE
U1631,2025-12,Standard,499,10,449.1,FALSE
U1631,2025-08,Standard,499,0,499,FALSE
U1631,2025-11,Standard,499,0,499,FALSE
U1631,2026-01,Standard,499,20,399.2,FALSE
U1631,2025-09,Standard,499,20,399.2,FALSE
U1632,2025-10,Premium,999,0,999,FALSE
U1632,2025-12,Premium,999,0,999,FALSE
U1632,2025-11,Premium,999,0,999,FALSE
U1632,2025-08,Premium,999,0,999,FALSE
U1632,2025-09,Premium,999,0,999,FALSE
U1632,2026-01,Premium,999,0,999,FALSE
U1633,2026-01,Premium,999,0,999,FALSE
U1633,2025-11,Premium,999,0,999,FALSE
U1633,2025-09,Premium,999,0,999,FALSE
U1633,2025-12,Premium,999,0,999,FALSE
U1633,2025-08,Premium,999,0,999,FALSE
U1633,2025-10,Premium,999,0,999,FALSE
U1634,2025-11,Premium,999,0,999,FALSE
U1634,2025-10,Premium,999,0,999,FALSE
U1634,2025-08,Premium,999,0,999,FALSE
U1634,2025-09,Premium,999,0,999,FALSE
U1634,2025-12,Premium,999,0,999,FALSE
U1635,2025-10,Premium,999,0,999,FALSE
U1635,2025-11,Premium,999,0,999,FALSE
U1635,2026-01,Premium,999,0,999,FALSE
U1636,2025-11,Premium,999,30,699.3,FALSE
U1636,2025-12,Premium,999,0,0,TRUE
U1636,2025-08,Premium,999,0,999,FALSE
U1636,2025-10,Premium,999,0,999,FALSE
U1636,2026-01,Standard,499,0,499,FALSE
U1636,2025-09,Premium,999,20,799.2,FALSE
U1637,2025-11,Premium,999,0,999,FALSE
U1637,2025-12,Standard,499,0,499,FALSE
U1637,2025-08,Premium,999,0,999,FALSE
U1637,2025-10,Premium,999,0,999,FALSE
U1637,2025-09,Premium,999,0,999,FALSE
U1637,2026-01,Basic,199,0,199,FALSE
U1638,2025-08,Standard,499,0,499,FALSE
U1638,2025-09,Standard,499,0,499,FALSE
U1638,2025-11,Standard,499,0,499,FALSE
U1638,2025-12,Standard,499,0,499,FALSE
U1638,2025-10,Standard,499,0,499,FALSE
U1638,2026-01,Standard,499,30,349.3,FALSE
U1639,2025-08,Premium,999,0,999,FALSE
U1639,2025-09,Premium,999,0,999,FALSE
U1639,2025-11,Premium,999,0,999,FALSE
U1639,2025-10,Premium,999,0,999,FALSE
U1639,2025-12,Premium,999,30,699.3,FALSE
U1639,2026-01,Premium,999,20,799.2,FALSE
U1640,2025-11,Basic,199,0,199,FALSE
U1640,2025-08,Basic,199,0,199,FALSE
U1640,2026-01,Basic,199,0,199,FALSE
U1640,2025-12,Basic,199,0,199,FALSE
U1640,2025-10,Basic,199,0,199,FALSE
U1640,2025-09,Basic,199,0,199,FALSE
U1641,2025-09,Standard,499,0,499,FALSE
U1641,2025-10,Standard,499,0,499,FALSE
U1641,2025-08,Standard,499,0,499,FALSE
U1641,2025-11,Standard,499,0,499,FALSE
U1641,2026-01,Standard,499,0,499,FALSE
U1642,2025-08,Standard,499,30,349.3,FALSE
U1642,2026-01,Standard,499,0,499,FALSE
U1642,2025-11,Standard,499,0,499,FALSE
U1642,2025-12,Standard,499,0,499,FALSE
U1642,2025-10,Standard,499,0,0,TRUE
U1642,2025-09,Standard,499,0,499,FALSE
U1643,2025-10,Premium,999,0,999,FALSE
U1643,2025-11,Premium,999,0,999,FALSE
U1643,2025-08,Premium,999,0,999,FALSE
U1643,2026-01,Premium,999,0,999,FALSE
U1643,2025-12,Premium,999,0,999,FALSE
U1643,2025-09,Premium,999,0,999,FALSE
U1644,2025-12,Basic,199,0,199,FALSE
U1644,2025-11,Basic,199,0,199,FALSE
U1644,2025-09,Basic,199,0,199,FALSE
U1644,2025-08,Basic,199,0,199,FALSE
U1644,2025-10,Basic,199,0,199,FALSE
U1645,2025-09,Standard,499,0,499,FALSE
U1645,2026-01,Standard,499,0,499,FALSE
U1645,2025-12,Standard,499,0,499,FALSE
U1645,2025-11,Standard,499,0,499,FALSE
U1645,2025-10,Standard,499,0,499,FALSE
U1645,2025-08,Standard,499,0,499,FALSE
U1646,2025-08,Basic,199,0,199,FALSE
U1646,2025-09,Basic,199,0,199,FALSE
U1646,2025-11,Basic,199,0,199,FALSE
U1646,2026-01,Basic,199,20,159.2,FALSE
U1646,2025-10,Basic,199,0,199,FALSE
U1646,2025-12,Basic,199,0,199,FALSE
U1647,2025-12,Standard,499,0,499,FALSE
U1647,2025-09,Standard,499,10,449.1,FALSE
U1647,2026-01,Standard,499,30,349.3,FALSE
U1647,2025-08,Standard,499,0,499,FALSE
U1647,2025-10,Standard,499,0,499,FALSE
U1647,2025-11,Standard,499,0,499,FALSE
U1648,2025-09,Standard,499,0,499,FALSE
U1648,2025-11,Standard,499,0,499,FALSE
U1648,2025-12,Standard,499,10,449.1,FALSE
U1648,2025-08,Standard,499,0,499,FALSE
U1649,2025-08,Basic,199,0,199,FALSE
U1649,2025-10,Basic,199,0,199,FALSE
U1649,2026-01,Basic,199,20,159.2,FALSE
U1649,2025-12,Basic,199,0,139.3,FALSE
U1649,2025-11,Basic,199,0,199,FALSE
U1650,2025-08,Premium,999,0,999,FALSE
U1650,2025-11,Premium,999,0,999,FALSE
U1650,2025-09,Premium,999,20,799.2,FALSE
U1650,2025-12,Premium,999,20,799.2,FALSE
U1650,2026-01,Premium,999,0,999,FALSE
U1651,2025-11,Premium,999,0,999,FALSE
U1651,2026-01,Premium,999,30,699.3,FALSE
U1651,2025-08,Premium,999,0,999,FALSE
U1651,2025-10,Premium,999,0,999,FALSE
U1651,2025-09,Premium,999,0,999,FALSE
U1651,2025-12,Premium,999,0,999,FALSE
U1652,2026-01,Basic,199,0,199,FALSE
U1652,2025-12,Basic,199,0,199,FALSE
U1652,2025-08,Basic,199,0,199,FALSE
U1652,2025-10,Basic,199,0,199,FALSE
U1652,2025-09,Basic,199,0,199,FALSE
U1652,2025-11,Basic,199,20,159.2,FALSE
U1653,2025-08,Standard,499,20,399.2,FALSE
U1653,2026-01,Standard,499,0,499,FALSE
U1653,2025-10,Standard,499,0,499,FALSE
U1653,2025-12,Standard,499,0,0,TRUE
U1653,2025-11,Standard,499,20,399.2,FALSE
U1653,2025-09,Standard,499,0,499,FALSE
U1654,2025-10,Basic,199,0,199,FALSE
U1654,2025-12,Basic,199,0,199,FALSE
U1654,2026-01,Basic,199,0,199,FALSE
U1654,2025-09,Basic,199,30,139.3,FALSE
U1654,2025-11,Basic,199,0,199,FALSE
U1654,2025-08,Basic,199,0,199,FALSE
U1655,2025-08,Standard,499,0,499,FALSE
U1655,2025-12,Standard,499,0,0,TRUE
U1655,2025-09,Standard,499,0,499,FALSE
U1655,2025-11,Standard,499,0,499,FALSE
U1655,2026-01,Standard,499,30,349.3,FALSE
U1655,2025-10,Standard,499,0,499,FALSE
U1656,2025-12,Premium,999,20,799.2,FALSE
U1656,2025-08,Premium,999,0,999,FALSE
U1656,2025-09,Premium,999,0,0,FALSE
U1656,2025-11,Premium,999,20,799.2,FALSE
U1656,2026-01,Premium,999,20,799.2,FALSE
U1656,2025-10,Premium,999,30,699.3,FALSE
U1657,2025-10,Standard,499,10,449.1,FALSE
U1657,2025-11,Standard,499,10,449.1,FALSE
U1657,2025-08,Standard,499,30,0,TRUE
U1657,2025-12,Standard,499,0,499,FALSE
U1657,2026-01,Standard,499,0,499,FALSE
U1657,2025-09,Standard,499,0,499,FALSE
U1658,2025-08,Premium,999,0,999,FALSE
U1658,2025-09,Premium,999,0,999,FALSE
U1658,2026-01,Premium,999,10,899.1,FALSE
U1658,2025-10,Premium,999,0,999,FALSE
U1658,2025-11,Premium,999,0,999,FALSE
U1658,2025-12,Premium,999,0,999,FALSE
U1659,2025-08,Premium,999,0,999,FALSE
U1659,2025-09,Premium,999,0,999,FALSE
U1659,2026-01,Standard,499,0,499,FALSE
U1659,2025-11,Premium,999,0,999,FALSE
U1659,2025-12,Premium,999,0,999,FALSE
U1659,2025-10,Premium,999,0,999,FALSE
U1660,2025-09,Standard,499,0,499,FALSE
U1660,2025-08,Standard,499,0,499,FALSE
U1660,2025-12,Standard,499,0,0,TRUE
U1660,2025-10,Standard,499,10,449.1,FALSE
U1661,2025-08,Standard,499,0,499,FALSE
U1661,2026-01,Basic,199,0,199,FALSE
U1661,2025-10,Standard,499,0,0,TRUE
U1661,2025-11,Standard,499,0,499,FALSE
U1661,2025-12,Standard,499,30,349.3,FALSE
U1661,2025-09,Standard,499,20,399.2,FALSE
U1662,2025-09,Basic,199,0,199,FALSE
U1662,2025-11,Basic,199,0,199,FALSE
U1662,2026-01,Basic,199,0,199,FALSE
U1662,2025-10,Basic,199,0,199,FALSE
U1662,2025-12,Basic,199,0,199,FALSE
U1662,2025-08,Basic,199,0,199,FALSE
U1663,2025-11,Standard,499,0,499,FALSE
U1663,2026-01,Standard,499,0,0,TRUE
U1663,2025-10,Premium,999,0,999,FALSE
U1663,2025-12,Standard,499,0,499,FALSE
U1663,2025-09,Premium,999,0,999,FALSE
U1664,2026-01,Basic,199,0,199,FALSE
U1664,2025-11,Basic,199,0,199,FALSE
U1664,2025-10,Basic,199,0,199,FALSE
U1664,2025-09,Basic,199,0,199,FALSE
U1664,2025-08,Basic,199,0,199,FALSE
U1664,2025-12,Basic,199,20,159.2,FALSE
U1665,2025-12,Standard,499,0,499,FALSE
U1665,2025-08,Standard,499,0,499,FALSE
U1665,2025-10,Standard,499,0,499,FALSE
U1665,2025-09,Standard,499,0,499,FALSE
U1665,2026-01,Standard,499,0,499,FALSE
U1666,2025-10,Basic,199,0,199,FALSE
U1666,2025-11,Basic,199,0,199,FALSE
U1666,2026-01,Basic,199,30,139.3,FALSE
U1666,2025-09,Basic,199,0,199,FALSE
U1666,2025-08,Basic,199,0,199,FALSE
U1666,2025-12,Basic,199,10,179.1,FALSE
U1667,2025-11,Premium,999,10,899.1,FALSE
U1667,2025-08,Premium,999,0,999,FALSE
U1667,2026-01,Premium,999,30,699.3,FALSE
U1667,2025-10,Premium,999,0,999,FALSE
U1667,2025-12,Premium,999,0,999,FALSE
U1668,2025-10,Standard,499,0,499,FALSE
U1668,2025-09,Standard,499,0,499,FALSE
U1668,2025-08,Standard,499,0,499,FALSE
U1668,2026-01,Standard,499,0,499,FALSE
U1668,2025-12,Standard,499,10,449.1,FALSE
U1668,2025-11,Standard,499,0,499,FALSE
U1669,2025-10,Standard,499,0,499,FALSE
U1669,2025-11,Standard,499,0,499,FALSE
U1669,2026-01,Standard,499,0,499,FALSE
U1669,2025-08,Standard,499,0,499,FALSE
U1669,2025-09,Standard,499,0,499,FALSE
U1669,2025-12,Standard,499,0,499,FALSE
U1670,2025-08,Standard,499,0,499,FALSE
U1670,2025-11,Standard,499,0,499,FALSE
U1670,2025-09,Standard,499,0,499,FALSE
U1670,2025-10,Standard,499,0,499,FALSE
U1670,2026-01,Basic,199,10,179.1,FALSE
U1671,2025-10,Basic,199,0,199,FALSE
U1671,2025-08,Basic,199,0,199,FALSE
U1671,2025-12,Basic,199,0,199,FALSE
U1671,2026-01,Basic,199,0,199,FALSE
U1671,2025-11,Basic,199,0,199,FALSE
U1671,2025-09,Basic,199,0,199,FALSE
U1672,2026-01,Basic,199,0,199,FALSE
U1672,2025-11,Basic,199,0,199,FALSE
U1672,2025-10,Basic,199,0,199,FALSE
U1672,2025-12,Basic,199,0,199,FALSE
U1673,2025-12,Standard,499,0,499,FALSE
U1673,2026-01,Standard,499,20,399.2,FALSE
U1673,2025-09,Standard,499,0,499,FALSE
U1673,2025-11,Standard,499,0,499,FALSE
U1673,2025-10,Standard,499,30,349.3,FALSE
U1673,2025-08,Standard,499,0,499,FALSE
U1674,2025-09,Basic,199,0,0,TRUE
U1674,2026-01,Basic,199,0,199,FALSE
U1674,2025-12,Basic,199,0,199,FALSE
U1674,2025-11,Basic,199,0,199,FALSE
U1674,2025-08,Basic,199,0,199,FALSE
U1674,2025-10,Basic,199,0,199,FALSE
U1675,2025-12,Standard,499,0,499,FALSE
U1675,2025-09,Standard,499,0,499,FALSE
U1675,2025-08,Standard,499,0,499,FALSE
U1675,2025-10,Standard,499,0,499,FALSE
U1675,2026-01,Basic,199,0,199,FALSE
U1675,2025-11,Standard,499,0,499,FALSE
U1676,2025-11,Basic,199,0,199,FALSE
U1676,2025-10,Basic,199,0,199,FALSE
U1676,2025-08,Basic,199,0,199,FALSE
U1676,2025-09,Basic,199,0,199,FALSE
U1676,2026-01,Basic,199,0,199,FALSE
U1677,2025-08,Basic,199,0,199,FALSE
U1677,2026-01,Basic,199,0,199,FALSE
U1677,2025-09,Basic,199,0,199,FALSE
U1677,2025-11,Basic,199,0,199,FALSE
U1677,2025-10,Basic,199,0,199,FALSE
U1678,2025-12,Premium,999,10,899.1,FALSE
U1678,2025-11,Premium,999,0,999,FALSE
U1678,2025-09,Premium,999,0,999,FALSE
U1678,2026-01,Premium,999,0,999,FALSE
U1678,2025-08,Premium,999,0,999,FALSE
U1678,2025-10,Premium,999,0,999,FALSE
U1679,2025-09,Premium,999,30,699.3,FALSE
U1679,2025-10,Premium,999,0,999,FALSE
U1679,2025-12,Standard,499,0,499,FALSE
U1679,2026-01,Standard,499,0,499,FALSE
U1679,2025-08,Premium,999,0,999,FALSE
U1680,2025-09,Standard,499,0,499,FALSE
U1680,2025-10,Standard,499,0,499,FALSE
U1680,2025-08,Standard,499,0,499,FALSE
U1680,2026-01,Basic,199,0,199,FALSE
U1680,2025-11,Basic,199,10,179.1,FALSE
U1681,2025-11,Premium,999,0,999,FALSE
U1681,2025-10,Premium,999,0,999,FALSE
U1681,2025-08,Premium,999,0,999,FALSE
U1681,2025-12,Premium,999,0,999,FALSE
U1681,2026-01,Standard,499,0,0,FALSE
U1681,2025-09,Premium,999,0,999,FALSE
U1682,2025-10,Premium,999,30,699.3,FALSE
U1682,2025-08,Premium,999,0,999,FALSE
U1682,2025-11,Premium,999,0,999,FALSE
U1682,2025-09,Premium,999,0,999,FALSE
U1682,2025-12,Premium,999,0,999,FALSE
U1683,2025-12,Standard,499,30,349.3,FALSE
U1683,2025-08,Premium,999,0,999,FALSE
U1683,2025-10,Premium,999,20,799.2,FALSE
U1683,2025-11,Standard,499,0,499,FALSE
U1683,2025-09,Premium,999,0,999,FALSE
U1683,2026-01,Standard,499,0,499,FALSE
U1684,2025-12,Standard,499,0,499,FALSE
U1684,2025-08,Premium,999,0,999,FALSE
U1684,2025-09,Premium,999,0,999,FALSE
U1684,2025-11,Premium,999,10,899.1,FALSE
U1684,2025-10,Premium,999,0,999,FALSE
U1684,2026-01,Standard,499,0,499,FALSE
U1685,2025-09,Standard,499,0,499,FALSE
U1685,2025-12,Standard,499,0,499,FALSE
U1685,2026-01,Basic,199,0,199,FALSE
U1685,2025-10,Standard,499,0,499,FALSE
U1685,2025-08,Standard,499,0,499,FALSE
U1685,2025-11,Standard,499,0,499,FALSE
U1686,2025-08,Standard,499,0,499,FALSE
U1686,2025-11,Basic,199,0,199,FALSE
U1686,2025-10,Standard,499,0,499,FALSE
U1686,2025-12,Basic,199,0,199,FALSE
U1686,2025-09,Standard,499,0,499,FALSE
U1686,2026-01,Basic,199,0,199,FALSE
U1687,2025-10,Premium,999,0,999,FALSE
U1687,2025-11,Premium,999,0,999,FALSE
U1687,2025-09,Premium,999,30,699.3,FALSE
U1687,2026-01,Standard,499,20,399.2,FALSE
U1687,2025-12,Standard,499,20,399.2,FALSE
U1688,2025-09,Premium,999,0,999,FALSE
U1688,2025-11,Standard,499,0,499,FALSE
U1688,2026-01,Standard,499,0,499,FALSE
U1688,2025-08,Premium,999,0,999,FALSE
U1688,2025-12,Standard,499,0,499,FALSE
U1689,2025-11,Basic,199,0,199,FALSE
U1689,2025-09,Basic,199,10,179.1,FALSE
U1689,2025-10,Basic,199,0,199,FALSE
U1689,2025-08,Basic,199,0,199,FALSE
U1689,2026-01,Basic,199,0,199,FALSE
U1689,2025-12,Basic,199,30,139.3,FALSE
U1690,2025-12,Basic,199,0,0,TRUE
U1690,2025-10,Basic,199,0,199,FALSE
U1690,2025-11,Basic,199,0,199,FALSE
U1690,2026-01,Basic,199,0,199,FALSE
U1690,2025-08,Basic,199,0,199,FALSE
U1690,2025-09,Basic,199,0,199,FALSE
U1691,2025-12,Standard,499,0,499,FALSE
U1691,2025-10,Standard,499,0,499,FALSE
U1691,2025-08,Standard,499,0,499,FALSE
U1691,2026-01,Standard,499,0,499,FALSE
U1691,2025-11,Standard,499,10,449.1,FALSE
U1691,2025-09,Standard,499,0,499,FALSE
U1692,2025-09,Standard,499,20,399.2,FALSE
U1692,2025-12,Standard,499,0,499,FALSE
U1692,2025-11,Standard,499,0,499,FALSE
U1692,2025-08,Standard,499,0,0,TRUE
U1692,2025-10,Standard,499,0,499,FALSE
U1692,2026-01,Standard,499,10,449.1,FALSE
U1693,2026-01,Basic,199,0,199,FALSE
U1693,2025-09,Basic,199,0,199,FALSE
U1693,2025-08,Basic,199,20,159.2,FALSE
U1693,2025-12,Basic,199,0,199,FALSE
U1693,2025-10,Basic,199,0,199,FALSE
U1693,2025-11,Basic,199,30,139.3,FALSE
U1694,2025-11,Basic,199,0,199,FALSE
U1694,2025-12,Basic,199,20,159.2,FALSE
U1694,2025-09,Basic,199,10,179.1,FALSE
U1694,2026-01,Basic,199,0,199,FALSE
U1694,2025-08,Basic,199,0,199,FALSE
U1694,2025-10,Basic,199,0,199,FALSE
U1695,2025-12,Standard,499,0,499,FALSE
U1695,2026-01,Basic,199,0,199,FALSE
U1695,2025-09,Standard,499,0,499,FALSE
U1695,2025-10,Standard,499,0,499,FALSE
U1696,2025-12,Standard,499,10,449.1,FALSE
U1696,2026-01,Standard,499,0,0,FALSE
U1696,2025-11,Standard,499,0,499,FALSE
U1696,2025-09,Standard,499,0,499,FALSE
U1696,2025-10,Standard,499,0,0,TRUE
U1696,2025-08,Standard,499,20,399.2,FALSE
U1697,2025-11,Basic,199,0,199,FALSE
U1697,2025-10,Basic,199,0,0,TRUE
U1697,2025-09,Basic,199,30,139.3,FALSE
U1697,2026-01,Basic,199,0,199,FALSE
U1697,2025-08,Basic,199,0,199,FALSE
U1697,2025-12,Basic,199,20,0,TRUE
U1698,2025-08,Standard,499,0,499,FALSE
U1698,2025-10,Standard,499,0,499,FALSE
U1698,2025-11,Standard,499,30,349.3,FALSE
U1698,2025-12,Standard,499,0,499,FALSE
U1698,2026-01,Standard,499,0,499,FALSE
U1698,2025-09,Standard,499,0,499,FALSE
U1699,2025-08,Standard,499,0,499,FALSE
U1699,2025-11,Standard,499,0,499,FALSE
U1699,2025-12,Standard,499,30,349.3,FALSE
U1699,2026-01,Standard,499,0,499,FALSE
U1699,2025-10,Standard,499,0,499,FALSE
U1699,2025-09,Standard,499,10,449.1,FALSE
U1700,2026-01,Standard,499,10,449.1,FALSE
U1700,2025-12,Standard,499,30,349.3,FALSE
U1700,2025-11,Standard,499,0,499,FALSE
U1700,2025-08,Standard,499,0,499,FALSE
U1700,2025-10,Standard,499,0,499,FALSE
U1700,2025-09,Standard,499,0,499,FALSE
U1701,2025-11,Basic,199,0,199,FALSE
U1701,2025-10,Basic,199,0,199,FALSE
U1701,2025-09,Basic,199,0,199,FALSE
U1701,2025-12,Basic,199,0,199,FALSE
U1701,2025-08,Basic,199,0,0,FALSE
U1701,2026-01,Basic,199,10,179.1,FALSE
U1702,2025-08,Basic,199,20,159.2,FALSE
U1702,2025-11,Basic,199,0,199,FALSE
U1702,2026-01,Basic,199,30,0,TRUE
U1702,2025-10,Basic,199,0,199,FALSE
U1702,2025-12,Basic,199,0,199,FALSE
U1703,2025-09,Premium,999,0,999,FALSE
U1703,2026-01,Premium,999,0,999,FALSE
U1703,2025-08,Premium,999,0,999,FALSE
U1703,2025-11,Premium,999,0,999,FALSE
U1703,2025-10,Premium,999,20,799.2,FALSE
U1703,2025-12,Premium,999,0,999,FALSE
U1704,2025-12,Premium,999,10,899.1,FALSE
U1704,2026-01,Premium,999,0,999,FALSE
U1704,2025-11,Premium,999,0,999,FALSE
U1704,2025-09,Premium,999,0,999,FALSE
U1704,2025-08,Premium,999,0,999,FALSE
U1704,2025-10,Premium,999,0,999,FALSE
U1705,2026-01,Standard,499,0,499,FALSE
U1705,2025-11,Standard,499,20,399.2,FALSE
U1705,2025-12,Standard,499,0,499,FALSE
U1705,2025-09,Standard,499,30,349.3,FALSE
U1705,2025-08,Standard,499,0,499,FALSE
U1705,2025-10,Standard,499,0,499,FALSE
U1706,2025-12,Basic,199,0,199,FALSE
U1706,2025-09,Basic,199,0,0,TRUE
U1706,2025-10,Basic,199,0,199,FALSE
U1706,2025-11,Basic,199,0,199,FALSE
U1706,2026-01,Basic,199,0,0,TRUE
U1706,2025-08,Basic,199,0,199,FALSE
U1707,2025-08,Standard,499,0,499,FALSE
U1707,2026-01,Basic,199,30,139.3,FALSE
U1707,2025-12,Standard,499,20,399.2,FALSE
U1707,2025-10,Standard,499,0,0,TRUE
U1707,2025-09,Standard,499,0,499,FALSE
U1707,2025-11,Standard,499,0,499,FALSE
U1708,2025-08,Premium,999,0,999,FALSE
U1708,2025-11,Premium,999,0,999,FALSE
U1708,2025-12,Premium,999,0,999,FALSE
U1708,2025-10,Premium,999,0,999,FALSE
U1708,2025-09,Premium,999,0,999,FALSE
U1708,2026-01,Premium,999,0,0,TRUE
U1709,2025-09,Premium,999,20,799.2,FALSE
U1709,2026-01,Standard,499,0,499,FALSE
U1709,2025-10,Standard,499,10,449.1,FALSE
U1709,2025-11,Standard,499,10,449.1,FALSE
U1709,2025-12,Standard,499,0,499,FALSE
U1709,2025-08,Premium,999,0,999,FALSE
U1710,2025-09,Standard,499,0,499,FALSE
U1710,2025-08,Standard,499,0,499,FALSE
U1710,2025-12,Standard,499,0,499,FALSE
U1710,2025-10,Standard,499,10,449.1,FALSE
U1710,2025-11,Standard,499,0,499,FALSE
U1710,2026-01,Standard,499,10,449.1,FALSE
U1711,2026-01,Basic,199,0,199,FALSE
U1711,2025-09,Basic,199,0,0,TRUE
U1711,2025-12,Basic,199,0,199,FALSE
U1711,2025-11,Basic,199,0,199,FALSE
U1711,2025-08,Basic,199,0,199,FALSE
U1711,2025-10,Basic,199,0,199,FALSE
U1712,2025-11,Basic,199,0,199,FALSE
U1712,2025-10,Basic,199,0,199,FALSE
U1712,2025-09,Basic,199,0,199,FALSE
U1712,2025-08,Basic,199,0,199,FALSE
U1712,2025-12,Basic,199,0,199,FALSE
U1712,2026-01,Basic,199,0,199,FALSE
U1713,2025-09,Standard,499,0,499,FALSE
U1713,2025-08,Standard,499,0,499,FALSE
U1713,2026-01,Basic,199,0,199,FALSE
U1713,2025-12,Basic,199,30,139.3,FALSE
U1713,2025-11,Standard,499,0,499,FALSE
U1713,2025-10,Standard,499,0,499,FALSE
U1714,2025-11,Standard,499,0,499,FALSE
U1714,2025-08,Standard,499,0,499,FALSE
U1714,2025-10,Standard,499,0,499,FALSE
U1714,2025-12,Standard,499,0,0,FALSE
U1714,2025-09,Standard,499,0,499,FALSE
U1714,2026-01,Standard,499,0,499,FALSE
U1715,2025-12,Premium,999,20,799.2,FALSE
U1715,2025-10,Premium,999,0,999,FALSE
U1715,2025-11,Premium,999,0,999,FALSE
U1715,2025-09,Premium,999,0,999,FALSE
U1715,2025-08,Premium,999,0,999,FALSE
U1715,2026-01,Premium,999,20,799.2,FALSE
U1716,2025-12,Premium,999,0,999,FALSE
U1716,2026-01,Premium,999,0,999,FALSE
U1716,2025-08,Premium,999,0,999,FALSE
U1716,2025-11,Premium,999,0,999,FALSE
U1716,2025-09,Premium,999,0,999,FALSE
U1716,2025-10,Premium,999,0,999,FALSE
U1717,2025-12,Standard,499,20,399.2,FALSE
U1717,2025-10,Standard,499,0,0,FALSE
U1717,2026-01,Standard,499,10,449.1,FALSE
U1717,2025-08,Standard,499,0,499,FALSE
U1717,2025-09,Standard,499,0,499,FALSE
U1717,2025-11,Standard,499,0,499,FALSE
U1718,2025-12,Standard,499,0,0,TRUE
U1718,2025-09,Standard,499,0,499,FALSE
U1718,2025-10,Standard,499,0,499,FALSE
U1718,2025-08,Standard,499,0,499,FALSE
U1719,2025-08,Premium,999,0,999,FALSE
U1719,2025-12,Premium,999,0,999,FALSE
U1719,2025-11,Premium,999,0,999,FALSE
U1719,2025-10,Premium,999,0,999,FALSE
U1719,2026-01,Premium,999,30,699.3,FALSE
U1719,2025-09,Premium,999,0,999,FALSE
U1720,2025-12,Standard,499,0,499,FALSE
U1720,2025-09,Premium,999,0,999,FALSE
U1720,2026-01,Standard,499,0,399.2,FALSE
U1720,2025-08,Premium,999,0,999,FALSE
U1720,2025-11,Premium,999,0,999,FALSE
U1720,2025-10,Premium,999,0,999,FALSE
U1721,2026-01,Basic,199,0,199,FALSE
U1721,2025-09,Basic,199,20,159.2,FALSE
U1721,2025-12,Basic,199,0,199,FALSE
U1721,2025-11,Basic,199,0,199,FALSE
U1721,2025-08,Basic,199,0,199,FALSE
U1722,2025-10,Basic,199,0,0,TRUE
U1722,2025-09,Basic,199,0,199,FALSE
U1722,2025-12,Basic,199,10,179.1,FALSE
U1722,2026-01,Basic,199,30,139.3,FALSE
U1722,2025-08,Basic,199,0,199,FALSE
U1722,2025-11,Basic,199,0,199,FALSE
U1723,2025-10,Standard,499,0,499,FALSE
U1723,2025-08,Standard,499,20,399.2,FALSE
U1723,2025-09,Standard,499,0,499,FALSE
U1723,2025-12,Basic,199,0,199,FALSE
U1723,2025-11,Standard,499,20,399.2,FALSE
U1724,2026-01,Basic,199,0,199,FALSE
U1724,2025-08,Basic,199,0,199,FALSE
U1724,2025-12,Basic,199,20,159.2,FALSE
U1724,2025-10,Basic,199,0,199,FALSE
U1724,2025-11,Basic,199,0,199,FALSE
U1724,2025-09,Basic,199,0,199,FALSE
U1725,2025-08,Basic,199,30,139.3,FALSE
U1725,2026-01,Basic,199,0,199,FALSE
U1725,2025-11,Basic,199,0,199,FALSE
U1725,2025-12,Basic,199,30,139.3,FALSE
U1725,2025-09,Basic,199,0,199,FALSE
U1726,2025-10,Standard,499,0,499,FALSE
U1726,2025-11,Standard,499,0,499,FALSE
U1726,2026-01,Standard,499,0,499,FALSE
U1726,2025-09,Standard,499,0,499,FALSE
U1726,2025-12,Standard,499,0,499,FALSE
U1726,2025-08,Standard,499,0,499,FALSE
U1727,2025-09,Premium,999,0,999,FALSE
U1727,2025-11,Premium,999,0,999,FALSE
U1727,2025-08,Premium,999,0,999,FALSE
U1727,2025-12,Premium,999,0,999,FALSE
U1727,2025-10,Premium,999,10,899.1,FALSE
U1728,2025-10,Premium,999,0,999,FALSE
U1728,2026-01,Standard,499,0,499,FALSE
U1728,2025-12,Premium,999,30,699.3,FALSE
U1728,2025-08,Premium,999,0,999,FALSE
U1728,2025-11,Premium,999,0,999,FALSE
U1728,2025-09,Premium,999,0,999,FALSE
U1729,2025-11,Basic,199,0,199,FALSE
U1729,2025-08,Basic,199,0,199,FALSE
U1729,2026-01,Basic,199,0,199,FALSE
U1729,2025-09,Basic,199,0,199,FALSE
U1729,2025-12,Basic,199,0,199,FALSE
U1730,2025-08,Basic,199,0,199,FALSE
U1730,2025-09,Basic,199,0,199,FALSE
U1730,2025-12,Basic,199,30,139.3,FALSE
U1730,2026-01,Basic,199,0,199,FALSE
U1730,2025-10,Basic,199,0,199,FALSE
U1730,2025-11,Basic,199,0,199,FALSE
U1731,2025-12,Standard,499,0,499,FALSE
U1731,2025-11,Standard,499,0,499,FALSE
U1731,2025-09,Standard,499,0,499,FALSE
U1731,2025-08,Standard,499,0,499,FALSE
U1731,2026-01,Standard,499,0,499,FALSE
U1731,2025-10,Standard,499,0,499,FALSE
U1732,2025-10,Basic,199,0,199,FALSE
U1732,2025-09,Basic,199,0,199,FALSE
U1732,2025-08,Basic,199,0,199,FALSE
U1732,2025-12,Basic,199,10,179.1,FALSE
U1732,2025-11,Basic,199,0,199,FALSE
U1732,2026-01,Basic,199,0,199,FALSE
U1733,2025-11,Premium,999,0,0,TRUE
U1733,2025-12,Premium,999,0,999,FALSE
U1733,2026-01,Premium,999,10,899.1,FALSE
U1733,2025-10,Premium,999,0,999,FALSE
U1733,2025-08,Premium,999,0,999,FALSE
U1733,2025-09,Premium,999,30,699.3,FALSE
U1734,2025-09,Standard,499,0,499,FALSE
U1734,2025-12,Standard,499,20,399.2,FALSE
U1734,2025-10,Standard,499,10,449.1,FALSE
U1734,2025-11,Standard,499,0,499,FALSE
U1734,2026-01,Standard,499,0,499,FALSE
U1734,2025-08,Standard,499,0,499,FALSE
U1735,2026-01,Basic,199,0,199,FALSE
U1735,2025-10,Standard,499,0,499,FALSE
U1735,2025-08,Standard,499,10,449.1,FALSE
U1735,2025-12,Basic,199,10,179.1,FALSE
U1735,2025-09,Standard,499,0,499,FALSE
U1735,2025-11,Basic,199,0,199,FALSE
U1736,2025-09,Standard,499,0,499,FALSE
U1736,2025-11,Standard,499,0,499,FALSE
U1736,2026-01,Standard,499,0,499,FALSE
U1736,2025-08,Standard,499,10,449.1,FALSE
U1736,2025-10,Standard,499,0,499,FALSE
U1736,2025-12,Standard,499,0,499,FALSE
U1737,2025-10,Premium,999,30,699.3,FALSE
U1737,2026-01,Premium,999,10,899.1,FALSE
U1737,2025-11,Premium,999,0,999,FALSE
U1737,2025-08,Premium,999,0,999,FALSE
U1737,2025-12,Premium,999,0,999,FALSE
U1738,2025-11,Standard,499,0,0,TRUE
U1738,2025-08,Standard,499,0,499,FALSE
U1738,2025-10,Standard,499,0,499,FALSE
U1738,2025-09,Standard,499,0,499,FALSE
U1738,2025-12,Standard,499,0,499,FALSE
U1738,2026-01,Standard,499,0,499,FALSE
U1739,2026-01,Basic,199,10,179.1,FALSE
U1739,2025-11,Standard,499,0,499,FALSE
U1739,2025-10,Standard,499,10,0,TRUE
U1739,2025-09,Standard,499,0,499,FALSE
U1739,2025-08,Standard,499,0,0,TRUE
U1739,2025-12,Standard,499,0,499,FALSE
U1740,2025-10,Standard,499,0,499,FALSE
U1740,2025-12,Standard,499,0,499,FALSE
U1740,2025-08,Standard,499,10,449.1,FALSE
U1740,2025-09,Standard,499,10,449.1,FALSE
U1740,2025-11,Standard,499,0,499,FALSE
U1740,2026-01,Standard,499,0,499,FALSE
U1741,2025-08,Basic,199,0,199,FALSE
U1741,2026-01,Basic,199,10,179.1,FALSE
U1741,2025-09,Basic,199,0,199,FALSE
U1741,2025-10,Basic,199,0,199,FALSE
U1742,2025-11,Standard,499,0,499,FALSE
U1742,2026-01,Standard,499,0,499,FALSE
U1742,2025-08,Standard,499,0,499,FALSE
U1742,2025-10,Standard,499,0,499,FALSE
U1742,2025-12,Standard,499,0,499,FALSE
U1742,2025-09,Standard,499,0,499,FALSE
U1743,2025-11,Basic,199,30,139.3,FALSE
U1743,2026-01,Basic,199,0,199,FALSE
U1743,2025-09,Standard,499,0,499,FALSE
U1743,2025-08,Standard,499,0,499,FALSE
U1743,2025-10,Standard,499,0,499,FALSE
U1743,2025-12,Basic,199,0,199,FALSE
U1744,2025-12,Premium,999,0,999,FALSE
U1744,2026-01,Premium,999,30,699.3,FALSE
U1744,2025-08,Premium,999,0,999,FALSE
U1744,2025-10,Premium,999,0,999,FALSE
U1744,2025-09,Premium,999,0,999,FALSE
U1744,2025-11,Premium,999,0,999,FALSE
U1745,2025-11,Basic,199,0,199,FALSE
U1745,2025-12,Basic,199,0,199,FALSE
U1745,2025-10,Basic,199,0,199,FALSE
U1745,2025-08,Basic,199,0,199,FALSE
U1745,2026-01,Basic,199,0,199,FALSE
U1745,2025-09,Basic,199,0,199,FALSE
U1746,2025-09,Basic,199,0,199,FALSE
U1746,2025-10,Basic,199,0,199,FALSE
U1746,2025-08,Basic,199,0,199,FALSE
U1746,2026-01,Basic,199,0,199,FALSE
U1746,2025-12,Basic,199,0,199,FALSE
U1746,2025-11,Basic,199,0,199,FALSE
U1747,2025-12,Basic,199,0,199,FALSE
U1747,2025-11,Basic,199,0,199,FALSE
U1747,2026-01,Basic,199,30,139.3,FALSE
U1747,2025-09,Standard,499,0,499,FALSE
U1747,2025-10,Standard,499,0,499,FALSE
U1747,2025-08,Standard,499,0,499,FALSE
U1748,2025-09,Standard,499,20,399.2,FALSE
U1748,2025-10,Standard,499,0,499,FALSE
U1748,2025-12,Standard,499,0,499,FALSE
U1748,2025-11,Standard,499,0,499,FALSE
U1748,2025-08,Standard,499,30,349.3,FALSE
U1748,2026-01,Basic,199,10,179.1,FALSE
U1749,2025-09,Standard,499,10,449.1,FALSE
U1749,2025-08,Standard,499,0,499,FALSE
U1749,2025-11,Standard,499,0,499,FALSE
U1749,2025-10,Standard,499,0,499,FALSE
U1749,2026-01,Standard,499,0,499,FALSE
U1749,2025-12,Standard,499,20,399.2,FALSE
U1750,2025-08,Standard,499,10,449.1,FALSE
U1750,2025-11,Standard,499,0,499,FALSE
U1750,2026-01,Standard,499,0,499,FALSE
U1750,2025-10,Standard,499,10,449.1,FALSE
U1750,2025-09,Standard,499,0,349.3,FALSE
U1750,2025-12,Standard,499,0,499,FALSE
U1751,2025-11,Basic,199,0,199,FALSE
U1751,2025-08,Basic,199,0,199,FALSE
U1751,2025-09,Basic,199,0,199,FALSE
U1751,2025-10,Basic,199,0,199,FALSE
U1751,2025-12,Basic,199,0,199,FALSE
U1751,2026-01,Basic,199,0,199,FALSE
U1752,2026-01,Standard,499,30,349.3,FALSE
U1752,2025-09,Standard,499,0,499,FALSE
U1752,2025-12,Standard,499,0,499,FALSE
U1752,2025-10,Standard,499,0,499,FALSE
U1752,2025-08,Standard,499,0,499,FALSE
U1752,2025-11,Standard,499,0,499,FALSE
U1753,2025-08,Standard,499,0,499,FALSE
U1753,2025-11,Standard,499,0,0,TRUE
U1753,2025-12,Standard,499,0,499,FALSE
U1753,2025-09,Standard,499,0,499,FALSE
U1753,2025-10,Standard,499,0,499,FALSE
U1753,2026-01,Standard,499,0,499,FALSE
U1754,2025-12,Basic,199,0,199,FALSE
U1754,2025-11,Basic,199,0,199,FALSE
U1754,2025-08,Basic,199,0,199,FALSE
U1754,2025-10,Basic,199,0,0,TRUE
U1754,2025-09,Basic,199,0,199,FALSE
U1754,2026-01,Basic,199,0,199,FALSE
U1755,2026-01,Standard,499,0,499,FALSE
U1755,2025-12,Standard,499,30,349.3,FALSE
U1755,2025-11,Standard,499,0,499,FALSE
U1755,2025-09,Standard,499,0,499,FALSE
U1755,2025-10,Standard,499,10,0,TRUE
U1755,2025-08,Standard,499,0,499,FALSE
U1756,2026-01,Standard,499,0,499,FALSE
U1756,2025-11,Standard,499,0,499,FALSE
U1756,2025-10,Standard,499,0,499,FALSE
U1756,2025-08,Standard,499,0,499,FALSE
U1756,2025-12,Standard,499,0,499,FALSE
U1757,2025-09,Standard,499,0,499,FALSE
U1757,2025-08,Standard,499,30,349.3,FALSE
U1757,2025-10,Standard,499,0,0,TRUE
U1757,2025-11,Standard,499,0,499,FALSE
U1757,2026-01,Standard,499,0,499,FALSE
U1757,2025-12,Standard,499,0,499,FALSE
U1758,2025-11,Premium,999,0,999,FALSE
U1758,2026-01,Premium,999,0,999,FALSE
U1758,2025-10,Premium,999,0,999,FALSE
U1758,2025-09,Premium,999,0,999,FALSE
U1758,2025-12,Premium,999,0,999,FALSE
U1759,2025-10,Standard,499,20,399.2,FALSE
U1759,2025-12,Standard,499,0,499,FALSE
U1759,2025-11,Standard,499,0,499,FALSE
U1759,2026-01,Standard,499,0,499,FALSE
U1760,2025-10,Basic,199,0,199,FALSE
U1760,2025-08,Basic,199,0,199,FALSE
U1760,2025-11,Basic,199,0,199,FALSE
U1760,2026-01,Basic,199,0,199,FALSE
U1760,2025-09,Basic,199,0,199,FALSE
U1760,2025-12,Basic,199,0,199,FALSE
U1761,2025-09,Standard,499,0,499,FALSE
U1761,2025-12,Standard,499,0,499,FALSE
U1761,2025-10,Standard,499,20,399.2,FALSE
U1761,2025-08,Standard,499,0,499,FALSE
U1761,2025-11,Standard,499,0,499,FALSE
U1762,2025-11,Basic,199,0,199,FALSE
U1762,2026-01,Basic,199,0,199,FALSE
U1762,2025-12,Basic,199,0,199,FALSE
U1762,2025-08,Basic,199,0,199,FALSE
U1762,2025-09,Basic,199,0,199,FALSE
U1762,2025-10,Basic,199,0,199,FALSE
U1763,2025-09,Premium,999,0,999,FALSE
U1763,2026-01,Standard,499,0,499,FALSE
U1763,2025-12,Standard,499,0,499,FALSE
U1763,2025-08,Premium,999,0,999,FALSE
U1763,2025-11,Premium,999,0,999,FALSE
U1764,2025-09,Standard,499,30,349.3,FALSE
U1764,2025-08,Standard,499,0,499,FALSE
U1764,2025-12,Basic,199,0,199,FALSE
U1764,2025-10,Standard,499,0,499,FALSE
U1764,2026-01,Basic,199,0,199,FALSE
U1765,2025-08,Basic,199,0,199,FALSE
U1765,2025-09,Basic,199,0,199,FALSE
U1765,2025-11,Basic,199,0,199,FALSE
U1765,2025-10,Basic,199,0,199,FALSE
U1765,2026-01,Basic,199,20,0,TRUE
U1765,2025-12,Basic,199,0,199,FALSE
U1766,2025-09,Standard,499,0,499,FALSE
U1766,2026-01,Standard,499,0,499,FALSE
U1766,2025-08,Standard,499,0,499,FALSE
U1766,2025-11,Standard,499,0,499,FALSE
U1766,2025-12,Standard,499,10,449.1,FALSE
U1767,2025-09,Standard,499,0,499,FALSE
U1767,2025-08,Standard,499,0,499,FALSE
U1767,2025-11,Standard,499,0,0,TRUE
U1767,2026-01,Standard,499,30,349.3,FALSE
U1767,2025-10,Standard,499,0,499,FALSE
U1767,2025-12,Standard,499,0,499,FALSE
U1768,2025-12,Standard,499,0,499,FALSE
U1768,2025-10,Premium,999,0,999,FALSE
U1768,2025-08,Premium,999,0,999,FALSE
U1768,2025-11,Premium,999,0,999,FALSE
U1768,2026-01,Standard,499,30,349.3,FALSE
U1768,2025-09,Premium,999,0,999,FALSE
U1769,2025-10,Basic,199,0,199,FALSE
U1769,2025-09,Basic,199,20,159.2,FALSE
U1769,2026-01,Basic,199,20,159.2,FALSE
U1769,2025-08,Basic,199,0,199,FALSE
U1769,2025-12,Basic,199,10,179.1,FALSE
U1769,2025-11,Basic,199,0,199,FALSE
U1770,2025-09,Standard,499,10,449.1,FALSE
U1770,2026-01,Basic,199,0,199,FALSE
U1770,2025-08,Standard,499,0,499,FALSE
U1770,2025-11,Basic,199,30,0,TRUE
U1770,2025-10,Standard,499,0,499,FALSE
U1770,2025-12,Basic,199,0,199,FALSE
U1771,2025-09,Premium,999,0,999,FALSE
U1771,2025-10,Premium,999,0,999,FALSE
U1771,2025-08,Premium,999,0,999,FALSE
U1771,2025-11,Premium,999,0,999,FALSE
U1771,2025-12,Premium,999,10,899.1,FALSE
U1771,2026-01,Premium,999,0,999,FALSE
U1772,2025-09,Standard,499,0,499,FALSE
U1772,2025-11,Standard,499,0,499,FALSE
U1772,2025-10,Standard,499,0,499,FALSE
U1772,2025-12,Standard,499,0,499,FALSE
U1772,2026-01,Basic,199,0,199,FALSE
U1773,2025-11,Standard,499,0,499,FALSE
U1773,2026-01,Standard,499,0,499,FALSE
U1773,2025-12,Standard,499,0,499,FALSE
U1773,2025-08,Standard,499,0,499,FALSE
U1773,2025-10,Standard,499,0,499,FALSE
U1773,2025-09,Standard,499,0,499,FALSE
U1774,2025-12,Basic,199,0,199,FALSE
U1774,2025-08,Standard,499,0,499,FALSE
U1774,2025-11,Standard,499,0,499,FALSE
U1774,2025-10,Standard,499,0,499,FALSE
U1774,2026-01,Basic,199,0,199,FALSE
U1774,2025-09,Standard,499,0,499,FALSE
U1775,2026-01,Premium,999,0,999,FALSE
U1775,2025-11,Premium,999,0,999,FALSE
U1775,2025-08,Premium,999,0,999,FALSE
U1775,2025-09,Premium,999,0,999,FALSE
U1775,2025-10,Premium,999,0,999,FALSE
U1775,2025-12,Premium,999,10,899.1,FALSE
U1776,2025-10,Basic,199,0,199,FALSE
U1776,2026-01,Basic,199,0,199,FALSE
U1776,2025-08,Basic,199,0,199,FALSE
U1776,2025-09,Basic,199,0,199,FALSE
U1776,2025-12,Basic,199,20,159.2,FALSE
U1776,2025-11,Basic,199,10,179.1,FALSE
U1777,2025-11,Basic,199,0,199,FALSE
U1777,2025-09,Basic,199,0,199,FALSE
U1777,2025-10,Basic,199,0,199,FALSE
U1777,2025-08,Basic,199,0,199,FALSE
U1777,2026-01,Basic,199,0,199,FALSE
U1778,2025-11,Basic,199,0,199,FALSE
U1778,2025-12,Basic,199,0,199,FALSE
U1778,2025-10,Basic,199,0,199,FALSE
U1778,2025-09,Basic,199,0,199,FALSE
U1778,2026-01,Basic,199,0,199,FALSE
U1778,2025-08,Basic,199,0,199,FALSE
U1779,2025-10,Premium,999,0,999,FALSE
U1779,2025-12,Premium,999,0,999,FALSE
U1779,2026-01,Premium,999,0,999,FALSE
U1779,2025-09,Premium,999,0,999,FALSE
U1779,2025-11,Premium,999,0,999,FALSE
U1780,2025-08,Basic,199,0,199,FALSE
U1780,2026-01,Basic,199,30,139.3,FALSE
U1780,2025-12,Basic,199,10,179.1,FALSE
U1780,2025-11,Basic,199,0,199,FALSE
U1780,2025-10,Basic,199,0,199,FALSE
U1780,2025-09,Basic,199,0,199,FALSE
U1781,2025-10,Standard,499,0,499,FALSE
U1781,2025-12,Standard,499,0,499,FALSE
U1781,2025-09,Standard,499,20,399.2,FALSE
U1781,2026-01,Basic,199,0,199,FALSE
U1781,2025-08,Standard,499,0,499,FALSE
U1781,2025-11,Standard,499,0,499,FALSE
U1782,2025-11,Basic,199,0,199,FALSE
U1782,2025-12,Basic,199,0,199,FALSE
U1782,2025-10,Basic,199,0,199,FALSE
U1782,2025-09,Basic,199,30,139.3,FALSE
U1782,2026-01,Basic,199,20,159.2,FALSE
U1782,2025-08,Basic,199,20,159.2,FALSE
U1783,2025-08,Standard,499,0,499,FALSE
U1783,2025-09,Standard,499,0,499,FALSE
U1783,2025-10,Standard,499,0,499,FALSE
U1783,2025-12,Standard,499,0,499,FALSE
U1783,2025-11,Standard,499,20,399.2,FALSE
U1783,2026-01,Standard,499,0,499,FALSE
U1784,2026-01,Premium,999,0,999,FALSE
U1784,2025-08,Premium,999,0,999,FALSE
U1784,2025-11,Premium,999,0,999,FALSE
U1784,2025-12,Premium,999,30,699.3,FALSE
U1784,2025-10,Premium,999,0,999,FALSE
U1785,2025-11,Basic,199,0,199,FALSE
U1785,2025-08,Basic,199,0,199,FALSE
U1785,2025-12,Basic,199,0,199,FALSE
U1785,2025-09,Basic,199,0,199,FALSE
U1785,2026-01,Basic,199,0,199,FALSE
U1785,2025-10,Basic,199,0,199,FALSE
U1786,2026-01,Basic,199,0,199,FALSE
U1786,2025-10,Basic,199,0,199,FALSE
U1786,2025-12,Basic,199,0,199,FALSE
U1786,2025-09,Basic,199,0,199,FALSE
U1787,2025-10,Premium,999,0,999,FALSE
U1787,2025-08,Premium,999,0,999,FALSE
U1787,2026-01,Standard,499,0,499,FALSE
U1787,2025-12,Premium,999,0,999,FALSE
U1787,2025-09,Premium,999,0,999,FALSE
U1787,2025-11,Premium,999,0,999,FALSE
U1788,2025-08,Standard,499,0,499,FALSE
U1788,2025-10,Standard,499,0,499,FALSE
U1788,2026-01,Standard,499,0,499,FALSE
U1788,2025-09,Standard,499,0,449.1,FALSE
U1788,2025-12,Standard,499,0,499,FALSE
U1788,2025-11,Standard,499,0,499,FALSE
U1789,2026-01,Standard,499,0,499,FALSE
U1789,2025-08,Standard,499,0,499,FALSE
U1789,2025-09,Standard,499,0,0,TRUE
U1789,2025-12,Standard,499,20,399.2,FALSE
U1789,2025-11,Standard,499,0,499,FALSE
U1789,2025-10,Standard,499,0,499,FALSE
U1790,2025-12,Basic,199,0,199,FALSE
U1790,2025-11,Basic,199,0,199,FALSE
U1790,2025-10,Basic,199,0,199,FALSE
U1790,2025-08,Basic,199,0,0,FALSE
U1790,2026-01,Basic,199,0,199,FALSE
U1790,2025-09,Basic,199,0,199,FALSE
U1791,2025-10,Standard,499,0,499,FALSE
U1791,2025-08,Standard,499,0,499,FALSE
U1791,2025-11,Standard,499,0,499,FALSE
U1791,2026-01,Basic,199,0,199,FALSE
U1791,2025-12,Basic,199,0,199,FALSE
U1791,2025-09,Standard,499,0,0,TRUE
U1792,2025-08,Basic,199,0,199,FALSE
U1792,2025-11,Basic,199,0,199,FALSE
U1792,2025-12,Basic,199,0,199,FALSE
U1792,2025-10,Basic,199,0,0,TRUE
U1792,2025-09,Basic,199,0,199,FALSE
U1792,2026-01,Basic,199,0,199,FALSE
U1793,2026-01,Basic,199,0,0,TRUE
U1793,2025-12,Basic,199,0,199,FALSE
U1793,2025-09,Basic,199,0,199,FALSE
U1793,2025-11,Basic,199,0,199,FALSE
U1793,2025-08,Basic,199,0,0,TRUE
U1793,2025-10,Basic,199,10,179.1,FALSE
U1794,2025-09,Premium,999,0,999,FALSE
U1794,2026-01,Premium,999,0,999,FALSE
U1794,2025-12,Premium,999,0,999,FALSE
U1794,2025-11,Premium,999,0,999,FALSE
U1794,2025-08,Premium,999,0,999,FALSE
U1794,2025-10,Premium,999,0,999,FALSE
U1795,2025-10,Basic,199,0,199,FALSE
U1795,2025-11,Basic,199,0,199,FALSE
U1795,2025-09,Basic,199,0,199,FALSE
U1795,2025-08,Basic,199,0,199,FALSE
U1795,2026-01,Basic,199,20,159.2,FALSE
U1795,2025-12,Basic,199,0,199,FALSE
U1796,2026-01,Standard,499,0,499,FALSE
U1796,2025-11,Standard,499,0,499,FALSE
U1796,2025-12,Standard,499,0,499,FALSE
U1796,2025-09,Standard,499,30,349.3,FALSE
U1796,2025-08,Standard,499,0,499,FALSE
U1796,2025-10,Standard,499,20,399.2,FALSE
U1797,2025-10,Basic,199,0,199,FALSE
U1797,2025-11,Basic,199,30,139.3,FALSE
U1797,2025-08,Basic,199,0,199,FALSE
U1797,2026-01,Basic,199,10,179.1,FALSE
U1797,2025-09,Basic,199,0,199,FALSE
U1798,2025-11,Standard,499,10,449.1,FALSE
U1798,2025-10,Standard,499,0,499,FALSE
U1798,2025-09,Standard,499,0,499,FALSE
U1798,2025-12,Standard,499,0,499,FALSE
U1798,2025-08,Standard,499,0,499,FALSE
U1799,2025-08,Basic,199,0,199,FALSE
U1799,2025-11,Basic,199,0,199,FALSE
U1799,2026-01,Basic,199,30,139.3,FALSE
U1799,2025-12,Basic,199,0,199,FALSE
U1799,2025-09,Basic,199,0,199,FALSE
U1799,2025-10,Basic,199,0,199,FALSE
U1800,2025-11,Premium,999,0,999,FALSE
U1800,2025-09,Premium,999,0,999,FALSE
U1800,2026-01,Premium,999,20,799.2,FALSE
U1800,2025-12,Premium,999,0,999,FALSE
U1800,2025-10,Premium,999,0,999,FALSE
U1800,2025-08,Premium,999,0,999,FALSE
U1801,2025-08,Premium,999,0,999,FALSE
U1801,2025-09,Premium,999,0,999,FALSE
U1801,2026-01,Standard,499,0,499,FALSE
U1801,2025-11,Premium,999,0,999,FALSE
U1801,2025-10,Premium,999,0,999,FALSE
U1801,2025-12,Premium,999,20,799.2,FALSE
U1802,2026-01,Standard,499,20,0,TRUE
U1802,2025-10,Standard,499,20,399.2,FALSE
U1802,2025-08,Standard,499,0,499,FALSE
U1802,2025-09,Standard,499,0,499,FALSE
U1802,2025-11,Standard,499,0,499,FALSE
U1802,2025-12,Standard,499,0,499,FALSE
U1803,2026-01,Basic,199,0,199,FALSE
U1803,2025-10,Basic,199,0,199,FALSE
U1803,2025-11,Basic,199,10,179.1,FALSE
U1803,2025-12,Basic,199,0,0,TRUE
U1803,2025-08,Basic,199,0,199,FALSE
U1804,2026-01,Standard,499,0,499,FALSE
U1804,2025-10,Standard,499,0,499,FALSE
U1804,2025-09,Standard,499,0,499,FALSE
U1804,2025-11,Standard,499,0,499,FALSE
U1804,2025-12,Standard,499,0,499,FALSE
U1805,2025-11,Standard,499,0,499,FALSE
U1805,2025-08,Premium,999,0,999,FALSE
U1805,2025-10,Premium,999,0,999,FALSE
U1805,2026-01,Basic,199,0,199,FALSE
U1805,2025-09,Premium,999,0,999,FALSE
U1805,2025-12,Basic,199,0,199,FALSE
U1806,2025-11,Standard,499,0,499,FALSE
U1806,2025-12,Standard,499,30,349.3,FALSE
U1806,2025-10,Standard,499,0,499,FALSE
U1806,2026-01,Standard,499,0,499,FALSE
U1806,2025-08,Standard,499,0,499,FALSE
U1807,2026-01,Standard,499,0,499,FALSE
U1807,2025-08,Standard,499,0,499,FALSE
U1807,2025-10,Standard,499,0,499,FALSE
U1807,2025-12,Standard,499,30,349.3,FALSE
U1807,2025-11,Standard,499,0,499,FALSE
U1807,2025-09,Standard,499,0,499,FALSE
U1808,2025-10,Standard,499,20,399.2,FALSE
U1808,2025-11,Standard,499,0,499,FALSE
U1808,2025-09,Standard,499,0,499,FALSE
U1808,2026-01,Standard,499,0,499,FALSE
U1808,2025-08,Standard,499,0,499,FALSE
U1809,2025-12,Standard,499,0,499,FALSE
U1809,2025-08,Standard,499,0,499,FALSE
U1809,2025-11,Standard,499,0,499,FALSE
U1809,2026-01,Standard,499,0,499,FALSE
U1810,2025-11,Basic,199,0,0,TRUE
U1810,2026-01,Basic,199,0,199,FALSE
U1810,2025-08,Standard,499,0,499,FALSE
U1810,2025-10,Standard,499,0,499,FALSE
U1810,2025-12,Basic,199,10,179.1,FALSE
U1810,2025-09,Standard,499,0,499,FALSE
U1811,2025-11,Standard,499,0,499,FALSE
U1811,2025-08,Standard,499,0,0,TRUE
U1811,2025-10,Standard,499,0,499,FALSE
U1811,2025-12,Standard,499,0,499,FALSE
U1811,2026-01,Standard,499,30,349.3,FALSE
U1811,2025-09,Standard,499,0,499,FALSE
U1812,2025-11,Basic,199,0,199,FALSE
U1812,2025-12,Basic,199,0,199,FALSE
U1812,2025-09,Premium,999,0,999,FALSE
U1812,2026-01,Basic,199,0,199,FALSE
U1812,2025-08,Premium,999,0,999,FALSE
U1813,2025-10,Standard,499,0,499,FALSE
U1813,2025-08,Standard,499,0,499,FALSE
U1813,2025-11,Basic,199,0,0,TRUE
U1813,2025-12,Basic,199,0,199,FALSE
U1813,2025-09,Standard,499,0,499,FALSE
U1813,2026-01,Basic,199,0,199,FALSE
U1814,2025-09,Standard,499,30,0,FALSE
U1814,2025-10,Basic,199,0,199,FALSE
U1814,2025-11,Basic,199,0,199,FALSE
U1814,2025-12,Basic,199,20,159.2,FALSE
U1814,2026-01,Basic,199,0,199,FALSE
U1815,2025-12,Premium,999,0,999,FALSE
U1815,2025-09,Premium,999,0,999,FALSE
U1815,2025-08,Premium,999,0,999,FALSE
U1815,2025-11,Premium,999,0,999,FALSE
U1815,2025-10,Premium,999,0,999,FALSE
U1815,2026-01,Premium,999,0,999,FALSE
U1816,2025-12,Basic,199,0,179.1,FALSE
U1816,2025-11,Basic,199,0,199,FALSE
U1816,2025-10,Basic,199,0,199,FALSE
U1816,2025-08,Basic,199,30,139.3,FALSE
U1816,2026-01,Basic,199,30,139.3,FALSE
U1816,2025-09,Basic,199,0,199,FALSE
U1817,2025-12,Premium,999,0,999,FALSE
U1817,2025-09,Premium,999,30,699.3,FALSE
U1817,2025-10,Premium,999,0,999,FALSE
U1817,2026-01,Premium,999,0,999,FALSE
U1817,2025-08,Premium,999,0,999,FALSE
U1818,2025-10,Basic,199,0,199,FALSE
U1818,2025-11,Basic,199,20,159.2,FALSE
U1818,2025-09,Basic,199,0,199,FALSE
U1818,2026-01,Basic,199,0,199,FALSE
U1818,2025-12,Basic,199,0,199,FALSE
U1818,2025-08,Basic,199,0,199,FALSE
U1819,2025-09,Basic,199,0,199,FALSE
U1819,2025-11,Basic,199,0,199,FALSE
U1819,2025-12,Basic,199,0,199,FALSE
U1819,2025-10,Basic,199,0,199,FALSE
U1819,2025-08,Basic,199,0,199,FALSE
U1819,2026-01,Basic,199,0,199,FALSE
U1820,2026-01,Basic,199,30,139.3,FALSE
U1820,2025-11,Basic,199,0,199,FALSE
U1820,2025-10,Basic,199,0,199,FALSE
U1820,2025-09,Basic,199,0,199,FALSE
U1820,2025-12,Basic,199,0,199,FALSE
U1821,2025-09,Standard,499,0,499,FALSE
U1821,2025-10,Standard,499,0,499,FALSE
U1821,2025-08,Standard,499,0,499,FALSE
U1821,2026-01,Standard,499,0,499,FALSE
U1821,2025-12,Standard,499,30,349.3,FALSE
U1822,2025-08,Standard,499,0,499,FALSE
U1822,2025-12,Standard,499,0,499,FALSE
U1822,2026-01,Basic,199,0,199,FALSE
U1822,2025-11,Standard,499,30,349.3,FALSE
U1823,2025-10,Basic,199,0,199,FALSE
U1823,2025-09,Basic,199,0,199,FALSE
U1823,2026-01,Basic,199,0,199,FALSE
U1823,2025-11,Basic,199,0,0,TRUE
U1823,2025-12,Basic,199,30,139.3,FALSE
U1823,2025-08,Basic,199,0,199,FALSE
U1824,2025-10,Basic,199,0,199,FALSE
U1824,2025-12,Basic,199,0,199,FALSE
U1824,2025-09,Basic,199,0,199,FALSE
U1824,2025-08,Basic,199,0,199,FALSE
U1824,2025-11,Basic,199,0,199,FALSE
U1825,2026-01,Standard,499,0,499,FALSE
U1825,2025-12,Standard,499,0,499,FALSE
U1825,2025-08,Standard,499,30,349.3,FALSE
U1825,2025-11,Standard,499,10,449.1,FALSE
U1825,2025-10,Standard,499,0,499,FALSE
U1825,2025-09,Standard,499,0,499,FALSE
U1826,2025-11,Premium,999,20,799.2,FALSE
U1826,2025-12,Premium,999,0,999,FALSE
U1826,2026-01,Premium,999,0,999,FALSE
U1826,2025-08,Premium,999,0,999,FALSE
U1826,2025-10,Premium,999,0,999,FALSE
U1826,2025-09,Premium,999,0,999,FALSE
U1827,2025-12,Standard,499,0,0,TRUE
U1827,2025-08,Standard,499,0,499,FALSE
U1827,2026-01,Basic,199,0,199,FALSE
U1827,2025-09,Standard,499,0,499,FALSE
U1827,2025-10,Standard,499,0,499,FALSE
U1827,2025-11,Standard,499,0,499,FALSE
U1828,2026-01,Standard,499,10,449.1,FALSE
U1828,2025-08,Standard,499,0,499,FALSE
U1828,2025-12,Standard,499,0,499,FALSE
U1828,2025-09,Standard,499,0,499,FALSE
U1828,2025-10,Standard,499,0,499,FALSE
U1828,2025-11,Standard,499,0,499,FALSE
U1829,2025-12,Basic,199,0,199,FALSE
U1829,2025-09,Basic,199,0,199,FALSE
U1829,2025-10,Basic,199,30,139.3,FALSE
U1829,2026-01,Basic,199,0,199,FALSE
U1829,2025-08,Basic,199,0,0,FALSE
U1829,2025-11,Basic,199,0,199,FALSE
U1830,2025-09,Basic,199,0,199,FALSE
U1830,2025-12,Basic,199,20,159.2,FALSE
U1830,2025-11,Basic,199,30,139.3,FALSE
U1830,2025-10,Basic,199,0,199,FALSE
U1830,2025-08,Basic,199,0,199,FALSE
U1830,2026-01,Basic,199,10,179.1,FALSE
U1831,2025-11,Standard,499,0,499,FALSE
U1831,2026-01,Standard,499,0,499,FALSE
U1831,2025-09,Standard,499,30,349.3,FALSE
U1831,2025-08,Standard,499,0,499,FALSE
U1831,2025-10,Standard,499,0,0,TRUE
U1831,2025-12,Standard,499,0,499,FALSE
U1832,2025-10,Standard,499,30,349.3,FALSE
U1832,2025-08,Standard,499,0,499,FALSE
U1832,2025-12,Standard,499,30,349.3,FALSE
U1832,2026-01,Basic,199,0,199,FALSE
U1832,2025-11,Standard,499,0,499,FALSE
U1832,2025-09,Standard,499,0,499,FALSE
U1833,2025-12,Standard,499,10,449.1,FALSE
U1833,2025-08,Standard,499,0,499,FALSE
U1833,2026-01,Standard,499,0,499,FALSE
U1833,2025-09,Standard,499,0,499,FALSE
U1833,2025-10,Standard,499,0,499,FALSE
U1833,2025-11,Standard,499,0,499,FALSE
U1834,2025-10,Basic,199,10,179.1,FALSE
U1834,2025-08,Basic,199,0,199,FALSE
U1834,2025-09,Basic,199,0,199,FALSE
U1834,2025-12,Basic,199,0,199,FALSE
U1834,2025-11,Basic,199,30,139.3,FALSE
U1834,2026-01,Basic,199,0,199,FALSE
U1835,2025-09,Standard,499,0,499,FALSE
U1835,2025-08,Standard,499,0,499,FALSE
U1835,2025-10,Standard,499,0,499,FALSE
U1835,2025-12,Standard,499,0,499,FALSE
U1835,2026-01,Standard,499,0,499,FALSE
U1835,2025-11,Standard,499,0,499,FALSE
U1836,2025-12,Standard,499,10,449.1,FALSE
U1836,2026-01,Standard,499,0,499,FALSE
U1836,2025-08,Standard,499,0,0,FALSE
U1836,2025-11,Standard,499,10,449.1,FALSE
U1836,2025-10,Standard,499,0,499,FALSE
U1837,2025-11,Premium,999,0,999,FALSE
U1837,2025-08,Premium,999,0,999,FALSE
U1837,2025-12,Premium,999,0,999,FALSE
U1837,2025-10,Premium,999,0,999,FALSE
U1837,2025-09,Premium,999,0,999,FALSE
U1837,2026-01,Premium,999,0,999,FALSE
U1838,2025-09,Standard,499,0,499,FALSE
U1838,2025-12,Basic,199,0,199,FALSE
U1838,2025-10,Standard,499,10,449.1,FALSE
U1838,2026-01,Basic,199,0,199,FALSE
U1838,2025-08,Standard,499,0,499,FALSE
U1838,2025-11,Standard,499,0,499,FALSE
U1839,2025-12,Basic,199,0,199,FALSE
U1839,2025-09,Basic,199,30,139.3,FALSE
U1839,2026-01,Basic,199,0,0,TRUE
U1839,2025-10,Basic,199,0,199,FALSE
U1839,2025-11,Basic,199,0,199,FALSE
U1839,2025-08,Basic,199,20,159.2,FALSE
U1840,2025-09,Standard,499,0,499,FALSE
U1840,2025-11,Basic,199,20,159.2,FALSE
U1840,2026-01,Basic,199,0,199,FALSE
U1840,2025-10,Basic,199,0,199,FALSE
U1840,2025-12,Basic,199,0,199,FALSE
U1840,2025-08,Standard,499,20,399.2,FALSE
U1841,2025-08,Standard,499,0,499,FALSE
U1841,2025-11,Standard,499,0,499,FALSE
U1841,2025-09,Standard,499,0,499,FALSE
U1841,2025-10,Standard,499,0,499,FALSE
U1841,2025-12,Standard,499,0,499,FALSE
U1841,2026-01,Standard,499,20,399.2,FALSE
U1842,2025-09,Standard,499,0,499,FALSE
U1842,2025-12,Basic,199,0,0,TRUE
U1842,2025-10,Basic,199,10,179.1,FALSE
U1842,2026-01,Basic,199,0,199,FALSE
U1842,2025-11,Basic,199,0,199,FALSE
U1842,2025-08,Standard,499,10,449.1,FALSE
U1843,2025-11,Basic,199,10,179.1,FALSE
U1843,2025-08,Basic,199,0,199,FALSE
U1843,2025-09,Basic,199,0,199,FALSE
U1844,2026-01,Basic,199,10,179.1,FALSE
U1844,2025-11,Basic,199,10,179.1,FALSE
U1844,2025-08,Basic,199,0,199,FALSE
U1844,2025-10,Basic,199,20,159.2,FALSE
U1844,2025-09,Basic,199,0,199,FALSE
U1845,2025-10,Basic,199,0,199,FALSE
U1845,2025-09,Basic,199,0,199,FALSE
U1845,2025-11,Basic,199,0,199,FALSE
U1845,2025-08,Basic,199,0,199,FALSE
U1845,2025-12,Basic,199,0,199,FALSE
U1846,2026-01,Standard,499,0,0,TRUE
U1846,2025-10,Standard,499,0,499,FALSE
U1846,2025-09,Standard,499,0,499,FALSE
U1846,2025-12,Standard,499,0,499,FALSE
U1847,2025-12,Standard,499,0,499,FALSE
U1847,2026-01,Standard,499,20,399.2,FALSE
U1847,2025-10,Standard,499,0,499,FALSE
U1847,2025-08,Standard,499,20,399.2,FALSE
U1848,2025-11,Basic,199,0,199,FALSE
U1848,2025-12,Basic,199,0,199,FALSE
U1848,2025-09,Basic,199,0,199,FALSE
U1848,2026-01,Basic,199,0,199,FALSE
U1848,2025-08,Basic,199,0,199,FALSE
U1848,2025-10,Basic,199,0,199,FALSE
U1849,2025-12,Basic,199,0,0,TRUE
U1849,2025-09,Basic,199,0,199,FALSE
U1849,2025-11,Basic,199,0,199,FALSE
U1849,2025-08,Basic,199,0,199,FALSE
U1849,2026-01,Basic,199,0,199,FALSE
U1849,2025-10,Basic,199,0,199,FALSE
U1850,2025-08,Basic,199,0,199,FALSE
U1850,2025-09,Basic,199,0,199,FALSE
U1850,2025-10,Basic,199,0,199,FALSE
U1850,2025-12,Basic,199,20,0,TRUE
U1850,2026-01,Basic,199,0,0,TRUE
U1850,2025-11,Basic,199,0,199,FALSE
U1851,2025-12,Premium,999,0,999,FALSE
U1851,2025-11,Premium,999,0,999,FALSE
U1851,2025-10,Premium,999,0,999,FALSE
U1851,2026-01,Premium,999,30,699.3,FALSE
U1851,2025-08,Premium,999,0,999,FALSE
U1852,2025-10,Premium,999,0,999,FALSE
U1852,2025-09,Premium,999,0,999,FALSE
U1852,2025-11,Premium,999,0,999,FALSE
U1852,2025-12,Premium,999,0,0,TRUE
U1852,2026-01,Premium,999,0,999,FALSE
U1852,2025-08,Premium,999,0,999,FALSE
U1853,2025-12,Standard,499,0,499,FALSE
U1853,2025-09,Standard,499,0,499,FALSE
U1853,2025-08,Standard,499,0,499,FALSE
U1853,2025-11,Standard,499,0,499,FALSE
U1853,2025-10,Standard,499,0,499,FALSE
U1853,2026-01,Standard,499,0,499,FALSE
U1854,2025-12,Basic,199,0,0,TRUE
U1854,2025-10,Basic,199,0,199,FALSE
U1854,2025-11,Basic,199,0,199,FALSE
U1854,2025-09,Basic,199,0,199,FALSE
U1854,2025-08,Basic,199,0,199,FALSE
U1854,2026-01,Basic,199,30,139.3,FALSE
U1855,2026-01,Basic,199,0,0,TRUE
U1855,2025-12,Basic,199,0,199,FALSE
U1855,2025-10,Basic,199,0,199,FALSE
U1855,2025-08,Basic,199,0,199,FALSE
U1855,2025-09,Basic,199,10,179.1,FALSE
U1856,2025-10,Basic,199,0,199,FALSE
U1856,2025-09,Basic,199,0,199,FALSE
U1856,2025-12,Basic,199,0,199,FALSE
U1856,2026-01,Basic,199,0,199,FALSE
U1856,2025-11,Basic,199,0,199,FALSE
U1857,2025-12,Basic,199,0,199,FALSE
U1857,2025-09,Standard,499,0,499,FALSE
U1857,2025-10,Standard,499,30,349.3,FALSE
U1857,2025-08,Standard,499,0,499,FALSE
U1858,2025-12,Standard,499,10,449.1,FALSE
U1858,2026-01,Standard,499,20,399.2,FALSE
U1858,2025-11,Standard,499,0,499,FALSE
U1858,2025-10,Standard,499,10,449.1,FALSE
U1858,2025-08,Premium,999,0,999,FALSE
U1858,2025-09,Premium,999,0,999,FALSE
U1859,2025-11,Standard,499,0,499,FALSE
U1859,2025-08,Standard,499,0,499,FALSE
U1859,2025-09,Standard,499,0,499,FALSE
U1859,2025-12,Standard,499,0,0,TRUE
U1859,2026-01,Standard,499,0,499,FALSE
U1859,2025-10,Standard,499,0,0,TRUE
U1860,2025-12,Basic,199,30,139.3,FALSE
U1860,2025-11,Basic,199,20,159.2,FALSE
U1860,2025-09,Basic,199,0,199,FALSE
U1860,2026-01,Basic,199,0,199,FALSE
U1860,2025-08,Basic,199,10,179.1,FALSE
U1861,2025-12,Basic,199,0,199,FALSE
U1861,2025-11,Basic,199,0,199,FALSE
U1861,2025-08,Standard,499,0,499,FALSE
U1861,2026-01,Basic,199,0,199,FALSE
U1861,2025-10,Standard,499,0,499,FALSE
U1861,2025-09,Standard,499,0,0,TRUE
U1862,2025-10,Standard,499,0,499,FALSE
U1862,2025-08,Standard,499,0,499,FALSE
U1862,2025-11,Standard,499,0,499,FALSE
U1862,2025-12,Standard,499,0,499,FALSE
U1862,2026-01,Basic,199,0,199,FALSE
U1863,2025-09,Basic,199,0,199,FALSE
U1863,2025-11,Basic,199,20,159.2,FALSE
U1863,2025-08,Basic,199,0,199,FALSE
U1863,2026-01,Basic,199,20,159.2,FALSE
U1863,2025-10,Basic,199,0,199,FALSE
U1863,2025-12,Basic,199,0,199,FALSE
U1864,2025-10,Premium,999,0,999,FALSE
U1864,2025-09,Premium,999,0,0,TRUE
U1864,2026-01,Premium,999,10,899.1,FALSE
U1864,2025-11,Premium,999,0,999,FALSE
U1864,2025-08,Premium,999,0,999,FALSE
U1864,2025-12,Premium,999,0,999,FALSE
U1865,2026-01,Basic,199,10,179.1,FALSE
U1865,2025-09,Basic,199,0,199,FALSE
U1865,2025-10,Basic,199,20,159.2,FALSE
U1865,2025-08,Basic,199,0,199,FALSE
U1865,2025-11,Basic,199,0,199,FALSE
U1865,2025-12,Basic,199,0,0,TRUE
U1866,2025-11,Premium,999,0,999,FALSE
U1866,2025-08,Premium,999,0,999,FALSE
U1866,2025-12,Standard,499,0,499,FALSE
U1866,2025-09,Premium,999,0,999,FALSE
U1866,2026-01,Standard,499,0,499,FALSE
U1867,2025-11,Basic,199,0,199,FALSE
U1867,2025-12,Basic,199,0,199,FALSE
U1867,2025-08,Standard,499,0,499,FALSE
U1867,2025-10,Standard,499,0,499,FALSE
U1867,2025-09,Standard,499,0,499,FALSE
U1867,2026-01,Basic,199,20,159.2,FALSE
U1868,2025-08,Premium,999,0,999,FALSE
U1868,2025-09,Premium,999,0,999,FALSE
U1868,2025-10,Premium,999,0,999,FALSE
U1868,2025-11,Premium,999,30,699.3,FALSE
U1868,2025-12,Premium,999,0,999,FALSE
U1868,2026-01,Premium,999,0,999,FALSE
U1869,2025-12,Standard,499,0,0,TRUE
U1869,2025-08,Standard,499,0,499,FALSE
U1869,2026-01,Standard,499,0,499,FALSE
U1869,2025-10,Standard,499,0,499,FALSE
U1869,2025-09,Standard,499,10,449.1,FALSE
U1869,2025-11,Standard,499,0,499,FALSE
U1870,2026-01,Standard,499,0,499,FALSE
U1870,2025-11,Standard,499,0,499,FALSE
U1870,2025-10,Standard,499,0,499,FALSE
U1870,2025-09,Standard,499,0,499,FALSE
U1870,2025-12,Standard,499,0,499,FALSE
U1871,2026-01,Basic,199,30,139.3,FALSE
U1871,2025-09,Basic,199,0,199,FALSE
U1871,2025-08,Basic,199,0,199,FALSE
U1871,2025-12,Basic,199,30,139.3,FALSE
U1871,2025-11,Basic,199,0,199,FALSE
U1871,2025-10,Basic,199,0,199,FALSE
U1872,2025-11,Standard,499,0,499,FALSE
U1872,2025-10,Standard,499,0,499,FALSE
U1872,2026-01,Standard,499,0,499,FALSE
U1872,2025-12,Standard,499,0,499,FALSE
U1872,2025-08,Premium,999,0,999,FALSE
U1872,2025-09,Standard,499,0,499,FALSE
U1873,2025-11,Premium,999,0,999,FALSE
U1873,2025-09,Premium,999,0,999,FALSE
U1873,2026-01,Premium,999,0,999,FALSE
U1873,2025-08,Premium,999,0,0,TRUE
U1874,2025-12,Basic,199,0,199,FALSE
U1874,2025-08,Basic,199,0,199,FALSE
U1874,2026-01,Basic,199,0,199,FALSE
U1874,2025-11,Basic,199,0,199,FALSE
U1874,2025-10,Basic,199,0,199,FALSE
U1874,2025-09,Basic,199,0,199,FALSE
U1875,2025-11,Standard,499,0,499,FALSE
U1875,2025-09,Standard,499,10,449.1,FALSE
U1875,2025-08,Standard,499,0,499,FALSE
U1875,2026-01,Standard,499,10,0,TRUE
U1875,2025-12,Standard,499,0,499,FALSE
U1875,2025-10,Standard,499,0,499,FALSE
U1876,2025-09,Premium,999,20,799.2,FALSE
U1876,2025-11,Premium,999,10,899.1,FALSE
U1876,2025-12,Premium,999,0,999,FALSE
U1876,2025-08,Premium,999,0,999,FALSE
U1876,2025-10,Premium,999,0,999,FALSE
U1876,2026-01,Premium,999,0,999,FALSE
U1877,2025-12,Basic,199,0,0,TRUE
U1877,2025-08,Basic,199,0,199,FALSE
U1877,2026-01,Basic,199,0,199,FALSE
U1877,2025-09,Basic,199,0,199,FALSE
U1877,2025-10,Basic,199,0,199,FALSE
U1877,2025-11,Basic,199,0,199,FALSE
U1878,2025-11,Premium,999,0,999,FALSE
U1878,2026-01,Premium,999,30,699.3,FALSE
U1878,2025-12,Premium,999,0,999,FALSE
U1878,2025-08,Premium,999,0,999,FALSE
U1878,2025-10,Premium,999,0,999,FALSE
U1879,2025-09,Standard,499,0,499,FALSE
U1879,2025-08,Standard,499,20,399.2,FALSE
U1879,2025-10,Standard,499,0,499,FALSE
U1879,2025-12,Standard,499,0,499,FALSE
U1879,2025-11,Standard,499,0,499,FALSE
U1879,2026-01,Standard,499,0,499,FALSE
U1880,2025-09,Premium,999,0,999,FALSE
U1880,2026-01,Standard,499,0,499,FALSE
U1880,2025-08,Premium,999,0,999,FALSE
U1880,2025-11,Premium,999,0,999,FALSE
U1880,2025-10,Premium,999,0,999,FALSE
U1880,2025-12,Premium,999,0,999,FALSE
U1881,2025-08,Premium,999,0,999,FALSE
U1881,2025-12,Premium,999,0,999,FALSE
U1881,2025-10,Premium,999,0,999,FALSE
U1881,2025-09,Premium,999,20,799.2,FALSE
U1881,2026-01,Premium,999,0,999,FALSE
U1881,2025-11,Premium,999,0,0,TRUE
U1882,2025-11,Premium,999,0,0,TRUE
U1882,2025-12,Premium,999,0,999,FALSE
U1882,2025-10,Premium,999,0,999,FALSE
U1882,2025-09,Premium,999,0,999,FALSE
U1882,2025-08,Premium,999,0,0,TRUE
U1882,2026-01,Premium,999,0,999,FALSE
U1883,2026-01,Basic,199,10,179.1,FALSE
U1883,2025-11,Basic,199,30,139.3,FALSE
U1883,2025-10,Basic,199,0,199,FALSE
U1883,2025-12,Basic,199,10,179.1,FALSE
U1883,2025-09,Basic,199,10,179.1,FALSE
U1884,2025-10,Basic,199,0,199,FALSE
U1884,2025-11,Basic,199,0,159.2,FALSE
U1884,2025-12,Basic,199,0,199,FALSE
U1884,2025-08,Basic,199,0,199,FALSE
U1884,2025-09,Basic,199,0,199,FALSE
U1884,2026-01,Basic,199,0,0,TRUE
U1885,2025-12,Standard,499,0,499,FALSE
U1885,2025-09,Standard,499,0,499,FALSE
U1885,2025-10,Standard,499,0,499,FALSE
U1885,2026-01,Standard,499,0,499,FALSE
U1885,2025-08,Standard,499,0,499,FALSE
U1885,2025-11,Standard,499,10,449.1,FALSE
U1886,2025-08,Premium,999,0,999,FALSE
U1886,2026-01,Premium,999,0,999,FALSE
U1886,2025-10,Premium,999,0,999,FALSE
U1886,2025-12,Premium,999,0,999,FALSE
U1886,2025-11,Premium,999,0,999,FALSE
U1886,2025-09,Premium,999,0,999,FALSE
U1887,2025-12,Standard,499,0,499,FALSE
U1887,2025-09,Standard,499,0,499,FALSE
U1887,2025-11,Standard,499,0,499,FALSE
U1887,2026-01,Standard,499,0,499,FALSE
U1887,2025-08,Standard,499,0,499,FALSE
U1887,2025-10,Standard,499,0,499,FALSE
U1888,2026-01,Standard,499,0,499,FALSE
U1888,2025-10,Standard,499,0,499,FALSE
U1888,2025-12,Standard,499,0,499,FALSE
U1888,2025-08,Standard,499,0,499,FALSE
U1888,2025-11,Standard,499,0,499,FALSE
U1888,2025-09,Standard,499,0,499,FALSE
U1889,2025-09,Standard,499,0,499,FALSE
U1889,2025-08,Standard,499,0,499,FALSE
U1889,2025-10,Standard,499,0,499,FALSE
U1889,2026-01,Standard,499,0,499,FALSE
U1889,2025-11,Standard,499,0,499,FALSE
U1889,2025-12,Standard,499,0,499,FALSE
U1890,2025-10,Standard,499,10,449.1,FALSE
U1890,2025-12,Standard,499,0,499,FALSE
U1890,2026-01,Basic,199,0,199,FALSE
U1890,2025-08,Standard,499,0,499,FALSE
U1890,2025-11,Standard,499,0,499,FALSE
U1891,2025-12,Standard,499,0,499,FALSE
U1891,2025-09,Standard,499,0,499,FALSE
U1891,2026-01,Standard,499,0,499,FALSE
U1891,2025-11,Standard,499,0,499,FALSE
U1891,2025-08,Standard,499,0,499,FALSE
U1892,2025-10,Premium,999,0,999,FALSE
U1892,2025-12,Premium,999,0,999,FALSE
U1892,2025-11,Premium,999,0,999,FALSE
U1892,2026-01,Premium,999,0,999,FALSE
U1892,2025-08,Premium,999,0,999,FALSE
U1892,2025-09,Premium,999,0,999,FALSE
U1893,2026-01,Basic,199,0,199,FALSE
U1893,2025-11,Basic,199,0,199,FALSE
U1893,2025-12,Basic,199,0,199,FALSE
U1893,2025-10,Basic,199,0,199,FALSE
U1893,2025-09,Basic,199,30,139.3,FALSE
U1893,2025-08,Basic,199,0,199,FALSE
U1894,2025-10,Standard,499,0,499,FALSE
U1894,2025-12,Standard,499,0,499,FALSE
U1894,2025-08,Premium,999,0,999,FALSE
U1894,2025-11,Standard,499,0,499,FALSE
U1894,2025-09,Premium,999,0,999,FALSE
U1895,2025-12,Standard,499,0,0,TRUE
U1895,2025-11,Standard,499,0,499,FALSE
U1895,2025-08,Standard,499,0,499,FALSE
U1895,2025-09,Standard,499,0,499,FALSE
U1895,2025-10,Standard,499,0,499,FALSE
U1895,2026-01,Standard,499,0,499,FALSE
U1896,2025-09,Basic,199,30,139.3,FALSE
U1896,2025-10,Basic,199,0,199,FALSE
U1896,2025-12,Basic,199,20,159.2,FALSE
U1896,2025-11,Basic,199,0,199,FALSE
U1896,2026-01,Basic,199,0,199,FALSE
U1896,2025-08,Standard,499,0,499,FALSE
U1897,2025-08,Premium,999,0,999,FALSE
U1897,2025-11,Standard,499,0,499,FALSE
U1897,2025-09,Premium,999,20,799.2,FALSE
U1897,2025-10,Premium,999,30,699.3,FALSE
U1898,2025-11,Basic,199,0,199,FALSE
U1898,2025-09,Standard,499,0,499,FALSE
U1898,2025-10,Standard,499,0,499,FALSE
U1898,2026-01,Basic,199,0,199,FALSE
U1898,2025-12,Basic,199,30,139.3,FALSE
U1898,2025-08,Standard,499,0,499,FALSE
U1899,2025-09,Standard,499,0,499,FALSE
U1899,2026-01,Standard,499,10,449.1,FALSE
U1899,2025-12,Standard,499,0,499,FALSE
U1899,2025-11,Standard,499,20,399.2,FALSE
U1899,2025-08,Standard,499,10,449.1,FALSE
U1899,2025-10,Standard,499,0,0,FALSE
U1900,2025-12,Basic,199,0,199,FALSE
U1900,2025-09,Basic,199,0,199,FALSE
U1900,2026-01,Basic,199,0,199,FALSE
U1900,2025-11,Basic,199,0,199,FALSE
U1900,2025-08,Basic,199,0,199,FALSE
U1900,2025-10,Basic,199,0,199,FALSE
U1901,2025-08,Premium,999,0,999,FALSE
U1901,2025-10,Premium,999,0,999,FALSE
U1901,2025-12,Premium,999,0,999,FALSE
U1901,2025-09,Premium,999,0,999,FALSE
U1901,2026-01,Premium,999,20,799.2,FALSE
U1901,2025-11,Premium,999,0,999,FALSE
U1902,2026-01,Basic,199,0,199,FALSE
U1902,2025-12,Basic,199,0,0,TRUE
U1902,2025-09,Basic,199,0,199,FALSE
U1902,2025-08,Basic,199,0,199,FALSE
U1902,2025-11,Basic,199,0,199,FALSE
U1903,2026-01,Basic,199,0,199,FALSE
U1903,2025-11,Standard,499,0,499,FALSE
U1903,2025-12,Standard,499,0,499,FALSE
U1903,2025-09,Standard,499,0,499,FALSE
U1903,2025-08,Standard,499,0,499,FALSE
U1903,2025-10,Standard,499,0,499,FALSE
U1904,2026-01,Premium,999,0,999,FALSE
U1904,2025-12,Premium,999,0,999,FALSE
U1904,2025-09,Premium,999,0,999,FALSE
U1904,2025-10,Premium,999,30,699.3,FALSE
U1904,2025-11,Premium,999,0,999,FALSE
U1904,2025-08,Premium,999,0,999,FALSE
U1905,2025-09,Standard,499,0,499,FALSE
U1905,2025-12,Standard,499,0,0,TRUE
U1905,2026-01,Standard,499,0,499,FALSE
U1905,2025-08,Standard,499,0,0,FALSE
U1905,2025-11,Standard,499,0,499,FALSE
U1905,2025-10,Standard,499,0,499,FALSE
U1906,2025-08,Standard,499,0,499,FALSE
U1906,2025-09,Standard,499,0,499,FALSE
U1906,2025-10,Standard,499,10,449.1,FALSE
U1906,2025-11,Standard,499,0,499,FALSE
U1906,2025-12,Standard,499,30,349.3,FALSE
U1906,2026-01,Standard,499,30,349.3,FALSE
U1907,2025-12,Basic,199,0,199,FALSE
U1907,2025-11,Basic,199,0,199,FALSE
U1907,2025-08,Basic,199,20,159.2,FALSE
U1907,2025-10,Basic,199,20,159.2,FALSE
U1907,2025-09,Basic,199,0,199,FALSE
U1907,2026-01,Basic,199,0,199,FALSE
U1908,2026-01,Premium,999,20,799.2,FALSE
U1908,2025-12,Premium,999,0,999,FALSE
U1908,2025-08,Premium,999,0,999,FALSE
U1908,2025-11,Premium,999,0,999,FALSE
U1908,2025-09,Premium,999,0,999,FALSE
U1908,2025-10,Premium,999,20,799.2,FALSE
U1909,2025-10,Standard,499,0,499,FALSE
U1909,2026-01,Standard,499,0,499,FALSE
U1909,2025-09,Standard,499,0,499,FALSE
U1909,2025-08,Standard,499,0,499,FALSE
U1909,2025-12,Standard,499,0,499,FALSE
U1909,2025-11,Standard,499,0,499,FALSE
U1910,2025-11,Basic,199,0,199,FALSE
U1910,2025-10,Standard,499,30,349.3,FALSE
U1910,2025-09,Standard,499,0,499,FALSE
U1910,2025-12,Basic,199,20,159.2,FALSE
U1910,2025-08,Standard,499,0,499,FALSE
U1911,2025-12,Basic,199,20,159.2,FALSE
U1911,2025-10,Basic,199,0,199,FALSE
U1911,2026-01,Basic,199,20,159.2,FALSE
U1911,2025-09,Basic,199,30,139.3,FALSE
U1911,2025-11,Basic,199,20,159.2,FALSE
U1911,2025-08,Basic,199,0,199,FALSE
U1912,2025-10,Standard,499,0,499,FALSE
U1912,2025-11,Standard,499,0,499,FALSE
U1912,2025-09,Standard,499,0,499,FALSE
U1912,2026-01,Standard,499,30,349.3,FALSE
U1912,2025-08,Premium,999,0,999,FALSE
U1912,2025-12,Standard,499,10,449.1,FALSE
U1913,2026-01,Basic,199,0,199,FALSE
U1913,2025-08,Basic,199,0,199,FALSE
U1913,2025-10,Basic,199,0,199,FALSE
U1913,2025-11,Basic,199,0,199,FALSE
U1913,2025-09,Basic,199,0,199,FALSE
U1914,2026-01,Standard,499,0,499,FALSE
U1914,2025-12,Standard,499,0,499,FALSE
U1914,2025-10,Standard,499,0,499,FALSE
U1914,2025-09,Standard,499,0,499,FALSE
U1914,2025-11,Standard,499,30,349.3,FALSE
U1914,2025-08,Standard,499,0,499,FALSE
U1915,2026-01,Standard,499,0,499,FALSE
U1915,2025-12,Standard,499,0,499,FALSE
U1915,2025-09,Standard,499,0,499,FALSE
U1915,2025-11,Standard,499,0,499,FALSE
U1915,2025-08,Standard,499,0,499,FALSE
U1915,2025-10,Standard,499,0,499,FALSE
U1916,2025-10,Basic,199,30,139.3,FALSE
U1916,2025-09,Basic,199,0,199,FALSE
U1916,2025-12,Basic,199,0,199,FALSE
U1916,2025-08,Basic,199,0,199,FALSE
U1916,2025-11,Basic,199,0,199,FALSE
U1917,2025-09,Standard,499,10,449.1,FALSE
U1917,2025-11,Standard,499,0,499,FALSE
U1917,2026-01,Standard,499,0,499,FALSE
U1917,2025-10,Standard,499,0,499,FALSE
U1917,2025-12,Standard,499,0,499,FALSE
U1917,2025-08,Standard,499,0,499,FALSE
U1918,2025-11,Standard,499,0,499,FALSE
U1918,2025-09,Standard,499,0,499,FALSE
U1918,2026-01,Standard,499,20,399.2,FALSE
U1918,2025-12,Standard,499,10,449.1,FALSE
U1918,2025-08,Standard,499,0,499,FALSE
U1919,2025-09,Basic,199,0,199,FALSE
U1919,2026-01,Basic,199,10,179.1,FALSE
U1919,2025-10,Basic,199,0,199,FALSE
U1919,2025-08,Basic,199,0,199,FALSE
U1919,2025-11,Basic,199,0,199,FALSE
U1919,2025-12,Basic,199,0,199,FALSE
U1920,2025-08,Standard,499,30,349.3,FALSE
U1920,2025-09,Standard,499,0,499,FALSE
U1920,2025-11,Basic,199,0,199,FALSE
U1920,2025-10,Standard,499,0,499,FALSE
U1920,2025-12,Basic,199,0,199,FALSE
U1920,2026-01,Basic,199,0,199,FALSE
U1921,2026-01,Basic,199,0,0,TRUE
U1921,2025-12,Basic,199,0,0,FALSE
U1921,2025-11,Basic,199,30,139.3,FALSE
U1921,2025-08,Basic,199,0,199,FALSE
U1921,2025-10,Basic,199,0,199,FALSE
U1921,2025-09,Basic,199,0,199,FALSE
U1922,2025-09,Standard,499,0,499,FALSE
U1922,2025-08,Standard,499,0,499,FALSE
U1922,2026-01,Standard,499,0,499,FALSE
U1922,2025-10,Standard,499,0,499,FALSE
U1922,2025-11,Standard,499,10,449.1,FALSE
U1922,2025-12,Standard,499,0,499,FALSE
U1923,2025-08,Basic,199,0,199,FALSE
U1923,2025-11,Basic,199,0,199,FALSE
U1923,2026-01,Basic,199,0,199,FALSE
U1923,2025-10,Basic,199,0,199,FALSE
U1923,2025-12,Basic,199,0,199,FALSE
U1923,2025-09,Basic,199,0,199,FALSE
U1924,2025-10,Standard,499,0,499,FALSE
U1924,2025-12,Standard,499,0,499,FALSE
U1924,2026-01,Standard,499,30,349.3,FALSE
U1924,2025-09,Standard,499,0,499,FALSE
U1924,2025-08,Standard,499,0,499,FALSE
U1924,2025-11,Standard,499,0,499,FALSE
U1925,2025-11,Standard,499,0,499,FALSE
U1925,2025-09,Standard,499,0,499,FALSE
U1925,2026-01,Standard,499,0,499,FALSE
U1925,2025-10,Standard,499,0,499,FALSE
U1925,2025-12,Standard,499,30,349.3,FALSE
U1925,2025-08,Standard,499,0,499,FALSE
U1926,2025-08,Standard,499,0,499,FALSE
U1926,2025-10,Basic,199,10,179.1,FALSE
U1926,2025-11,Basic,199,0,199,FALSE
U1926,2025-12,Basic,199,20,159.2,FALSE
U1926,2025-09,Basic,199,0,199,FALSE
U1926,2026-01,Basic,199,30,139.3,FALSE
U1927,2025-10,Standard,499,10,449.1,FALSE
U1927,2025-08,Standard,499,20,399.2,FALSE
U1927,2025-12,Basic,199,10,179.1,FALSE
U1927,2026-01,Basic,199,0,199,FALSE
U1927,2025-09,Standard,499,0,499,FALSE
U1928,2025-09,Basic,199,20,159.2,FALSE
U1928,2025-12,Basic,199,0,199,FALSE
U1928,2026-01,Basic,199,0,199,FALSE
U1928,2025-08,Basic,199,0,199,FALSE
U1928,2025-11,Basic,199,0,199,FALSE
U1929,2026-01,Standard,499,0,499,FALSE
U1929,2025-08,Standard,499,0,499,FALSE
U1929,2025-09,Standard,499,0,499,FALSE
U1929,2025-10,Standard,499,0,499,FALSE
U1929,2025-11,Standard,499,0,499,FALSE
U1929,2025-12,Standard,499,30,349.3,FALSE
U1930,2025-11,Standard,499,0,0,TRUE
U1930,2025-08,Premium,999,20,799.2,FALSE
U1930,2025-12,Standard,499,0,499,FALSE
U1930,2026-01,Standard,499,0,499,FALSE
U1930,2025-10,Standard,499,30,349.3,FALSE
U1930,2025-09,Standard,499,0,499,FALSE
U1931,2025-09,Basic,199,0,199,FALSE
U1931,2025-11,Basic,199,0,199,FALSE
U1931,2025-12,Basic,199,0,199,FALSE
U1931,2025-10,Basic,199,0,199,FALSE
U1931,2025-08,Basic,199,20,159.2,FALSE
U1932,2025-10,Premium,999,0,999,FALSE
U1932,2026-01,Standard,499,0,499,FALSE
U1932,2025-08,Premium,999,0,999,FALSE
U1932,2025-09,Premium,999,0,999,FALSE
U1932,2025-11,Premium,999,0,999,FALSE
U1933,2025-08,Premium,999,0,999,FALSE
U1933,2025-09,Premium,999,0,999,FALSE
U1933,2026-01,Premium,999,0,999,FALSE
U1933,2025-10,Premium,999,10,899.1,FALSE
U1933,2025-12,Premium,999,10,899.1,FALSE
U1933,2025-11,Premium,999,0,999,FALSE
U1934,2025-10,Standard,499,0,499,FALSE
U1934,2025-11,Standard,499,0,499,FALSE
U1934,2025-08,Standard,499,0,499,FALSE
U1934,2025-12,Standard,499,0,499,FALSE
U1934,2026-01,Standard,499,0,499,FALSE
U1934,2025-09,Standard,499,0,499,FALSE
U1935,2025-10,Basic,199,0,199,FALSE
U1935,2025-09,Basic,199,0,199,FALSE
U1935,2026-01,Basic,199,0,199,FALSE
U1935,2025-11,Basic,199,0,199,FALSE
U1935,2025-12,Basic,199,10,179.1,FALSE
U1935,2025-08,Basic,199,0,199,FALSE
U1936,2025-09,Standard,499,0,499,FALSE
U1936,2025-12,Basic,199,0,199,FALSE
U1936,2025-10,Standard,499,0,499,FALSE
U1936,2025-08,Standard,499,0,499,FALSE
U1936,2025-11,Standard,499,0,499,FALSE
U1937,2025-11,Basic,199,20,159.2,FALSE
U1937,2025-12,Basic,199,0,199,FALSE
U1937,2025-10,Basic,199,0,199,FALSE
U1937,2025-09,Basic,199,30,139.3,FALSE
U1937,2025-08,Basic,199,0,199,FALSE
U1937,2026-01,Basic,199,30,139.3,FALSE
U1938,2025-11,Basic,199,0,199,FALSE
U1938,2025-10,Basic,199,0,199,FALSE
U1938,2025-12,Basic,199,0,199,FALSE
U1938,2026-01,Basic,199,30,0,TRUE
U1938,2025-09,Basic,199,0,199,FALSE
U1938,2025-08,Basic,199,0,199,FALSE
U1939,2025-12,Basic,199,10,179.1,FALSE
U1939,2026-01,Basic,199,0,199,FALSE
U1939,2025-11,Standard,499,10,449.1,FALSE
U1939,2025-08,Premium,999,10,899.1,FALSE
U1940,2025-09,Basic,199,0,199,FALSE
U1940,2026-01,Basic,199,0,199,FALSE
U1940,2025-12,Basic,199,0,199,FALSE
U1940,2025-08,Basic,199,0,199,FALSE
U1940,2025-10,Basic,199,0,199,FALSE
U1940,2025-11,Basic,199,0,199,FALSE
U1941,2025-08,Standard,499,0,499,FALSE
U1941,2025-10,Standard,499,0,0,FALSE
U1941,2026-01,Standard,499,0,499,FALSE
U1941,2025-12,Standard,499,0,499,FALSE
U1941,2025-09,Standard,499,0,499,FALSE
U1942,2025-11,Basic,199,0,199,FALSE
U1942,2025-10,Basic,199,0,199,FALSE
U1942,2025-08,Basic,199,0,199,FALSE
U1942,2026-01,Basic,199,0,199,FALSE
U1942,2025-12,Basic,199,0,199,FALSE
U1942,2025-09,Basic,199,0,199,FALSE
U1943,2025-12,Basic,199,0,199,FALSE
U1943,2025-08,Basic,199,0,199,FALSE
U1943,2026-01,Basic,199,20,159.2,FALSE
U1943,2025-11,Basic,199,0,199,FALSE
U1943,2025-09,Basic,199,0,199,FALSE
U1944,2025-08,Standard,499,0,499,FALSE
U1944,2026-01,Standard,499,0,499,FALSE
U1944,2025-10,Standard,499,0,499,FALSE
U1944,2025-09,Standard,499,0,499,FALSE
U1944,2025-11,Standard,499,0,499,FALSE
U1944,2025-12,Standard,499,0,499,FALSE
U1945,2025-11,Standard,499,0,499,FALSE
U1945,2025-12,Standard,499,0,499,FALSE
U1945,2025-08,Premium,999,0,999,FALSE
U1945,2026-01,Standard,499,0,499,FALSE
U1945,2025-10,Standard,499,20,399.2,FALSE
U1945,2025-09,Premium,999,0,999,FALSE
U1946,2025-12,Basic,199,0,199,FALSE
U1946,2026-01,Basic,199,0,199,FALSE
U1946,2025-09,Basic,199,20,159.2,FALSE
U1946,2025-08,Basic,199,0,199,FALSE
U1946,2025-11,Basic,199,30,139.3,FALSE
U1946,2025-10,Basic,199,0,0,FALSE
U1947,2025-08,Premium,999,0,999,FALSE
U1947,2026-01,Premium,999,20,799.2,FALSE
U1947,2025-09,Premium,999,0,999,FALSE
U1947,2025-12,Premium,999,10,899.1,FALSE
U1947,2025-10,Premium,999,0,999,FALSE
U1947,2025-11,Premium,999,10,899.1,FALSE
U1948,2025-12,Basic,199,0,199,FALSE
U1948,2025-10,Basic,199,0,199,FALSE
U1948,2026-01,Basic,199,0,199,FALSE
U1948,2025-08,Basic,199,20,159.2,FALSE
U1948,2025-09,Basic,199,0,199,FALSE
U1948,2025-11,Basic,199,30,0,FALSE
U1949,2025-08,Basic,199,0,199,FALSE
U1949,2026-01,Basic,199,0,199,FALSE
U1949,2025-09,Basic,199,0,199,FALSE
U1949,2025-11,Basic,199,20,159.2,FALSE
U1949,2025-12,Basic,199,0,199,FALSE
U1950,2025-10,Basic,199,0,199,FALSE
U1950,2025-08,Basic,199,0,199,FALSE
U1950,2025-12,Basic,199,0,199,FALSE
U1950,2025-11,Basic,199,0,199,FALSE
U1950,2025-09,Basic,199,0,199,FALSE
U1950,2026-01,Basic,199,0,199,FALSE
U1951,2025-11,Basic,199,0,199,FALSE
U1951,2025-08,Basic,199,0,199,FALSE
U1951,2026-01,Basic,199,0,199,FALSE
U1951,2025-10,Basic,199,0,199,FALSE
U1951,2025-09,Basic,199,0,199,FALSE
U1951,2025-12,Basic,199,30,139.3,FALSE
U1952,2025-11,Basic,199,0,199,FALSE
U1952,2025-12,Basic,199,0,199,FALSE
U1952,2026-01,Basic,199,0,199,FALSE
U1952,2025-10,Basic,199,0,199,FALSE
U1952,2025-08,Basic,199,0,199,FALSE
U1953,2025-09,Basic,199,0,199,FALSE
U1953,2026-01,Basic,199,0,199,FALSE
U1953,2025-12,Basic,199,0,199,FALSE
U1953,2025-10,Basic,199,0,199,FALSE
U1954,2025-12,Basic,199,0,199,FALSE
U1954,2025-10,Basic,199,0,199,FALSE
U1954,2026-01,Basic,199,0,199,FALSE
U1954,2025-11,Basic,199,0,199,FALSE
U1954,2025-08,Standard,499,0,499,FALSE
U1954,2025-09,Basic,199,0,199,FALSE
U1955,2025-08,Basic,199,0,199,FALSE
U1955,2025-10,Basic,199,20,159.2,FALSE
U1955,2025-11,Basic,199,0,199,FALSE
U1955,2025-12,Basic,199,0,199,FALSE
U1955,2025-09,Basic,199,20,159.2,FALSE
U1955,2026-01,Basic,199,0,199,FALSE
U1956,2025-12,Standard,499,0,499,FALSE
U1956,2025-11,Premium,999,0,999,FALSE
U1956,2025-09,Premium,999,0,999,FALSE
U1956,2026-01,Standard,499,0,499,FALSE
U1956,2025-08,Premium,999,0,999,FALSE
U1956,2025-10,Premium,999,0,999,FALSE
U1957,2026-01,Standard,499,0,499,FALSE
U1957,2025-11,Standard,499,0,499,FALSE
U1957,2025-09,Standard,499,0,499,FALSE
U1957,2025-10,Standard,499,20,399.2,FALSE
U1957,2025-08,Standard,499,0,499,FALSE
U1957,2025-12,Standard,499,30,349.3,FALSE
U1958,2025-09,Standard,499,30,349.3,FALSE
U1958,2025-12,Standard,499,0,499,FALSE
U1958,2026-01,Basic,199,0,199,FALSE
U1958,2025-11,Standard,499,0,499,FALSE
U1958,2025-10,Standard,499,0,499,FALSE
U1958,2025-08,Standard,499,0,499,FALSE
U1959,2025-11,Standard,499,0,499,FALSE
U1959,2025-10,Standard,499,0,499,FALSE
U1959,2025-12,Standard,499,0,499,FALSE
U1959,2025-09,Standard,499,0,499,FALSE
U1959,2026-01,Basic,199,0,199,FALSE
U1959,2025-08,Standard,499,0,499,FALSE
U1960,2025-09,Standard,499,20,399.2,FALSE
U1960,2026-01,Basic,199,0,199,FALSE
U1960,2025-08,Standard,499,0,499,FALSE
U1960,2025-10,Standard,499,0,499,FALSE
U1960,2025-11,Standard,499,0,499,FALSE
U1960,2025-12,Basic,199,10,179.1,FALSE
U1961,2025-11,Standard,499,0,499,FALSE
U1961,2025-12,Standard,499,0,499,FALSE
U1961,2025-09,Standard,499,20,399.2,FALSE
U1961,2025-10,Standard,499,0,499,FALSE
U1961,2026-01,Standard,499,0,499,FALSE
U1962,2026-01,Basic,199,30,139.3,FALSE
U1962,2025-08,Basic,199,0,199,FALSE
U1962,2025-09,Basic,199,0,199,FALSE
U1962,2025-10,Basic,199,20,159.2,FALSE
U1962,2025-11,Basic,199,0,199,FALSE
U1962,2025-12,Basic,199,0,199,FALSE
U1963,2025-08,Basic,199,0,199,FALSE
U1963,2025-10,Basic,199,0,199,FALSE
U1963,2025-09,Basic,199,0,199,FALSE
U1963,2025-11,Basic,199,0,199,FALSE
U1963,2025-12,Basic,199,0,199,FALSE
U1963,2026-01,Basic,199,30,139.3,FALSE
U1964,2025-08,Premium,999,0,999,FALSE
U1964,2025-09,Premium,999,20,799.2,FALSE
U1964,2025-11,Premium,999,0,999,FALSE
U1964,2026-01,Premium,999,0,999,FALSE
U1964,2025-10,Premium,999,0,999,FALSE
U1964,2025-12,Premium,999,30,699.3,FALSE
U1965,2025-10,Premium,999,0,999,FALSE
U1965,2025-12,Premium,999,0,999,FALSE
U1965,2025-09,Premium,999,0,999,FALSE
U1965,2025-11,Premium,999,0,999,FALSE
U1965,2025-08,Premium,999,20,799.2,FALSE
U1965,2026-01,Premium,999,10,899.1,FALSE
U1966,2025-10,Premium,999,0,999,FALSE
U1966,2025-09,Premium,999,0,999,FALSE
U1966,2026-01,Standard,499,0,499,FALSE
U1966,2025-11,Premium,999,0,999,FALSE
U1966,2025-08,Premium,999,0,999,FALSE
U1966,2025-12,Standard,499,0,499,FALSE
U1967,2026-01,Basic,199,0,199,FALSE
U1967,2025-11,Basic,199,0,199,FALSE
U1967,2025-10,Basic,199,0,199,FALSE
U1967,2025-08,Basic,199,0,199,FALSE
U1967,2025-12,Basic,199,0,199,FALSE
U1967,2025-09,Basic,199,0,199,FALSE
U1968,2025-12,Basic,199,20,159.2,FALSE
U1968,2025-11,Basic,199,30,139.3,FALSE
U1968,2025-09,Basic,199,0,199,FALSE
U1968,2025-08,Standard,499,0,499,FALSE
U1968,2025-10,Basic,199,30,139.3,FALSE
U1968,2026-01,Basic,199,0,199,FALSE
U1969,2026-01,Basic,199,0,199,FALSE
U1969,2025-08,Basic,199,0,199,FALSE
U1969,2025-10,Basic,199,0,199,FALSE
U1969,2025-11,Basic,199,0,199,FALSE
U1969,2025-12,Basic,199,0,179.1,FALSE
U1969,2025-09,Basic,199,30,139.3,FALSE
U1970,2025-12,Standard,499,0,499,FALSE
U1970,2025-10,Premium,999,0,999,FALSE
U1970,2025-08,Premium,999,0,999,FALSE
U1970,2025-09,Premium,999,0,999,FALSE
U1970,2026-01,Standard,499,0,499,FALSE
U1970,2025-11,Premium,999,0,999,FALSE
U1971,2025-12,Premium,999,0,999,FALSE
U1971,2025-08,Premium,999,0,999,FALSE
U1971,2025-09,Premium,999,0,999,FALSE
U1971,2025-10,Premium,999,0,999,FALSE
U1971,2026-01,Premium,999,0,999,FALSE
U1971,2025-11,Premium,999,0,999,FALSE
U1972,2025-12,Basic,199,0,179.1,FALSE
U1972,2025-11,Basic,199,0,199,FALSE
U1972,2026-01,Basic,199,30,139.3,FALSE
U1972,2025-09,Basic,199,0,0,TRUE
U1972,2025-10,Basic,199,0,199,FALSE
U1972,2025-08,Basic,199,0,199,FALSE
U1973,2025-12,Basic,199,20,159.2,FALSE
U1973,2025-08,Basic,199,0,199,FALSE
U1973,2026-01,Basic,199,0,199,FALSE
U1973,2025-09,Basic,199,0,199,FALSE
U1973,2025-10,Basic,199,0,199,FALSE
U1974,2025-09,Standard,499,0,349.3,FALSE
U1974,2025-11,Standard,499,0,499,FALSE
U1974,2025-12,Standard,499,0,499,FALSE
U1974,2026-01,Standard,499,20,399.2,FALSE
U1974,2025-10,Standard,499,0,499,FALSE
U1974,2025-08,Standard,499,0,499,FALSE
U1975,2025-09,Standard,499,0,499,FALSE
U1975,2026-01,Standard,499,10,449.1,FALSE
U1975,2025-10,Standard,499,0,499,FALSE
U1975,2025-08,Standard,499,0,499,FALSE
U1975,2025-12,Standard,499,20,399.2,FALSE
U1975,2025-11,Standard,499,0,499,FALSE
U1976,2025-11,Premium,999,0,0,TRUE
U1976,2025-12,Premium,999,0,999,FALSE
U1976,2026-01,Premium,999,0,999,FALSE
U1976,2025-09,Premium,999,20,799.2,FALSE
U1976,2025-08,Premium,999,30,699.3,FALSE
U1976,2025-10,Premium,999,0,999,FALSE
U1977,2025-11,Basic,199,30,139.3,FALSE
U1977,2026-01,Basic,199,0,199,FALSE
U1977,2025-12,Basic,199,0,199,FALSE
U1977,2025-10,Basic,199,0,199,FALSE
U1977,2025-09,Basic,199,0,199,FALSE
U1978,2025-10,Standard,499,0,499,FALSE
U1978,2026-01,Standard,499,20,0,TRUE
U1978,2025-11,Standard,499,30,349.3,FALSE
U1978,2025-12,Standard,499,20,399.2,FALSE
U1978,2025-08,Standard,499,0,499,FALSE
U1978,2025-09,Standard,499,0,499,FALSE
U1979,2025-10,Standard,499,0,499,FALSE
U1979,2025-09,Standard,499,0,499,FALSE
U1979,2025-08,Standard,499,0,499,FALSE
U1979,2025-12,Standard,499,10,449.1,FALSE
U1979,2025-11,Standard,499,10,449.1,FALSE
U1979,2026-01,Basic,199,0,199,FALSE
U1980,2025-11,Premium,999,0,999,FALSE
U1980,2026-01,Premium,999,0,999,FALSE
U1980,2025-12,Premium,999,0,999,FALSE
U1980,2025-10,Premium,999,10,899.1,FALSE
U1980,2025-08,Premium,999,0,999,FALSE
U1980,2025-09,Premium,999,0,999,FALSE
U1981,2026-01,Basic,199,10,179.1,FALSE
U1981,2025-12,Basic,199,20,159.2,FALSE
U1981,2025-09,Basic,199,0,199,FALSE
U1981,2025-08,Basic,199,0,199,FALSE
U1981,2025-10,Basic,199,0,199,FALSE
U1981,2025-11,Basic,199,30,139.3,FALSE
U1982,2026-01,Premium,999,0,999,FALSE
U1982,2025-10,Premium,999,0,999,FALSE
U1982,2025-09,Premium,999,0,999,FALSE
U1982,2025-11,Premium,999,0,999,FALSE
U1982,2025-12,Premium,999,0,999,FALSE
U1982,2025-08,Premium,999,30,699.3,FALSE
U1983,2026-01,Standard,499,30,349.3,FALSE
U1983,2025-09,Standard,499,0,0,FALSE
U1983,2025-12,Standard,499,0,499,FALSE
U1983,2025-08,Standard,499,0,499,FALSE
U1983,2025-11,Standard,499,0,499,FALSE
U1983,2025-10,Standard,499,10,449.1,FALSE
U1984,2025-11,Standard,499,0,499,FALSE
U1984,2025-09,Standard,499,0,499,FALSE
U1984,2026-01,Basic,199,0,199,FALSE
U1984,2025-10,Standard,499,0,0,TRUE
U1984,2025-12,Basic,199,20,159.2,FALSE
U1985,2025-12,Basic,199,0,199,FALSE
U1985,2025-10,Basic,199,0,199,FALSE
U1985,2026-01,Basic,199,0,199,FALSE
U1985,2025-11,Basic,199,0,199,FALSE
U1985,2025-09,Basic,199,0,199,FALSE
U1985,2025-08,Basic,199,0,199,FALSE
U1986,2025-11,Basic,199,0,199,FALSE
U1986,2025-09,Basic,199,0,199,FALSE
U1986,2026-01,Basic,199,30,139.3,FALSE
U1986,2025-08,Basic,199,0,199,FALSE
U1986,2025-10,Basic,199,30,139.3,FALSE
U1986,2025-12,Basic,199,0,199,FALSE
U1987,2026-01,Standard,499,0,499,FALSE
U1987,2025-12,Standard,499,0,499,FALSE
U1987,2025-08,Standard,499,0,499,FALSE
U1987,2025-11,Standard,499,0,499,FALSE
U1987,2025-09,Standard,499,20,399.2,FALSE
U1988,2025-10,Basic,199,0,199,FALSE
U1988,2025-11,Basic,199,0,199,FALSE
U1988,2026-01,Basic,199,0,199,FALSE
U1988,2025-09,Basic,199,0,199,FALSE
U1988,2025-08,Basic,199,0,199,FALSE
U1988,2025-12,Basic,199,0,199,FALSE
U1989,2025-08,Premium,999,30,699.3,FALSE
U1989,2026-01,Premium,999,20,799.2,FALSE
U1989,2025-09,Premium,999,30,699.3,FALSE
U1989,2025-12,Premium,999,0,999,FALSE
U1989,2025-11,Premium,999,0,999,FALSE
U1990,2025-10,Standard,499,0,499,FALSE
U1990,2026-01,Standard,499,0,499,FALSE
U1990,2025-11,Standard,499,0,499,FALSE
U1990,2025-08,Standard,499,0,499,FALSE
U1990,2025-09,Standard,499,0,499,FALSE
U1990,2025-12,Standard,499,0,499,FALSE
U1991,2025-08,Premium,999,0,999,FALSE
U1991,2025-12,Premium,999,20,799.2,FALSE
U1991,2025-10,Premium,999,0,999,FALSE
U1991,2025-11,Premium,999,0,999,FALSE
U1991,2026-01,Premium,999,0,0,TRUE
U1991,2025-09,Premium,999,0,999,FALSE
U1992,2025-08,Standard,499,10,449.1,FALSE
U1992,2025-11,Basic,199,0,199,FALSE
U1992,2025-10,Standard,499,0,499,FALSE
U1992,2026-01,Basic,199,20,159.2,FALSE
U1992,2025-09,Standard,499,0,499,FALSE
U1993,2025-11,Basic,199,20,159.2,FALSE
U1993,2025-08,Standard,499,0,499,FALSE
U1993,2025-10,Basic,199,0,199,FALSE
U1993,2026-01,Basic,199,0,199,FALSE
U1993,2025-12,Basic,199,0,199,FALSE
U1993,2025-09,Basic,199,20,159.2,FALSE
U1994,2025-12,Basic,199,0,199,FALSE
U1994,2025-11,Basic,199,0,199,FALSE
U1994,2025-08,Basic,199,0,199,FALSE
U1994,2025-09,Basic,199,0,199,FALSE
U1994,2025-10,Basic,199,0,199,FALSE
U1994,2026-01,Basic,199,10,179.1,FALSE
U1995,2025-11,Premium,999,0,999,FALSE
U1995,2025-09,Premium,999,0,999,FALSE
U1995,2026-01,Premium,999,30,699.3,FALSE
U1995,2025-08,Premium,999,0,999,FALSE
U1995,2025-10,Premium,999,0,999,FALSE
U1996,2025-11,Basic,199,0,199,FALSE
U1996,2025-09,Standard,499,0,499,FALSE
U1996,2026-01,Basic,199,0,199,FALSE
U1996,2025-12,Basic,199,0,199,FALSE
U1996,2025-08,Standard,499,0,499,FALSE
U1996,2025-10,Basic,199,0,199,FALSE
U1997,2025-08,Standard,499,0,499,FALSE
U1997,2025-12,Basic,199,0,199,FALSE
U1997,2025-09,Standard,499,0,499,FALSE
U1997,2026-01,Basic,199,0,199,FALSE
U1997,2025-11,Basic,199,0,0,TRUE
U1997,2025-10,Standard,499,0,499,FALSE
U1998,2026-01,Basic,199,0,199,FALSE
U1998,2025-09,Basic,199,0,199,FALSE
U1998,2025-10,Basic,199,0,199,FALSE
U1998,2025-08,Basic,199,0,199,FALSE
U1998,2025-11,Basic,199,0,199,FALSE
U1998,2025-12,Basic,199,0,199,FALSE
U1999,2025-10,Basic,199,30,139.3,FALSE
U1999,2025-12,Basic,199,0,199,FALSE
U1999,2025-09,Basic,199,0,199,FALSE
U1999,2026-01,Basic,199,20,159.2,FALSE
U1999,2025-11,Basic,199,0,199,FALSE
U2000,2025-09,Premium,999,0,999,FALSE
U2000,2026-01,Premium,999,30,699.3,FALSE
U2000,2025-11,Premium,999,0,999,FALSE
U2000,2025-08,Premium,999,0,999,FALSE
U2000,2025-12,Premium,999,10,899.1,FALSE
U2000,2025-10,Premium,999,0,999,FALSE
U2001,2025-08,Standard,499,0,499,FALSE
U2001,2025-11,Standard,499,0,499,FALSE
U2001,2025-10,Standard,499,0,499,FALSE
U2001,2025-09,Standard,499,0,499,FALSE
U2001,2026-01,Standard,499,0,0,TRUE
U2001,2025-12,Standard,499,0,499,FALSE
U2002,2025-09,Standard,499,30,349.3,FALSE
U2002,2025-10,Standard,499,0,499,FALSE
U2002,2025-08,Standard,499,0,499,FALSE
U2002,2026-01,Standard,499,0,499,FALSE
U2002,2025-12,Standard,499,0,499,FALSE
U2002,2025-11,Standard,499,0,499,FALSE
U2003,2025-12,Basic,199,0,199,FALSE
U2003,2025-11,Basic,199,0,199,FALSE
U2003,2025-08,Basic,199,0,199,FALSE
U2003,2025-09,Basic,199,30,139.3,FALSE
U2003,2025-10,Basic,199,20,159.2,FALSE
U2003,2026-01,Basic,199,0,199,FALSE
U2004,2025-09,Standard,499,20,399.2,FALSE
U2004,2025-12,Standard,499,0,499,FALSE
U2004,2026-01,Standard,499,0,499,FALSE
U2004,2025-11,Standard,499,0,499,FALSE
U2004,2025-10,Standard,499,0,499,FALSE
U2005,2026-01,Basic,199,10,179.1,FALSE
U2005,2025-11,Basic,199,0,199,FALSE
U2005,2025-10,Basic,199,10,179.1,FALSE
U2005,2025-08,Standard,499,0,499,FALSE
U2005,2025-09,Standard,499,0,499,FALSE
U2005,2025-12,Basic,199,0,0,TRUE
U2006,2026-01,Standard,499,20,399.2,FALSE
U2006,2025-11,Premium,999,0,0,TRUE
U2006,2025-12,Premium,999,0,999,FALSE
U2006,2025-10,Premium,999,0,999,FALSE
U2006,2025-09,Premium,999,0,999,FALSE
U2006,2025-08,Premium,999,0,999,FALSE
U2007,2026-01,Standard,499,0,499,FALSE
U2007,2025-09,Premium,999,0,999,FALSE
U2007,2025-08,Premium,999,20,0,TRUE
U2007,2025-10,Premium,999,0,999,FALSE
U2007,2025-12,Standard,499,0,499,FALSE
U2008,2025-10,Basic,199,0,199,FALSE
U2008,2025-11,Basic,199,10,179.1,FALSE
U2008,2025-12,Basic,199,0,199,FALSE
U2008,2025-09,Basic,199,0,199,FALSE
U2008,2025-08,Basic,199,0,199,FALSE
U2009,2025-11,Standard,499,20,399.2,FALSE
U2009,2025-09,Standard,499,0,499,FALSE
U2009,2025-08,Standard,499,0,499,FALSE
U2009,2026-01,Standard,499,10,449.1,FALSE
U2009,2025-12,Standard,499,0,499,FALSE
U2010,2026-01,Standard,499,0,499,FALSE
U2010,2025-09,Standard,499,0,499,FALSE
U2010,2025-08,Standard,499,0,499,FALSE
U2011,2026-01,Basic,199,0,199,FALSE
U2011,2025-12,Basic,199,10,179.1,FALSE
U2011,2025-11,Basic,199,30,139.3,FALSE
U2011,2025-09,Standard,499,0,499,FALSE
U2011,2025-08,Standard,499,0,499,FALSE
U2011,2025-10,Basic,199,0,199,FALSE
U2012,2025-10,Standard,499,0,0,FALSE
U2012,2025-08,Standard,499,0,499,FALSE
U2012,2025-09,Standard,499,0,499,FALSE
U2012,2025-11,Standard,499,0,499,FALSE
U2012,2025-12,Standard,499,0,499,FALSE
U2012,2026-01,Standard,499,0,499,FALSE
U2013,2025-12,Premium,999,0,999,FALSE
U2013,2025-10,Premium,999,10,899.1,FALSE
U2013,2025-11,Premium,999,30,699.3,FALSE
U2013,2025-08,Premium,999,0,999,FALSE
U2013,2026-01,Premium,999,0,999,FALSE
U2014,2025-11,Basic,199,0,199,FALSE
U2014,2026-01,Basic,199,20,159.2,FALSE
U2014,2025-12,Basic,199,0,199,FALSE
U2014,2025-08,Basic,199,0,199,FALSE
U2014,2025-10,Basic,199,0,199,FALSE
U2014,2025-09,Basic,199,0,0,TRUE
U2015,2025-09,Premium,999,0,999,FALSE
U2015,2025-08,Premium,999,0,999,FALSE
U2015,2026-01,Basic,199,0,0,TRUE
U2015,2025-12,Standard,499,0,499,FALSE
U2015,2025-11,Standard,499,0,499,FALSE
U2016,2025-09,Premium,999,0,999,FALSE
U2016,2025-12,Premium,999,10,899.1,FALSE
U2016,2025-08,Premium,999,0,999,FALSE
U2016,2025-10,Premium,999,0,999,FALSE
U2016,2026-01,Premium,999,0,999,FALSE
U2016,2025-11,Premium,999,0,999,FALSE
U2017,2025-12,Standard,499,0,499,FALSE
U2017,2025-08,Standard,499,0,499,FALSE
U2017,2026-01,Standard,499,0,499,FALSE
U2017,2025-11,Standard,499,0,499,FALSE
U2017,2025-09,Standard,499,0,499,FALSE
U2018,2025-11,Premium,999,0,999,FALSE
U2018,2025-09,Premium,999,30,699.3,FALSE
U2018,2025-08,Premium,999,0,999,FALSE
U2018,2026-01,Standard,499,0,499,FALSE
U2018,2025-10,Premium,999,10,0,TRUE
U2018,2025-12,Premium,999,10,0,TRUE
U2019,2025-10,Basic,199,0,199,FALSE
U2019,2025-11,Basic,199,0,199,FALSE
U2019,2025-12,Basic,199,10,179.1,FALSE
U2019,2025-08,Basic,199,0,199,FALSE
U2019,2026-01,Basic,199,0,199,FALSE
U2019,2025-09,Basic,199,0,199,FALSE
U2020,2026-01,Premium,999,0,999,FALSE
U2020,2025-12,Premium,999,0,999,FALSE
U2020,2025-09,Premium,999,0,999,FALSE
U2020,2025-08,Premium,999,20,799.2,FALSE
U2020,2025-10,Premium,999,0,999,FALSE
U2020,2025-11,Premium,999,10,899.1,FALSE
U2021,2025-09,Premium,999,0,999,FALSE
U2021,2025-10,Premium,999,0,999,FALSE
U2021,2025-08,Premium,999,0,999,FALSE
U2021,2025-12,Standard,499,0,499,FALSE
U2021,2026-01,Basic,199,30,139.3,FALSE
U2021,2025-11,Standard,499,0,499,FALSE
U2022,2025-10,Basic,199,0,199,FALSE
U2022,2025-08,Basic,199,0,199,FALSE
U2022,2026-01,Basic,199,0,199,FALSE
U2022,2025-11,Basic,199,0,199,FALSE
U2022,2025-12,Basic,199,0,199,FALSE
U2023,2025-12,Standard,499,0,499,FALSE
U2023,2025-10,Standard,499,0,499,FALSE
U2023,2025-08,Standard,499,30,349.3,FALSE
U2023,2026-01,Standard,499,30,349.3,FALSE
U2023,2025-11,Standard,499,0,499,FALSE
U2023,2025-09,Standard,499,0,499,FALSE
U2024,2025-10,Premium,999,0,999,FALSE
U2024,2025-12,Premium,999,30,699.3,FALSE
U2024,2025-11,Premium,999,0,999,FALSE
U2024,2025-09,Premium,999,0,999,FALSE
U2024,2026-01,Premium,999,0,999,FALSE
U2024,2025-08,Premium,999,30,699.3,FALSE
U2025,2025-11,Basic,199,0,199,FALSE
U2025,2026-01,Basic,199,0,199,FALSE
U2025,2025-09,Basic,199,30,0,TRUE
U2025,2025-08,Basic,199,0,199,FALSE
U2025,2025-10,Basic,199,0,199,FALSE
U2025,2025-12,Basic,199,0,199,FALSE
U2026,2025-11,Premium,999,0,999,FALSE
U2026,2025-10,Premium,999,0,999,FALSE
U2026,2026-01,Premium,999,0,999,FALSE
U2026,2025-09,Premium,999,0,999,FALSE
U2026,2025-12,Premium,999,0,999,FALSE
U2026,2025-08,Premium,999,0,999,FALSE
U2027,2025-12,Basic,199,0,199,FALSE
U2027,2026-01,Basic,199,0,199,FALSE
U2027,2025-11,Basic,199,0,199,FALSE
U2027,2025-10,Basic,199,0,199,FALSE
U2027,2025-09,Basic,199,30,139.3,FALSE
U2027,2025-08,Basic,199,0,199,FALSE
U2028,2025-10,Premium,999,0,999,FALSE
U2028,2025-11,Standard,499,0,499,FALSE
U2028,2025-08,Premium,999,0,999,FALSE
U2028,2025-09,Premium,999,0,999,FALSE
U2028,2025-12,Standard,499,0,499,FALSE
U2028,2026-01,Standard,499,0,499,FALSE
U2029,2025-08,Premium,999,0,999,FALSE
U2029,2026-01,Premium,999,0,999,FALSE
U2029,2025-09,Premium,999,0,999,FALSE
U2029,2025-11,Premium,999,0,999,FALSE
U2029,2025-10,Premium,999,0,999,FALSE
U2029,2025-12,Premium,999,0,999,FALSE
U2030,2026-01,Standard,499,0,499,FALSE
U2030,2025-11,Premium,999,0,999,FALSE
U2030,2025-08,Premium,999,0,999,FALSE
U2030,2025-09,Premium,999,0,999,FALSE
U2030,2025-10,Premium,999,10,899.1,FALSE
U2030,2025-12,Standard,499,0,499,FALSE
U2031,2025-08,Premium,999,0,0,FALSE
U2031,2026-01,Standard,499,0,499,FALSE
U2031,2025-12,Standard,499,10,449.1,FALSE
U2031,2025-11,Standard,499,0,499,FALSE
U2031,2025-09,Premium,999,0,999,FALSE
U2031,2025-10,Premium,999,20,799.2,FALSE
U2032,2026-01,Standard,499,0,499,FALSE
U2032,2025-08,Standard,499,0,499,FALSE
U2032,2025-11,Standard,499,20,399.2,FALSE
U2032,2025-10,Standard,499,0,499,FALSE
U2032,2025-12,Standard,499,0,499,FALSE
U2033,2025-08,Premium,999,0,999,FALSE
U2033,2026-01,Premium,999,30,0,TRUE
U2033,2025-12,Premium,999,10,899.1,FALSE
U2033,2025-10,Premium,999,0,999,FALSE
U2033,2025-11,Premium,999,0,999,FALSE
U2033,2025-09,Premium,999,0,999,FALSE
U2034,2025-08,Premium,999,0,999,FALSE
U2034,2026-01,Premium,999,0,999,FALSE
U2034,2025-12,Premium,999,0,999,FALSE
U2034,2025-10,Premium,999,0,999,FALSE
U2034,2025-11,Premium,999,20,799.2,FALSE
U2035,2025-10,Basic,199,0,199,FALSE
U2035,2025-09,Basic,199,0,199,FALSE
U2035,2025-12,Basic,199,0,199,FALSE
U2035,2025-08,Basic,199,0,199,FALSE
U2035,2025-11,Basic,199,0,199,FALSE
U2035,2026-01,Basic,199,20,159.2,FALSE
U2036,2026-01,Standard,499,0,499,FALSE
U2036,2025-11,Premium,999,0,999,FALSE
U2036,2025-10,Premium,999,0,999,FALSE
U2036,2025-08,Premium,999,0,999,FALSE
U2036,2025-12,Premium,999,0,999,FALSE
U2037,2025-12,Standard,499,0,499,FALSE
U2037,2025-09,Standard,499,0,499,FALSE
U2037,2026-01,Standard,499,20,399.2,FALSE
U2037,2025-08,Standard,499,0,499,FALSE
U2037,2025-11,Standard,499,0,499,FALSE
U2037,2025-10,Standard,499,0,499,FALSE
U2038,2026-01,Standard,499,0,499,FALSE
U2038,2025-09,Standard,499,0,499,FALSE
U2038,2025-12,Standard,499,0,0,TRUE
U2038,2025-08,Premium,999,0,999,FALSE
U2038,2025-10,Standard,499,0,499,FALSE
U2038,2025-11,Standard,499,0,499,FALSE
U2039,2025-08,Premium,999,0,999,FALSE
U2039,2026-01,Premium,999,20,799.2,FALSE
U2039,2025-09,Premium,999,0,999,FALSE
U2039,2025-11,Premium,999,0,999,FALSE
U2039,2025-12,Premium,999,0,999,FALSE
U2040,2026-01,Basic,199,0,199,FALSE
U2040,2025-12,Basic,199,0,199,FALSE
U2040,2025-09,Basic,199,0,199,FALSE
U2040,2025-11,Basic,199,0,199,FALSE
U2040,2025-08,Basic,199,0,199,FALSE
U2040,2025-10,Basic,199,0,199,FALSE
U2041,2025-12,Basic,199,0,199,FALSE
U2041,2026-01,Basic,199,20,159.2,FALSE
U2041,2025-08,Standard,499,0,499,FALSE
U2041,2025-11,Standard,499,10,449.1,FALSE
U2041,2025-09,Standard,499,0,0,TRUE
U2041,2025-10,Standard,499,0,499,FALSE
U2042,2025-11,Basic,199,0,199,FALSE
U2042,2025-10,Basic,199,0,199,FALSE
U2042,2025-12,Basic,199,0,199,FALSE
U2042,2025-09,Basic,199,20,159.2,FALSE
U2042,2025-08,Basic,199,0,199,FALSE
U2043,2025-12,Basic,199,0,199,FALSE
U2043,2025-10,Standard,499,0,499,FALSE
U2043,2025-11,Standard,499,20,399.2,FALSE
U2043,2025-09,Standard,499,0,499,FALSE
U2043,2025-08,Standard,499,0,499,FALSE
U2043,2026-01,Basic,199,0,0,TRUE
U2044,2025-12,Basic,199,0,199,FALSE
U2044,2025-11,Basic,199,0,199,FALSE
U2044,2025-08,Basic,199,0,199,FALSE
U2044,2025-09,Basic,199,0,199,FALSE
U2044,2026-01,Basic,199,10,179.1,FALSE
U2044,2025-10,Basic,199,0,199,FALSE
U2045,2025-09,Standard,499,10,449.1,FALSE
U2045,2025-08,Standard,499,0,499,FALSE
U2045,2025-11,Standard,499,0,499,FALSE
U2045,2025-10,Standard,499,0,499,FALSE
U2045,2026-01,Basic,199,0,199,FALSE
U2045,2025-12,Standard,499,0,499,FALSE
U2046,2025-09,Premium,999,0,999,FALSE
U2046,2025-08,Premium,999,0,999,FALSE
U2046,2025-10,Premium,999,30,699.3,FALSE
U2046,2025-12,Premium,999,30,0,TRUE
U2046,2026-01,Premium,999,0,999,FALSE
U2046,2025-11,Premium,999,10,899.1,FALSE
U2047,2025-09,Standard,499,10,449.1,FALSE
U2047,2025-12,Basic,199,0,199,FALSE
U2047,2025-11,Standard,499,0,499,FALSE
U2047,2025-08,Standard,499,0,499,FALSE
U2047,2025-10,Standard,499,0,499,FALSE
U2047,2026-01,Basic,199,20,159.2,FALSE
U2048,2025-12,Basic,199,20,159.2,FALSE
U2048,2026-01,Basic,199,10,179.1,FALSE
U2048,2025-08,Basic,199,0,199,FALSE
U2048,2025-10,Basic,199,0,199,FALSE
U2048,2025-11,Basic,199,0,199,FALSE
U2048,2025-09,Basic,199,0,199,FALSE
U2049,2026-01,Premium,999,30,699.3,FALSE
U2049,2025-11,Premium,999,0,999,FALSE
U2049,2025-12,Premium,999,0,0,TRUE
U2049,2025-08,Premium,999,0,999,FALSE
U2049,2025-10,Premium,999,0,999,FALSE
U2050,2025-09,Basic,199,0,199,FALSE
U2050,2025-08,Basic,199,10,179.1,FALSE
U2050,2026-01,Basic,199,0,199,FALSE
U2050,2025-11,Basic,199,10,179.1,FALSE
U2050,2025-12,Basic,199,0,199,FALSE
U2050,2025-10,Basic,199,0,0,TRUE
U2051,2025-09,Basic,199,0,199,FALSE
U2051,2026-01,Basic,199,0,199,FALSE
U2051,2025-11,Basic,199,0,199,FALSE
U2051,2025-12,Basic,199,0,199,FALSE
U2051,2025-10,Basic,199,0,199,FALSE
U2052,2025-11,Standard,499,0,499,FALSE
U2052,2025-09,Standard,499,0,499,FALSE
U2052,2025-08,Standard,499,0,499,FALSE
U2052,2025-10,Standard,499,0,499,FALSE
U2052,2026-01,Basic,199,0,199,FALSE
U2052,2025-12,Standard,499,0,499,FALSE
U2053,2025-08,Standard,499,0,499,FALSE
U2053,2025-12,Standard,499,20,399.2,FALSE
U2053,2026-01,Standard,499,20,399.2,FALSE
U2053,2025-10,Standard,499,0,499,FALSE
U2053,2025-11,Standard,499,0,499,FALSE
U2053,2025-09,Standard,499,0,499,FALSE
U2054,2025-11,Basic,199,20,159.2,FALSE
U2054,2025-10,Basic,199,0,199,FALSE
U2054,2025-12,Basic,199,0,199,FALSE
U2054,2025-08,Basic,199,0,199,FALSE
U2055,2025-12,Premium,999,30,699.3,FALSE
U2055,2025-09,Premium,999,0,999,FALSE
U2055,2025-08,Premium,999,0,999,FALSE
U2055,2026-01,Premium,999,0,999,FALSE
U2055,2025-10,Premium,999,0,999,FALSE
U2055,2025-11,Premium,999,0,999,FALSE
U2056,2026-01,Standard,499,0,0,FALSE
U2056,2025-10,Standard,499,0,499,FALSE
U2056,2025-09,Standard,499,0,499,FALSE
U2056,2025-11,Standard,499,0,499,FALSE
U2056,2025-08,Standard,499,0,499,FALSE
U2056,2025-12,Standard,499,0,499,FALSE
U2057,2025-11,Standard,499,0,499,FALSE
U2057,2025-09,Standard,499,0,499,FALSE
U2057,2025-08,Standard,499,0,499,FALSE
U2057,2025-10,Standard,499,20,399.2,FALSE
U2057,2026-01,Basic,199,10,179.1,FALSE
U2057,2025-12,Standard,499,10,449.1,FALSE
U2058,2026-01,Basic,199,0,199,FALSE
U2058,2025-09,Standard,499,0,499,FALSE
U2058,2025-08,Standard,499,0,499,FALSE
U2058,2025-10,Basic,199,0,199,FALSE
U2058,2025-11,Basic,199,0,199,FALSE
U2058,2025-12,Basic,199,0,199,FALSE
U2059,2026-01,Standard,499,0,499,FALSE
U2059,2025-10,Standard,499,0,499,FALSE
U2059,2025-08,Standard,499,0,499,FALSE
U2059,2025-11,Standard,499,0,499,FALSE
U2059,2025-09,Standard,499,10,449.1,FALSE
U2059,2025-12,Standard,499,0,499,FALSE
U2060,2025-12,Basic,199,20,159.2,FALSE
U2060,2025-09,Basic,199,0,199,FALSE
U2060,2025-10,Basic,199,0,199,FALSE
U2060,2026-01,Basic,199,0,199,FALSE
U2060,2025-08,Basic,199,30,139.3,FALSE
U2060,2025-11,Basic,199,0,199,FALSE
U2061,2025-09,Premium,999,0,999,FALSE
U2061,2025-08,Premium,999,0,999,FALSE
U2061,2026-01,Premium,999,0,999,FALSE
U2061,2025-12,Premium,999,0,999,FALSE
U2061,2025-11,Premium,999,0,999,FALSE
U2062,2025-10,Premium,999,0,999,FALSE
U2062,2025-12,Standard,499,0,499,FALSE
U2062,2025-09,Premium,999,0,999,FALSE
U2062,2025-08,Premium,999,0,999,FALSE
U2062,2025-11,Standard,499,20,399.2,FALSE
U2063,2026-01,Standard,499,30,349.3,FALSE
U2063,2025-09,Standard,499,0,499,FALSE
U2063,2025-10,Standard,499,0,499,FALSE
U2063,2025-08,Standard,499,0,499,FALSE
U2063,2025-11,Standard,499,0,499,FALSE
U2063,2025-12,Standard,499,0,499,FALSE
U2064,2026-01,Premium,999,0,999,FALSE
U2064,2025-08,Premium,999,0,999,FALSE
U2064,2025-09,Premium,999,0,999,FALSE
U2064,2025-10,Premium,999,0,0,TRUE
U2065,2025-08,Premium,999,0,999,FALSE
U2065,2025-12,Premium,999,0,999,FALSE
U2065,2025-09,Premium,999,0,999,FALSE
U2065,2025-11,Premium,999,0,999,FALSE
U2065,2025-10,Premium,999,0,999,FALSE
U2065,2026-01,Premium,999,20,0,TRUE
U2066,2026-01,Basic,199,0,199,FALSE
U2066,2025-12,Basic,199,0,199,FALSE
U2066,2025-10,Basic,199,20,159.2,FALSE
U2066,2025-09,Basic,199,0,199,FALSE
U2066,2025-08,Standard,499,0,499,FALSE
U2066,2025-11,Basic,199,0,199,FALSE
U2067,2026-01,Standard,499,0,499,FALSE
U2067,2025-11,Standard,499,0,499,FALSE
U2067,2025-09,Standard,499,0,499,FALSE
U2067,2025-08,Standard,499,0,499,FALSE
U2067,2025-10,Standard,499,0,499,FALSE
U2067,2025-12,Standard,499,20,399.2,FALSE
U2068,2025-08,Standard,499,0,499,FALSE
U2068,2025-11,Basic,199,0,199,FALSE
U2068,2025-09,Standard,499,0,499,FALSE
U2068,2025-10,Basic,199,0,199,FALSE
U2068,2026-01,Basic,199,10,179.1,FALSE
U2068,2025-12,Basic,199,0,199,FALSE
U2069,2025-11,Basic,199,0,199,FALSE
U2069,2025-10,Basic,199,0,199,FALSE
U2069,2025-08,Basic,199,0,199,FALSE
U2069,2026-01,Basic,199,0,199,FALSE
U2069,2025-12,Basic,199,10,179.1,FALSE
U2069,2025-09,Basic,199,0,199,FALSE
U2070,2025-10,Standard,499,0,499,FALSE
U2070,2025-08,Standard,499,0,499,FALSE
U2070,2025-12,Basic,199,0,199,FALSE
U2070,2025-11,Standard,499,10,449.1,FALSE
U2070,2025-09,Standard,499,0,499,FALSE
U2070,2026-01,Basic,199,0,199,FALSE
U2071,2025-09,Standard,499,0,499,FALSE
U2071,2026-01,Standard,499,0,499,FALSE
U2071,2025-10,Standard,499,0,499,FALSE
U2071,2025-12,Standard,499,20,399.2,FALSE
U2071,2025-11,Standard,499,0,499,FALSE
U2071,2025-08,Standard,499,0,499,FALSE
U2072,2025-08,Standard,499,0,499,FALSE
U2072,2025-10,Standard,499,0,499,FALSE
U2072,2025-12,Standard,499,0,499,FALSE
U2072,2025-09,Standard,499,0,499,FALSE
U2072,2026-01,Standard,499,0,499,FALSE
U2073,2025-09,Premium,999,0,999,FALSE
U2073,2026-01,Premium,999,0,999,FALSE
U2073,2025-12,Premium,999,0,999,FALSE
U2073,2025-10,Premium,999,0,999,FALSE
U2073,2025-11,Premium,999,0,999,FALSE
U2074,2025-10,Basic,199,0,199,FALSE
U2074,2025-09,Basic,199,20,159.2,FALSE
U2074,2025-08,Basic,199,0,199,FALSE
U2074,2026-01,Basic,199,0,199,FALSE
U2074,2025-11,Basic,199,0,199,FALSE
U2074,2025-12,Basic,199,0,199,FALSE
U2075,2025-10,Basic,199,30,139.3,FALSE
U2075,2025-12,Basic,199,0,199,FALSE
U2075,2025-08,Basic,199,0,199,FALSE
U2075,2025-09,Basic,199,0,199,FALSE
U2075,2026-01,Basic,199,10,179.1,FALSE
U2075,2025-11,Basic,199,0,199,FALSE
U2076,2025-11,Standard,499,10,449.1,FALSE
U2076,2025-09,Standard,499,0,499,FALSE
U2076,2025-12,Standard,499,0,499,FALSE
U2076,2025-10,Standard,499,0,499,FALSE
U2076,2026-01,Standard,499,0,499,FALSE
U2076,2025-08,Standard,499,0,499,FALSE
U2077,2025-11,Basic,199,30,139.3,FALSE
U2077,2025-12,Basic,199,0,199,FALSE
U2077,2026-01,Basic,199,20,159.2,FALSE
U2077,2025-09,Basic,199,0,199,FALSE
U2077,2025-10,Basic,199,0,199,FALSE
U2077,2025-08,Basic,199,0,199,FALSE
U2078,2025-11,Basic,199,10,179.1,FALSE
U2078,2025-12,Basic,199,0,199,FALSE
U2078,2025-10,Basic,199,0,199,FALSE
U2078,2025-09,Basic,199,0,199,FALSE
U2078,2026-01,Basic,199,0,199,FALSE
U2078,2025-08,Basic,199,0,199,FALSE
U2079,2025-08,Premium,999,0,999,FALSE
U2079,2025-10,Premium,999,0,999,FALSE
U2079,2025-11,Premium,999,0,999,FALSE
U2079,2025-12,Premium,999,0,999,FALSE
U2079,2026-01,Premium,999,30,0,FALSE
U2079,2025-09,Premium,999,30,699.3,FALSE
U2080,2025-11,Basic,199,0,199,FALSE
U2080,2025-10,Basic,199,10,179.1,FALSE
U2080,2025-09,Basic,199,0,199,FALSE
U2080,2026-01,Basic,199,0,199,FALSE
U2080,2025-12,Basic,199,0,199,FALSE
U2080,2025-08,Standard,499,0,499,FALSE
U2081,2026-01,Premium,999,0,999,FALSE
U2081,2025-08,Premium,999,0,999,FALSE
U2081,2025-12,Premium,999,0,999,FALSE
U2081,2025-10,Premium,999,0,0,TRUE
U2081,2025-11,Premium,999,0,999,FALSE
U2081,2025-09,Premium,999,0,999,FALSE
U2082,2025-09,Standard,499,0,499,FALSE
U2082,2025-08,Standard,499,0,499,FALSE
U2082,2025-10,Standard,499,0,499,FALSE
U2082,2025-11,Basic,199,0,199,FALSE
U2083,2025-12,Standard,499,0,499,FALSE
U2083,2025-11,Standard,499,20,399.2,FALSE
U2083,2025-09,Standard,499,0,499,FALSE
U2083,2026-01,Standard,499,0,499,FALSE
U2083,2025-10,Standard,499,0,499,FALSE
U2083,2025-08,Standard,499,0,499,FALSE
U2084,2025-12,Standard,499,0,499,FALSE
U2084,2026-01,Standard,499,0,499,FALSE
U2084,2025-10,Standard,499,0,499,FALSE
U2084,2025-08,Standard,499,0,499,FALSE
U2084,2025-09,Standard,499,0,499,FALSE
U2085,2025-08,Premium,999,0,999,FALSE
U2085,2025-10,Premium,999,0,999,FALSE
U2085,2026-01,Premium,999,0,999,FALSE
U2085,2025-11,Premium,999,20,799.2,FALSE
U2085,2025-12,Premium,999,30,699.3,FALSE
U2085,2025-09,Premium,999,0,999,FALSE
U2086,2026-01,Basic,199,0,0,TRUE
U2086,2025-10,Standard,499,0,499,FALSE
U2086,2025-11,Standard,499,0,499,FALSE
U2086,2025-09,Standard,499,0,499,FALSE
U2086,2025-12,Basic,199,10,179.1,FALSE
U2087,2025-10,Standard,499,0,499,FALSE
U2087,2025-08,Standard,499,0,499,FALSE
U2087,2025-11,Standard,499,0,499,FALSE
U2087,2025-09,Standard,499,0,499,FALSE
U2087,2025-12,Basic,199,0,199,FALSE
U2088,2025-12,Basic,199,0,199,FALSE
U2088,2026-01,Basic,199,20,159.2,FALSE
U2088,2025-09,Basic,199,30,139.3,FALSE
U2088,2025-10,Basic,199,0,199,FALSE
U2088,2025-08,Basic,199,0,199,FALSE
U2088,2025-11,Basic,199,0,199,FALSE
U2089,2025-12,Premium,999,30,699.3,FALSE
U2089,2025-09,Premium,999,0,999,FALSE
U2089,2026-01,Premium,999,0,999,FALSE
U2089,2025-10,Premium,999,0,999,FALSE
U2089,2025-11,Premium,999,0,999,FALSE
U2089,2025-08,Premium,999,0,999,FALSE
U2090,2026-01,Basic,199,0,199,FALSE
U2090,2025-08,Basic,199,0,199,FALSE
U2090,2025-09,Basic,199,0,199,FALSE
U2090,2025-12,Basic,199,0,199,FALSE
U2090,2025-10,Basic,199,0,199,FALSE
U2090,2025-11,Basic,199,0,199,FALSE
U2091,2025-08,Premium,999,0,999,FALSE
U2091,2025-12,Premium,999,0,999,FALSE
U2091,2025-09,Premium,999,20,799.2,FALSE
U2091,2026-01,Standard,499,0,0,TRUE
U2091,2025-11,Premium,999,0,999,FALSE
U2092,2025-10,Basic,199,0,199,FALSE
U2092,2025-09,Basic,199,0,199,FALSE
U2092,2026-01,Basic,199,30,139.3,FALSE
U2092,2025-12,Basic,199,0,199,FALSE
U2092,2025-08,Basic,199,0,199,FALSE
U2093,2025-11,Premium,999,0,999,FALSE
U2093,2025-12,Premium,999,0,999,FALSE
U2093,2025-09,Premium,999,0,999,FALSE
U2093,2026-01,Standard,499,0,499,FALSE
U2093,2025-10,Premium,999,0,999,FALSE
U2093,2025-08,Premium,999,0,999,FALSE
U2094,2025-09,Premium,999,10,899.1,FALSE
U2094,2026-01,Premium,999,0,999,FALSE
U2094,2025-12,Premium,999,0,999,FALSE
U2094,2025-08,Premium,999,0,999,FALSE
U2094,2025-11,Premium,999,0,999,FALSE
U2094,2025-10,Premium,999,0,999,FALSE
U2095,2025-09,Basic,199,0,199,FALSE
U2095,2025-11,Basic,199,0,199,FALSE
U2095,2025-12,Basic,199,0,199,FALSE
U2095,2026-01,Basic,199,0,199,FALSE
U2095,2025-10,Basic,199,0,199,FALSE
U2095,2025-08,Basic,199,0,199,FALSE
U2096,2026-01,Basic,199,0,199,FALSE
U2096,2025-12,Basic,199,0,199,FALSE
U2096,2025-09,Basic,199,30,139.3,FALSE
U2096,2025-11,Basic,199,0,199,FALSE
U2096,2025-10,Basic,199,30,139.3,FALSE
U2096,2025-08,Basic,199,0,199,FALSE
U2097,2026-01,Standard,499,30,349.3,FALSE
U2097,2025-09,Standard,499,0,499,FALSE
U2097,2025-08,Standard,499,0,499,FALSE
U2097,2025-11,Standard,499,0,499,FALSE
U2097,2025-10,Standard,499,0,499,FALSE
U2098,2025-10,Standard,499,0,499,FALSE
U2098,2025-11,Standard,499,0,499,FALSE
U2098,2025-09,Standard,499,0,499,FALSE
U2098,2025-08,Standard,499,0,499,FALSE
U2098,2026-01,Standard,499,0,499,FALSE
U2098,2025-12,Standard,499,30,349.3,FALSE
U2099,2025-11,Standard,499,0,499,FALSE
U2099,2025-12,Standard,499,0,499,FALSE
U2099,2025-08,Standard,499,0,499,FALSE
U2099,2026-01,Standard,499,0,499,FALSE
U2099,2025-09,Standard,499,0,499,FALSE
U2099,2025-10,Standard,499,20,399.2,FALSE
U2100,2025-12,Standard,499,0,499,FALSE
U2100,2025-08,Standard,499,0,499,FALSE
U2100,2026-01,Standard,499,0,499,FALSE
U2100,2025-11,Standard,499,0,499,FALSE
U2101,2025-11,Premium,999,0,999,FALSE
U2101,2025-08,Premium,999,0,999,FALSE
U2101,2026-01,Premium,999,0,999,FALSE
U2101,2025-12,Premium,999,20,799.2,FALSE
U2101,2025-10,Premium,999,0,999,FALSE
U2101,2025-09,Premium,999,0,999,FALSE
U2102,2025-12,Standard,499,10,449.1,FALSE
U2102,2025-10,Standard,499,0,499,FALSE
U2102,2025-11,Standard,499,0,499,FALSE
U2102,2025-09,Standard,499,0,499,FALSE
U2102,2026-01,Standard,499,20,399.2,FALSE
U2102,2025-08,Standard,499,30,0,FALSE
U2103,2025-09,Standard,499,0,499,FALSE
U2103,2025-10,Standard,499,0,499,FALSE
U2103,2026-01,Standard,499,0,499,FALSE
U2103,2025-11,Standard,499,0,499,FALSE
U2103,2025-12,Standard,499,0,499,FALSE
U2103,2025-08,Standard,499,0,499,FALSE
U2104,2025-12,Basic,199,30,0,TRUE
U2104,2026-01,Basic,199,0,199,FALSE
U2104,2025-10,Basic,199,20,159.2,FALSE
U2104,2025-11,Basic,199,0,199,FALSE
U2104,2025-09,Basic,199,0,199,FALSE
U2104,2025-08,Basic,199,0,199,FALSE
U2105,2025-09,Basic,199,0,199,FALSE
U2105,2025-08,Basic,199,0,199,FALSE
U2105,2026-01,Basic,199,0,199,FALSE
U2105,2025-12,Basic,199,0,199,FALSE
U2105,2025-11,Basic,199,0,199,FALSE
U2105,2025-10,Basic,199,0,199,FALSE
U2106,2026-01,Basic,199,0,0,TRUE
U2106,2025-08,Basic,199,20,159.2,FALSE
U2106,2025-12,Basic,199,0,199,FALSE
U2106,2025-09,Basic,199,0,199,FALSE
U2107,2026-01,Basic,199,0,199,FALSE
U2107,2025-08,Basic,199,0,199,FALSE
U2107,2025-11,Basic,199,0,199,FALSE
U2107,2025-09,Basic,199,0,199,FALSE
U2107,2025-12,Basic,199,0,199,FALSE
U2107,2025-10,Basic,199,0,199,FALSE
U2108,2026-01,Basic,199,0,199,FALSE
U2108,2025-08,Standard,499,0,499,FALSE
U2108,2025-10,Standard,499,20,0,TRUE
U2108,2025-11,Standard,499,0,499,FALSE
U2108,2025-12,Basic,199,20,159.2,FALSE
U2109,2025-10,Standard,499,0,499,FALSE
U2109,2025-11,Standard,499,0,0,TRUE
U2109,2025-08,Standard,499,0,499,FALSE
U2109,2025-09,Standard,499,0,499,FALSE
U2109,2025-12,Standard,499,0,499,FALSE
U2109,2026-01,Standard,499,20,399.2,FALSE
U2110,2026-01,Basic,199,0,199,FALSE
U2110,2025-09,Standard,499,0,499,FALSE
U2110,2025-08,Standard,499,0,499,FALSE
U2110,2025-11,Standard,499,0,499,FALSE
U2110,2025-12,Basic,199,0,0,TRUE
U2110,2025-10,Standard,499,0,499,FALSE
U2111,2025-10,Premium,999,0,999,FALSE
U2111,2025-11,Premium,999,0,999,FALSE
U2111,2025-08,Premium,999,0,999,FALSE
U2111,2025-09,Premium,999,20,799.2,FALSE
U2111,2026-01,Premium,999,0,999,FALSE
U2111,2025-12,Premium,999,0,999,FALSE
U2112,2025-09,Standard,499,0,499,FALSE
U2112,2025-10,Standard,499,0,499,FALSE
U2112,2025-08,Standard,499,0,499,FALSE
U2112,2026-01,Standard,499,0,499,FALSE
U2112,2025-11,Standard,499,0,499,FALSE
U2112,2025-12,Standard,499,0,499,FALSE
U2113,2025-09,Premium,999,30,699.3,FALSE
U2113,2025-11,Premium,999,0,999,FALSE
U2113,2025-12,Premium,999,20,799.2,FALSE
U2113,2025-08,Premium,999,0,999,FALSE
U2113,2025-10,Premium,999,0,0,TRUE
U2113,2026-01,Premium,999,0,0,TRUE
U2114,2025-11,Premium,999,0,999,FALSE
U2114,2025-09,Premium,999,0,699.3,FALSE
U2114,2025-12,Premium,999,20,799.2,FALSE
U2114,2025-10,Premium,999,30,699.3,FALSE
U2114,2025-08,Premium,999,0,999,FALSE
U2115,2025-08,Basic,199,0,199,FALSE
U2115,2026-01,Basic,199,0,199,FALSE
U2115,2025-12,Basic,199,30,139.3,FALSE
U2115,2025-09,Basic,199,0,199,FALSE
U2115,2025-10,Basic,199,0,199,FALSE
U2115,2025-11,Basic,199,0,199,FALSE
U2116,2026-01,Basic,199,20,159.2,FALSE
U2116,2025-10,Standard,499,0,499,FALSE
U2116,2025-08,Standard,499,0,499,FALSE
U2116,2025-09,Standard,499,20,399.2,FALSE
U2116,2025-11,Standard,499,10,449.1,FALSE
U2116,2025-12,Standard,499,0,499,FALSE
U2117,2025-10,Basic,199,0,199,FALSE
U2117,2025-08,Basic,199,0,199,FALSE
U2117,2025-12,Basic,199,0,199,FALSE
U2117,2026-01,Basic,199,0,199,FALSE
U2117,2025-09,Basic,199,0,199,FALSE
U2117,2025-11,Basic,199,0,199,FALSE
U2118,2025-11,Standard,499,0,499,FALSE
U2118,2025-09,Standard,499,0,499,FALSE
U2118,2025-08,Standard,499,0,499,FALSE
U2118,2026-01,Standard,499,0,499,FALSE
U2118,2025-10,Standard,499,0,499,FALSE
U2119,2025-10,Basic,199,0,199,FALSE
U2119,2025-12,Basic,199,0,199,FALSE
U2119,2026-01,Basic,199,10,179.1,FALSE
U2119,2025-09,Basic,199,0,199,FALSE
U2119,2025-11,Basic,199,0,0,TRUE
U2119,2025-08,Basic,199,0,199,FALSE
U2120,2025-11,Basic,199,0,199,FALSE
U2120,2025-09,Basic,199,10,179.1,FALSE
U2120,2025-08,Basic,199,20,159.2,FALSE
U2120,2025-10,Basic,199,0,199,FALSE
U2120,2025-12,Basic,199,0,199,FALSE
U2120,2026-01,Basic,199,0,199,FALSE
U2121,2025-10,Basic,199,0,0,FALSE
U2121,2025-11,Basic,199,0,199,FALSE
U2121,2026-01,Basic,199,0,199,FALSE
U2121,2025-09,Basic,199,10,179.1,FALSE
U2121,2025-08,Basic,199,0,199,FALSE
U2121,2025-12,Basic,199,0,199,FALSE
U2122,2025-08,Basic,199,0,199,FALSE
U2122,2025-12,Basic,199,0,199,FALSE
U2122,2025-10,Basic,199,0,199,FALSE
U2122,2025-09,Basic,199,0,199,FALSE
U2122,2026-01,Basic,199,0,199,FALSE
U2122,2025-11,Basic,199,0,199,FALSE
U2123,2025-10,Standard,499,0,499,FALSE
U2123,2026-01,Basic,199,0,199,FALSE
U2123,2025-08,Standard,499,0,499,FALSE
U2123,2025-09,Standard,499,0,499,FALSE
U2123,2025-11,Basic,199,0,199,FALSE
U2123,2025-12,Basic,199,0,199,FALSE
U2124,2025-09,Standard,499,0,499,FALSE
U2124,2026-01,Standard,499,0,499,FALSE
U2124,2025-10,Standard,499,0,499,FALSE
U2124,2025-11,Standard,499,0,499,FALSE
U2124,2025-08,Standard,499,10,449.1,FALSE
U2124,2025-12,Standard,499,30,349.3,FALSE
U2125,2025-08,Premium,999,0,999,FALSE
U2125,2025-10,Standard,499,0,499,FALSE
U2125,2025-11,Standard,499,0,499,FALSE
U2125,2026-01,Standard,499,0,499,FALSE
U2125,2025-09,Premium,999,0,999,FALSE
U2126,2025-12,Basic,199,0,199,FALSE
U2126,2025-09,Basic,199,0,199,FALSE
U2126,2025-08,Basic,199,0,199,FALSE
U2126,2026-01,Basic,199,0,199,FALSE
U2126,2025-10,Basic,199,0,199,FALSE
U2126,2025-11,Basic,199,0,199,FALSE
U2127,2025-11,Basic,199,0,199,FALSE
U2127,2026-01,Basic,199,0,0,TRUE
U2127,2025-10,Basic,199,0,199,FALSE
U2127,2025-08,Basic,199,0,199,FALSE
U2127,2025-12,Basic,199,20,159.2,FALSE
U2127,2025-09,Basic,199,10,179.1,FALSE
U2128,2026-01,Standard,499,0,0,FALSE
U2128,2025-12,Standard,499,10,449.1,FALSE
U2128,2025-11,Standard,499,0,499,FALSE
U2128,2025-09,Premium,999,0,999,FALSE
U2128,2025-08,Premium,999,0,999,FALSE
U2128,2025-10,Premium,999,0,999,FALSE
U2129,2025-08,Premium,999,0,999,FALSE
U2129,2025-12,Premium,999,0,999,FALSE
U2129,2026-01,Premium,999,0,999,FALSE
U2129,2025-11,Premium,999,0,999,FALSE
U2129,2025-10,Premium,999,0,999,FALSE
U2129,2025-09,Premium,999,0,999,FALSE
U2130,2025-11,Basic,199,0,199,FALSE
U2130,2025-10,Basic,199,0,199,FALSE
U2130,2025-09,Basic,199,0,199,FALSE
U2130,2025-12,Basic,199,0,199,FALSE
U2130,2026-01,Basic,199,0,199,FALSE
U2130,2025-08,Basic,199,0,199,FALSE
U2131,2025-11,Standard,499,0,499,FALSE
U2131,2025-08,Standard,499,0,499,FALSE
U2131,2025-10,Standard,499,0,0,TRUE
U2131,2025-12,Standard,499,0,499,FALSE
U2131,2026-01,Standard,499,0,499,FALSE
U2131,2025-09,Standard,499,20,399.2,FALSE
U2132,2025-09,Standard,499,0,0,TRUE
U2132,2025-12,Standard,499,10,449.1,FALSE
U2132,2025-11,Standard,499,0,499,FALSE
U2132,2025-10,Standard,499,0,499,FALSE
U2132,2026-01,Standard,499,0,499,FALSE
U2132,2025-08,Standard,499,0,499,FALSE
U2133,2025-10,Premium,999,0,999,FALSE
U2133,2025-12,Premium,999,0,999,FALSE
U2133,2025-08,Premium,999,20,799.2,FALSE
U2133,2025-09,Premium,999,0,999,FALSE
U2133,2026-01,Premium,999,0,999,FALSE
U2134,2025-08,Basic,199,0,199,FALSE
U2134,2025-10,Basic,199,0,199,FALSE
U2134,2025-12,Basic,199,0,199,FALSE
U2134,2026-01,Basic,199,10,179.1,FALSE
U2134,2025-11,Basic,199,0,199,FALSE
U2135,2025-11,Basic,199,0,199,FALSE
U2135,2025-09,Basic,199,0,199,FALSE
U2135,2025-12,Basic,199,10,179.1,FALSE
U2135,2025-10,Basic,199,0,199,FALSE
U2135,2025-08,Standard,499,0,499,FALSE
U2135,2026-01,Basic,199,0,199,FALSE
U2136,2025-08,Standard,499,0,499,FALSE
U2136,2026-01,Basic,199,30,139.3,FALSE
U2136,2025-09,Standard,499,0,0,TRUE
U2136,2025-10,Standard,499,0,499,FALSE
U2136,2025-12,Basic,199,30,0,TRUE
U2136,2025-11,Standard,499,20,399.2,FALSE
U2137,2025-09,Premium,999,0,999,FALSE
U2137,2025-11,Premium,999,0,999,FALSE
U2137,2025-12,Premium,999,0,999,FALSE
U2137,2025-08,Premium,999,0,999,FALSE
U2137,2025-10,Premium,999,0,999,FALSE
U2137,2026-01,Premium,999,10,899.1,FALSE
U2138,2025-10,Standard,499,0,499,FALSE
U2138,2025-12,Standard,499,0,0,TRUE
U2138,2025-11,Standard,499,20,399.2,FALSE
U2138,2025-08,Standard,499,0,499,FALSE
U2138,2026-01,Standard,499,0,499,FALSE
U2139,2025-11,Premium,999,0,999,FALSE
U2139,2025-12,Premium,999,30,699.3,FALSE
U2139,2026-01,Premium,999,0,0,FALSE
U2139,2025-10,Premium,999,0,999,FALSE
U2139,2025-08,Premium,999,0,0,FALSE
U2139,2025-09,Premium,999,0,999,FALSE
U2140,2025-10,Basic,199,0,199,FALSE
U2140,2025-11,Basic,199,0,159.2,FALSE
U2140,2025-09,Basic,199,0,199,FALSE
U2140,2026-01,Basic,199,0,0,TRUE
U2140,2025-12,Basic,199,0,199,FALSE
U2140,2025-08,Basic,199,0,199,FALSE
U2141,2025-12,Premium,999,0,999,FALSE
U2141,2025-09,Premium,999,0,999,FALSE
U2141,2025-10,Premium,999,0,999,FALSE
U2141,2025-11,Premium,999,0,999,FALSE
U2141,2025-08,Premium,999,0,999,FALSE
U2141,2026-01,Premium,999,0,999,FALSE
U2142,2025-10,Standard,499,0,499,FALSE
U2142,2025-08,Standard,499,0,499,FALSE
U2142,2025-09,Standard,499,0,499,FALSE
U2142,2025-11,Standard,499,0,499,FALSE
U2142,2025-12,Standard,499,0,499,FALSE
U2142,2026-01,Standard,499,0,0,TRUE
U2143,2025-12,Basic,199,20,159.2,FALSE
U2143,2025-08,Standard,499,0,499,FALSE
U2143,2025-10,Standard,499,0,499,FALSE
U2143,2026-01,Basic,199,10,179.1,FALSE
U2143,2025-11,Standard,499,0,499,FALSE
U2143,2025-09,Standard,499,0,499,FALSE
U2144,2025-10,Basic,199,10,179.1,FALSE
U2144,2025-09,Basic,199,0,199,FALSE
U2144,2026-01,Basic,199,10,179.1,FALSE
U2144,2025-11,Basic,199,0,199,FALSE
U2144,2025-08,Basic,199,0,199,FALSE
U2145,2025-09,Basic,199,0,199,FALSE
U2145,2026-01,Basic,199,0,199,FALSE
U2145,2025-10,Basic,199,10,179.1,FALSE
U2145,2025-11,Basic,199,0,199,FALSE
U2145,2025-08,Basic,199,0,199,FALSE
U2145,2025-12,Basic,199,0,199,FALSE
U2146,2025-12,Basic,199,0,199,FALSE
U2146,2025-09,Basic,199,30,139.3,FALSE
U2146,2026-01,Basic,199,0,199,FALSE
U2146,2025-11,Basic,199,0,199,FALSE
U2146,2025-10,Basic,199,0,199,FALSE
U2147,2025-11,Standard,499,0,499,FALSE
U2147,2025-09,Standard,499,0,499,FALSE
U2147,2025-10,Standard,499,0,499,FALSE
U2147,2025-08,Standard,499,10,449.1,FALSE
U2147,2026-01,Standard,499,0,0,TRUE
U2148,2025-10,Premium,999,10,899.1,FALSE
U2148,2025-12,Premium,999,0,999,FALSE
U2148,2025-08,Premium,999,20,799.2,FALSE
U2148,2025-09,Premium,999,0,999,FALSE
U2148,2026-01,Premium,999,0,999,FALSE
U2149,2025-11,Premium,999,0,999,FALSE
U2149,2026-01,Premium,999,0,999,FALSE
U2149,2025-10,Premium,999,30,699.3,FALSE
U2149,2025-08,Premium,999,30,699.3,FALSE
U2149,2025-12,Premium,999,0,999,FALSE
U2150,2025-12,Premium,999,0,999,FALSE
U2150,2025-11,Premium,999,0,999,FALSE
U2150,2025-09,Premium,999,0,999,FALSE
U2150,2026-01,Premium,999,0,999,FALSE
U2150,2025-10,Premium,999,0,999,FALSE
U2151,2025-09,Standard,499,0,499,FALSE
U2151,2025-12,Standard,499,0,499,FALSE
U2151,2026-01,Standard,499,0,499,FALSE
U2151,2025-08,Standard,499,0,499,FALSE
U2151,2025-10,Standard,499,0,499,FALSE
U2152,2025-10,Standard,499,0,499,FALSE
U2152,2025-08,Standard,499,0,499,FALSE
U2152,2025-11,Standard,499,10,449.1,FALSE
U2152,2026-01,Standard,499,0,499,FALSE
U2152,2025-09,Standard,499,0,499,FALSE
U2152,2025-12,Standard,499,0,499,FALSE
U2153,2025-08,Premium,999,0,999,FALSE
U2153,2025-11,Premium,999,0,999,FALSE
U2153,2025-10,Premium,999,0,999,FALSE
U2153,2025-09,Premium,999,0,999,FALSE
U2153,2026-01,Standard,499,0,0,TRUE
U2153,2025-12,Standard,499,0,499,FALSE
U2154,2026-01,Basic,199,0,199,FALSE
U2154,2025-08,Standard,499,0,499,FALSE
U2154,2025-10,Basic,199,0,199,FALSE
U2154,2025-09,Basic,199,0,199,FALSE
U2154,2025-12,Basic,199,0,199,FALSE
U2154,2025-11,Basic,199,10,179.1,FALSE
U2155,2025-08,Standard,499,0,499,FALSE
U2155,2025-12,Basic,199,0,199,FALSE
U2155,2025-10,Standard,499,0,499,FALSE
U2155,2025-11,Standard,499,0,499,FALSE
U2155,2026-01,Basic,199,0,199,FALSE
U2156,2026-01,Standard,499,0,499,FALSE
U2156,2025-11,Standard,499,0,499,FALSE
U2156,2025-12,Standard,499,0,499,FALSE
U2156,2025-09,Standard,499,0,499,FALSE
U2156,2025-10,Standard,499,0,499,FALSE
U2156,2025-08,Standard,499,0,499,FALSE
U2157,2025-11,Premium,999,30,0,TRUE
U2157,2025-08,Premium,999,0,999,FALSE
U2157,2025-10,Premium,999,0,999,FALSE
U2157,2025-09,Premium,999,0,999,FALSE
U2157,2026-01,Premium,999,0,999,FALSE
U2157,2025-12,Premium,999,0,999,FALSE
U2158,2025-09,Basic,199,0,199,FALSE
U2158,2025-10,Basic,199,0,199,FALSE
U2158,2025-12,Basic,199,0,199,FALSE
U2158,2025-08,Basic,199,0,199,FALSE
U2158,2025-11,Basic,199,0,199,FALSE
U2158,2026-01,Basic,199,0,199,FALSE
U2159,2025-11,Premium,999,0,999,FALSE
U2159,2025-09,Premium,999,0,999,FALSE
U2159,2025-08,Premium,999,10,899.1,FALSE
U2159,2026-01,Premium,999,0,999,FALSE
U2159,2025-10,Premium,999,0,999,FALSE
U2159,2025-12,Premium,999,0,999,FALSE
U2160,2025-08,Standard,499,0,499,FALSE
U2160,2025-10,Standard,499,20,399.2,FALSE
U2160,2026-01,Standard,499,0,499,FALSE
U2160,2025-09,Standard,499,10,449.1,FALSE
U2160,2025-11,Standard,499,0,499,FALSE
U2161,2025-09,Premium,999,20,799.2,FALSE
U2161,2025-12,Premium,999,0,999,FALSE
U2161,2025-11,Premium,999,30,699.3,FALSE
U2161,2025-10,Premium,999,0,999,FALSE
U2161,2026-01,Premium,999,0,0,TRUE
U2162,2025-12,Standard,499,0,499,FALSE
U2162,2026-01,Standard,499,0,499,FALSE
U2162,2025-11,Standard,499,0,0,TRUE
U2162,2025-08,Standard,499,0,499,FALSE
U2162,2025-09,Standard,499,0,499,FALSE
U2162,2025-10,Standard,499,0,499,FALSE
U2163,2025-11,Basic,199,0,199,FALSE
U2163,2025-09,Basic,199,0,199,FALSE
U2163,2025-08,Standard,499,0,499,FALSE
U2163,2026-01,Basic,199,0,199,FALSE
U2163,2025-10,Basic,199,0,199,FALSE
U2163,2025-12,Basic,199,0,199,FALSE
U2164,2025-11,Standard,499,0,499,FALSE
U2164,2025-08,Standard,499,0,499,FALSE
U2164,2025-10,Standard,499,0,0,TRUE
U2164,2026-01,Standard,499,30,349.3,FALSE
U2164,2025-12,Standard,499,0,499,FALSE
U2164,2025-09,Standard,499,0,499,FALSE
U2165,2026-01,Premium,999,0,999,FALSE
U2165,2025-12,Premium,999,0,999,FALSE
U2165,2025-10,Premium,999,0,999,FALSE
U2165,2025-09,Premium,999,20,799.2,FALSE
U2165,2025-11,Premium,999,0,999,FALSE
U2166,2025-08,Standard,499,0,499,FALSE
U2166,2025-12,Standard,499,0,0,TRUE
U2166,2025-09,Standard,499,0,499,FALSE
U2166,2026-01,Basic,199,30,139.3,FALSE
U2166,2025-10,Standard,499,30,349.3,FALSE
U2166,2025-11,Standard,499,0,499,FALSE
U2167,2025-11,Standard,499,0,499,FALSE
U2167,2025-10,Standard,499,30,349.3,FALSE
U2167,2025-09,Standard,499,20,399.2,FALSE
U2167,2025-08,Standard,499,0,499,FALSE
U2167,2026-01,Standard,499,0,499,FALSE
U2168,2025-08,Premium,999,0,999,FALSE
U2168,2025-10,Premium,999,0,999,FALSE
U2168,2025-12,Standard,499,0,499,FALSE
U2168,2026-01,Standard,499,0,499,FALSE
U2168,2025-09,Premium,999,0,999,FALSE
U2168,2025-11,Standard,499,0,499,FALSE
U2169,2025-12,Standard,499,0,499,FALSE
U2169,2025-08,Standard,499,0,499,FALSE
U2169,2025-10,Standard,499,20,399.2,FALSE
U2169,2026-01,Standard,499,30,349.3,FALSE
U2169,2025-11,Standard,499,0,499,FALSE
U2169,2025-09,Standard,499,0,499,FALSE
U2170,2025-08,Premium,999,0,999,FALSE
U2170,2025-12,Premium,999,0,999,FALSE
U2170,2025-09,Premium,999,0,999,FALSE
U2170,2026-01,Premium,999,0,0,TRUE
U2170,2025-11,Premium,999,0,999,FALSE
U2170,2025-10,Premium,999,0,999,FALSE
U2171,2025-10,Premium,999,0,999,FALSE
U2171,2025-12,Premium,999,0,999,FALSE
U2171,2025-09,Premium,999,0,999,FALSE
U2171,2025-08,Premium,999,0,999,FALSE
U2171,2026-01,Premium,999,0,999,FALSE
U2171,2025-11,Premium,999,0,999,FALSE
U2172,2025-08,Premium,999,0,999,FALSE
U2172,2025-09,Premium,999,0,999,FALSE
U2172,2025-11,Premium,999,0,999,FALSE
U2172,2025-12,Premium,999,0,999,FALSE
U2173,2025-09,Standard,499,0,499,FALSE
U2173,2025-11,Standard,499,0,499,FALSE
U2173,2025-10,Standard,499,0,0,TRUE
U2173,2026-01,Standard,499,0,499,FALSE
U2173,2025-08,Standard,499,0,499,FALSE
U2173,2025-12,Standard,499,0,499,FALSE
U2174,2026-01,Premium,999,0,999,FALSE
U2174,2025-12,Premium,999,0,999,FALSE
U2174,2025-10,Premium,999,0,999,FALSE
U2174,2025-08,Premium,999,0,0,TRUE
U2174,2025-09,Premium,999,0,999,FALSE
U2175,2025-10,Basic,199,0,0,TRUE
U2175,2025-09,Basic,199,0,199,FALSE
U2175,2025-08,Basic,199,20,159.2,FALSE
U2175,2026-01,Basic,199,0,199,FALSE
U2175,2025-11,Basic,199,0,199,FALSE
U2176,2025-12,Premium,999,20,799.2,FALSE
U2176,2025-09,Premium,999,0,999,FALSE
U2176,2025-08,Premium,999,0,999,FALSE
U2176,2025-11,Premium,999,0,999,FALSE
U2176,2026-01,Premium,999,30,699.3,FALSE
U2176,2025-10,Premium,999,0,999,FALSE
U2177,2025-08,Standard,499,0,499,FALSE
U2177,2025-09,Standard,499,0,499,FALSE
U2177,2026-01,Standard,499,0,499,FALSE
U2177,2025-12,Standard,499,20,399.2,FALSE
U2177,2025-11,Standard,499,0,499,FALSE
U2178,2025-11,Basic,199,0,199,FALSE
U2178,2026-01,Basic,199,30,139.3,FALSE
U2178,2025-10,Basic,199,0,199,FALSE
U2178,2025-09,Basic,199,0,199,FALSE
U2178,2025-08,Basic,199,0,199,FALSE
U2178,2025-12,Basic,199,0,199,FALSE
U2179,2025-08,Standard,499,0,499,FALSE
U2179,2025-09,Standard,499,20,399.2,FALSE
U2179,2025-11,Standard,499,0,449.1,FALSE
U2179,2025-12,Basic,199,0,199,FALSE
U2179,2026-01,Basic,199,0,199,FALSE
U2179,2025-10,Standard,499,0,499,FALSE
U2180,2025-12,Basic,199,10,179.1,FALSE
U2180,2025-08,Basic,199,0,199,FALSE
U2180,2025-09,Basic,199,0,199,FALSE
U2180,2025-11,Basic,199,0,199,FALSE
U2180,2025-10,Basic,199,0,199,FALSE
U2180,2026-01,Basic,199,0,199,FALSE
U2181,2025-12,Basic,199,0,199,FALSE
U2181,2025-11,Basic,199,20,159.2,FALSE
U2181,2026-01,Basic,199,0,199,FALSE
U2181,2025-08,Basic,199,0,199,FALSE
U2181,2025-10,Basic,199,0,199,FALSE
U2181,2025-09,Basic,199,0,199,FALSE
U2182,2025-10,Premium,999,0,999,FALSE
U2182,2026-01,Premium,999,20,799.2,FALSE
U2182,2025-12,Premium,999,20,799.2,FALSE
U2182,2025-09,Premium,999,0,999,FALSE
U2182,2025-08,Premium,999,0,999,FALSE
U2182,2025-11,Premium,999,0,999,FALSE
U2183,2025-08,Basic,199,0,199,FALSE
U2183,2025-09,Basic,199,30,139.3,FALSE
U2183,2025-11,Basic,199,0,199,FALSE
U2183,2026-01,Basic,199,20,159.2,FALSE
U2183,2025-10,Basic,199,10,179.1,FALSE
U2184,2025-10,Standard,499,0,499,FALSE
U2184,2025-09,Standard,499,0,499,FALSE
U2184,2026-01,Standard,499,20,399.2,FALSE
U2184,2025-12,Standard,499,0,499,FALSE
U2184,2025-11,Standard,499,0,499,FALSE
U2184,2025-08,Premium,999,0,999,FALSE
U2185,2025-09,Premium,999,30,699.3,FALSE
U2185,2026-01,Premium,999,0,0,FALSE
U2185,2025-10,Premium,999,30,699.3,FALSE
U2185,2025-11,Premium,999,0,999,FALSE
U2186,2025-12,Basic,199,10,179.1,FALSE
U2186,2025-10,Basic,199,0,199,FALSE
U2186,2025-11,Basic,199,0,159.2,FALSE
U2186,2025-08,Basic,199,0,199,FALSE
U2186,2026-01,Basic,199,0,199,FALSE
U2186,2025-09,Basic,199,0,199,FALSE
U2187,2025-08,Basic,199,0,199,FALSE
U2187,2026-01,Basic,199,0,199,FALSE
U2187,2025-11,Basic,199,0,199,FALSE
U2187,2025-10,Basic,199,0,199,FALSE
U2187,2025-12,Basic,199,0,199,FALSE
U2187,2025-09,Basic,199,0,199,FALSE
U2188,2026-01,Basic,199,0,199,FALSE
U2188,2025-10,Basic,199,0,0,TRUE
U2188,2025-11,Basic,199,0,199,FALSE
U2188,2025-08,Standard,499,0,499,FALSE
U2188,2025-12,Basic,199,0,199,FALSE
U2189,2025-09,Standard,499,0,499,FALSE
U2189,2025-12,Basic,199,0,199,FALSE
U2189,2025-11,Standard,499,0,499,FALSE
U2189,2025-10,Standard,499,0,499,FALSE
U2189,2025-08,Standard,499,0,499,FALSE
U2189,2026-01,Basic,199,0,199,FALSE
U2190,2025-12,Basic,199,0,199,FALSE
U2190,2025-11,Basic,199,10,179.1,FALSE
U2190,2025-09,Basic,199,0,199,FALSE
U2190,2026-01,Basic,199,0,199,FALSE
U2190,2025-08,Basic,199,0,199,FALSE
U2190,2025-10,Basic,199,0,199,FALSE
U2191,2026-01,Standard,499,0,499,FALSE
U2191,2025-08,Standard,499,0,499,FALSE
U2191,2025-09,Standard,499,0,499,FALSE
U2191,2025-10,Standard,499,0,499,FALSE
U2191,2025-12,Standard,499,0,499,FALSE
U2192,2025-10,Premium,999,0,999,FALSE
U2192,2025-08,Premium,999,0,999,FALSE
U2192,2026-01,Premium,999,0,999,FALSE
U2192,2025-09,Premium,999,0,999,FALSE
U2192,2025-12,Premium,999,0,999,FALSE
U2192,2025-11,Premium,999,0,999,FALSE
U2193,2026-01,Premium,999,30,699.3,FALSE
U2193,2025-09,Premium,999,0,999,FALSE
U2193,2025-11,Premium,999,10,899.1,FALSE
U2193,2025-12,Premium,999,0,999,FALSE
U2193,2025-10,Premium,999,0,999,FALSE
U2193,2025-08,Premium,999,0,999,FALSE
U2194,2025-08,Standard,499,0,499,FALSE
U2194,2025-12,Basic,199,0,199,FALSE
U2194,2025-11,Standard,499,0,499,FALSE
U2194,2025-10,Standard,499,0,499,FALSE
U2194,2026-01,Basic,199,0,199,FALSE
U2194,2025-09,Standard,499,0,499,FALSE
U2195,2025-09,Basic,199,10,179.1,FALSE
U2195,2025-08,Basic,199,0,199,FALSE
U2195,2026-01,Basic,199,20,159.2,FALSE
U2195,2025-12,Basic,199,0,0,TRUE
U2195,2025-11,Basic,199,10,179.1,FALSE
U2195,2025-10,Basic,199,0,199,FALSE
U2196,2025-12,Standard,499,0,499,FALSE
U2196,2025-08,Standard,499,0,499,FALSE
U2196,2025-10,Standard,499,0,499,FALSE
U2197,2025-10,Basic,199,0,199,FALSE
U2197,2025-08,Basic,199,0,199,FALSE
U2197,2025-11,Basic,199,0,199,FALSE
U2197,2025-09,Basic,199,0,199,FALSE
U2197,2025-12,Basic,199,30,139.3,FALSE
U2197,2026-01,Basic,199,0,199,FALSE
U2198,2025-10,Basic,199,0,199,FALSE
U2198,2025-12,Basic,199,0,199,FALSE
U2198,2026-01,Basic,199,0,199,FALSE
U2198,2025-11,Basic,199,0,199,FALSE
U2198,2025-08,Basic,199,20,159.2,FALSE
U2199,2025-10,Premium,999,0,999,FALSE
U2199,2025-08,Premium,999,0,999,FALSE
U2199,2025-12,Premium,999,0,999,FALSE
U2199,2025-11,Premium,999,0,999,FALSE
U2199,2025-09,Premium,999,0,999,FALSE
U2200,2025-12,Basic,199,0,199,FALSE
U2200,2025-08,Basic,199,0,199,FALSE
U2200,2025-11,Basic,199,0,199,FALSE
U2200,2025-09,Basic,199,10,179.1,FALSE
U2200,2025-10,Basic,199,0,199,FALSE
U2200,2026-01,Basic,199,20,159.2,FALSE
U2201,2025-11,Standard,499,0,499,FALSE
U2201,2025-09,Premium,999,0,999,FALSE
U2201,2025-10,Standard,499,0,499,FALSE
U2201,2026-01,Standard,499,0,499,FALSE
U2201,2025-08,Premium,999,0,999,FALSE
U2201,2025-12,Standard,499,20,399.2,FALSE
U2202,2025-11,Standard,499,0,0,TRUE
U2202,2025-10,Standard,499,0,499,FALSE
U2202,2026-01,Standard,499,10,449.1,FALSE
U2202,2025-08,Standard,499,20,399.2,FALSE
U2202,2025-09,Standard,499,0,499,FALSE
U2203,2025-09,Standard,499,0,499,FALSE
U2203,2025-12,Standard,499,0,499,FALSE
U2203,2025-11,Standard,499,0,499,FALSE
U2203,2026-01,Standard,499,30,349.3,FALSE
U2203,2025-08,Standard,499,0,499,FALSE
U2204,2025-09,Standard,499,0,499,FALSE
U2204,2025-12,Standard,499,0,499,FALSE
U2204,2025-08,Standard,499,0,499,FALSE
U2204,2026-01,Standard,499,0,499,FALSE
U2204,2025-11,Standard,499,0,499,FALSE
U2204,2025-10,Standard,499,0,0,FALSE
U2205,2025-11,Basic,199,0,199,FALSE
U2205,2025-12,Basic,199,0,199,FALSE
U2205,2025-08,Standard,499,0,499,FALSE
U2205,2026-01,Basic,199,0,199,FALSE
U2205,2025-10,Basic,199,0,199,FALSE
U2205,2025-09,Standard,499,0,499,FALSE
U2206,2025-09,Standard,499,0,0,TRUE
U2206,2026-01,Basic,199,0,199,FALSE
U2206,2025-11,Standard,499,10,449.1,FALSE
U2206,2025-10,Standard,499,0,499,FALSE
U2206,2025-12,Standard,499,0,399.2,FALSE
U2206,2025-08,Standard,499,0,499,FALSE
U2207,2025-10,Standard,499,0,499,FALSE
U2207,2025-12,Standard,499,30,349.3,FALSE
U2207,2025-11,Standard,499,0,499,FALSE
U2207,2026-01,Standard,499,0,499,FALSE
U2207,2025-08,Standard,499,0,499,FALSE
U2208,2025-10,Premium,999,0,999,FALSE
U2208,2026-01,Premium,999,0,999,FALSE
U2208,2025-08,Premium,999,0,999,FALSE
U2208,2025-11,Premium,999,30,699.3,FALSE
U2208,2025-09,Premium,999,0,999,FALSE
U2209,2026-01,Basic,199,20,159.2,FALSE
U2209,2025-11,Basic,199,0,0,FALSE
U2209,2025-08,Standard,499,0,499,FALSE
U2209,2025-09,Basic,199,0,199,FALSE
U2210,2025-11,Premium,999,0,999,FALSE
U2210,2025-10,Premium,999,10,899.1,FALSE
U2210,2026-01,Standard,499,0,499,FALSE
U2210,2025-09,Premium,999,0,999,FALSE
U2210,2025-08,Premium,999,0,999,FALSE
U2211,2025-10,Standard,499,0,449.1,FALSE
U2211,2025-12,Standard,499,30,349.3,FALSE
U2211,2025-09,Standard,499,0,499,FALSE
U2211,2026-01,Basic,199,0,199,FALSE
U2211,2025-08,Standard,499,10,449.1,FALSE
U2211,2025-11,Standard,499,0,499,FALSE
U2212,2026-01,Basic,199,0,199,FALSE
U2212,2025-09,Basic,199,0,199,FALSE
U2212,2025-10,Basic,199,0,199,FALSE
U2212,2025-11,Basic,199,0,199,FALSE
U2212,2025-08,Basic,199,0,199,FALSE
U2213,2026-01,Basic,199,0,199,FALSE
U2213,2025-11,Standard,499,0,0,TRUE
U2213,2025-10,Standard,499,0,499,FALSE
U2213,2025-12,Standard,499,0,499,FALSE
U2213,2025-08,Standard,499,10,449.1,FALSE
U2214,2025-10,Basic,199,0,199,FALSE
U2214,2025-08,Basic,199,0,199,FALSE
U2214,2026-01,Basic,199,0,199,FALSE
U2214,2025-09,Basic,199,0,199,FALSE
U2214,2025-12,Basic,199,0,199,FALSE
U2214,2025-11,Basic,199,0,199,FALSE
U2215,2025-12,Basic,199,0,199,FALSE
U2215,2025-09,Basic,199,0,199,FALSE
U2215,2025-11,Basic,199,0,199,FALSE
U2215,2025-08,Basic,199,0,0,TRUE
U2216,2025-11,Basic,199,0,199,FALSE
U2216,2025-10,Basic,199,0,199,FALSE
U2216,2025-12,Basic,199,0,199,FALSE
U2216,2026-01,Basic,199,0,0,TRUE
U2216,2025-09,Basic,199,0,199,FALSE
U2216,2025-08,Basic,199,0,199,FALSE
U2217,2025-08,Premium,999,0,999,FALSE
U2217,2025-09,Premium,999,0,999,FALSE
U2217,2026-01,Standard,499,30,349.3,FALSE
U2217,2025-12,Standard,499,0,499,FALSE
U2217,2025-11,Standard,499,0,499,FALSE
U2217,2025-10,Premium,999,0,999,FALSE
U2218,2026-01,Basic,199,0,199,FALSE
U2218,2025-11,Standard,499,0,499,FALSE
U2218,2025-10,Premium,999,0,999,FALSE
U2218,2025-08,Premium,999,0,999,FALSE
U2218,2025-09,Premium,999,0,999,FALSE
U2218,2025-12,Standard,499,0,499,FALSE
U2219,2025-09,Premium,999,0,999,FALSE
U2219,2025-11,Premium,999,0,999,FALSE
U2219,2026-01,Premium,999,0,999,FALSE
U2219,2025-08,Premium,999,0,999,FALSE
U2219,2025-10,Premium,999,0,999,FALSE
U2220,2025-08,Standard,499,10,449.1,FALSE
U2220,2025-12,Basic,199,0,199,FALSE
U2220,2025-10,Standard,499,0,499,FALSE
U2220,2026-01,Basic,199,30,139.3,FALSE
U2220,2025-09,Standard,499,0,499,FALSE
U2220,2025-11,Basic,199,0,199,FALSE
U2221,2025-10,Basic,199,0,139.3,FALSE
U2221,2025-09,Basic,199,0,199,FALSE
U2221,2026-01,Basic,199,0,199,FALSE
U2221,2025-08,Basic,199,0,199,FALSE
U2221,2025-11,Basic,199,20,159.2,FALSE
U2221,2025-12,Basic,199,0,199,FALSE
U2222,2025-09,Basic,199,0,199,FALSE
U2222,2025-11,Basic,199,0,199,FALSE
U2222,2025-08,Standard,499,0,499,FALSE
U2222,2025-10,Basic,199,0,199,FALSE
U2222,2026-01,Basic,199,0,199,FALSE
U2222,2025-12,Basic,199,0,199,FALSE
U2223,2025-11,Premium,999,0,999,FALSE
U2223,2025-08,Premium,999,0,0,TRUE
U2223,2025-12,Premium,999,0,999,FALSE
U2223,2026-01,Premium,999,0,999,FALSE
U2223,2025-10,Premium,999,0,999,FALSE
U2223,2025-09,Premium,999,0,999,FALSE
U2224,2025-11,Basic,199,0,199,FALSE
U2224,2025-12,Basic,199,30,139.3,FALSE
U2224,2025-08,Basic,199,0,199,FALSE
U2224,2025-09,Basic,199,0,199,FALSE
U2224,2025-10,Basic,199,0,199,FALSE
U2224,2026-01,Basic,199,0,199,FALSE
U2225,2025-09,Standard,499,0,499,FALSE
U2225,2025-08,Standard,499,0,499,FALSE
U2225,2025-12,Standard,499,0,499,FALSE
U2225,2026-01,Standard,499,0,499,FALSE
U2225,2025-11,Standard,499,0,499,FALSE
U2225,2025-10,Standard,499,30,349.3,FALSE
U2226,2025-12,Basic,199,0,199,FALSE
U2226,2026-01,Basic,199,0,199,FALSE
U2226,2025-08,Basic,199,0,199,FALSE
U2226,2025-09,Basic,199,0,199,FALSE
U2226,2025-10,Basic,199,0,199,FALSE
U2226,2025-11,Basic,199,0,199,FALSE
U2227,2025-12,Basic,199,0,199,FALSE
U2227,2025-08,Basic,199,0,199,FALSE
U2227,2025-09,Basic,199,30,139.3,FALSE
U2227,2025-10,Basic,199,0,199,FALSE
U2227,2025-11,Basic,199,20,159.2,FALSE
U2227,2026-01,Basic,199,0,199,FALSE
U2228,2025-12,Standard,499,10,449.1,FALSE
U2228,2025-11,Standard,499,0,499,FALSE
U2228,2026-01,Standard,499,0,499,FALSE
U2228,2025-09,Standard,499,0,499,FALSE
U2228,2025-10,Standard,499,0,499,FALSE
U2228,2025-08,Standard,499,0,499,FALSE
U2229,2026-01,Basic,199,0,199,FALSE
U2229,2025-09,Basic,199,0,199,FALSE
U2229,2025-10,Basic,199,20,159.2,FALSE
U2229,2025-08,Basic,199,0,199,FALSE
U2229,2025-12,Basic,199,0,199,FALSE
U2229,2025-11,Basic,199,20,159.2,FALSE
U2230,2025-09,Basic,199,20,159.2,FALSE
U2230,2026-01,Basic,199,0,199,FALSE
U2230,2025-08,Standard,499,30,349.3,FALSE
U2230,2025-10,Basic,199,0,199,FALSE
U2230,2025-11,Basic,199,0,199,FALSE
U2231,2025-10,Basic,199,0,199,FALSE
U2231,2025-11,Basic,199,0,199,FALSE
U2231,2025-12,Basic,199,10,179.1,FALSE
U2231,2025-09,Basic,199,0,0,FALSE
U2231,2026-01,Basic,199,0,199,FALSE
U2231,2025-08,Basic,199,0,199,FALSE
U2232,2025-11,Standard,499,20,399.2,FALSE
U2232,2025-09,Standard,499,0,499,FALSE
U2232,2026-01,Basic,199,30,139.3,FALSE
U2232,2025-10,Standard,499,0,499,FALSE
U2232,2025-08,Standard,499,30,349.3,FALSE
U2232,2025-12,Basic,199,30,139.3,FALSE
U2233,2025-11,Basic,199,20,159.2,FALSE
U2233,2025-12,Basic,199,0,199,FALSE
U2233,2025-10,Basic,199,30,139.3,FALSE
U2233,2025-08,Basic,199,0,199,FALSE
U2233,2026-01,Basic,199,0,199,FALSE
U2233,2025-09,Basic,199,0,199,FALSE
U2234,2026-01,Standard,499,0,499,FALSE
U2234,2025-11,Standard,499,0,499,FALSE
U2234,2025-10,Standard,499,0,499,FALSE
U2234,2025-12,Standard,499,0,499,FALSE
U2234,2025-08,Standard,499,0,499,FALSE
U2234,2025-09,Standard,499,0,499,FALSE
U2235,2026-01,Premium,999,0,999,FALSE
U2235,2025-12,Premium,999,0,999,FALSE
U2235,2025-11,Premium,999,0,0,FALSE
U2235,2025-08,Premium,999,0,999,FALSE
U2235,2025-09,Premium,999,0,999,FALSE
U2236,2025-11,Premium,999,0,0,TRUE
U2236,2025-12,Premium,999,0,999,FALSE
U2236,2025-08,Premium,999,0,999,FALSE
U2236,2026-01,Standard,499,10,449.1,FALSE
U2236,2025-10,Premium,999,10,0,TRUE
U2236,2025-09,Premium,999,0,0,FALSE
U2237,2025-08,Basic,199,0,199,FALSE
U2237,2025-09,Basic,199,0,199,FALSE
U2237,2025-11,Basic,199,0,199,FALSE
U2237,2026-01,Basic,199,20,159.2,FALSE
U2237,2025-12,Basic,199,0,0,TRUE
U2238,2026-01,Basic,199,0,199,FALSE
U2238,2025-10,Standard,499,0,499,FALSE
U2238,2025-08,Standard,499,0,0,FALSE
U2238,2025-12,Basic,199,0,199,FALSE
U2238,2025-11,Standard,499,30,349.3,FALSE
U2239,2025-08,Premium,999,20,799.2,FALSE
U2239,2025-10,Premium,999,30,699.3,FALSE
U2239,2025-12,Premium,999,10,899.1,FALSE
U2239,2025-11,Premium,999,0,999,FALSE
U2239,2025-09,Premium,999,0,999,FALSE
U2240,2025-10,Premium,999,30,699.3,FALSE
U2240,2026-01,Premium,999,0,999,FALSE
U2240,2025-11,Premium,999,0,999,FALSE
U2240,2025-09,Premium,999,0,999,FALSE
U2240,2025-12,Premium,999,0,999,FALSE
U2240,2025-08,Premium,999,0,999,FALSE
U2241,2026-01,Standard,499,30,349.3,FALSE
U2241,2025-09,Standard,499,0,499,FALSE
U2241,2025-08,Standard,499,0,499,FALSE
U2241,2025-12,Standard,499,0,499,FALSE
U2241,2025-11,Standard,499,0,499,FALSE
U2241,2025-10,Standard,499,0,499,FALSE
U2242,2025-10,Standard,499,20,0,TRUE
U2242,2025-12,Standard,499,0,499,FALSE
U2242,2025-09,Standard,499,0,499,FALSE
U2242,2026-01,Standard,499,0,499,FALSE
U2243,2025-08,Standard,499,0,499,FALSE
U2243,2025-12,Basic,199,0,199,FALSE
U2243,2025-10,Standard,499,0,499,FALSE
U2243,2026-01,Basic,199,0,199,FALSE
U2243,2025-11,Standard,499,0,499,FALSE
U2244,2025-09,Premium,999,0,999,FALSE
U2244,2025-08,Premium,999,0,999,FALSE
U2244,2025-12,Premium,999,0,999,FALSE
U2244,2025-11,Premium,999,10,899.1,FALSE
U2244,2025-10,Premium,999,0,999,FALSE
U2245,2026-01,Basic,199,0,199,FALSE
U2245,2025-09,Basic,199,0,199,FALSE
U2245,2025-12,Basic,199,0,199,FALSE
U2245,2025-08,Basic,199,0,199,FALSE
U2245,2025-10,Basic,199,30,139.3,FALSE
U2246,2026-01,Premium,999,0,0,TRUE
U2246,2025-08,Premium,999,20,799.2,FALSE
U2246,2025-11,Premium,999,0,999,FALSE
U2246,2025-09,Premium,999,0,999,FALSE
U2246,2025-10,Premium,999,0,999,FALSE
U2246,2025-12,Premium,999,30,699.3,FALSE
U2247,2025-12,Basic,199,30,139.3,FALSE
U2247,2025-09,Basic,199,0,199,FALSE
U2247,2025-11,Basic,199,0,199,FALSE
U2247,2026-01,Basic,199,0,199,FALSE
U2247,2025-10,Basic,199,0,199,FALSE
U2248,2026-01,Basic,199,0,199,FALSE
U2248,2025-11,Basic,199,0,199,FALSE
U2248,2025-08,Basic,199,0,199,FALSE
U2248,2025-09,Basic,199,0,199,FALSE
U2248,2025-10,Basic,199,0,199,FALSE
U2249,2025-10,Standard,499,0,499,FALSE
U2249,2025-09,Standard,499,0,499,FALSE
U2249,2025-12,Standard,499,0,499,FALSE
U2249,2025-08,Standard,499,0,499,FALSE
U2249,2026-01,Standard,499,0,499,FALSE
U2250,2025-09,Standard,499,0,499,FALSE
U2250,2025-10,Standard,499,0,349.3,FALSE
U2250,2025-08,Standard,499,0,0,FALSE
U2250,2025-11,Standard,499,0,499,FALSE
U2250,2025-12,Standard,499,0,499,FALSE
U2250,2026-01,Basic,199,30,139.3,FALSE
U2251,2025-09,Standard,499,0,499,FALSE
U2251,2025-11,Standard,499,0,499,FALSE
U2251,2025-10,Standard,499,0,499,FALSE
U2251,2026-01,Standard,499,0,499,FALSE
U2251,2025-12,Standard,499,0,499,FALSE
U2251,2025-08,Standard,499,0,499,FALSE
U2252,2025-09,Standard,499,0,0,TRUE
U2252,2025-08,Standard,499,0,499,FALSE
U2252,2025-11,Standard,499,10,449.1,FALSE
U2252,2026-01,Standard,499,0,499,FALSE
U2252,2025-12,Standard,499,0,499,FALSE
U2252,2025-10,Standard,499,0,499,FALSE
U2253,2025-09,Basic,199,0,0,FALSE
U2253,2025-12,Basic,199,0,199,FALSE
U2253,2025-11,Basic,199,0,199,FALSE
U2253,2025-08,Basic,199,0,199,FALSE
U2253,2025-10,Basic,199,0,199,FALSE
U2253,2026-01,Basic,199,0,199,FALSE
U2254,2025-09,Basic,199,0,199,FALSE
U2254,2025-12,Basic,199,0,199,FALSE
U2254,2025-10,Basic,199,0,199,FALSE
U2254,2025-08,Basic,199,0,199,FALSE
U2254,2025-11,Basic,199,0,199,FALSE
U2254,2026-01,Basic,199,0,199,FALSE
U2255,2025-11,Standard,499,0,499,FALSE
U2255,2025-09,Standard,499,0,499,FALSE
U2255,2025-08,Standard,499,0,499,FALSE
U2255,2025-12,Basic,199,0,199,FALSE
U2255,2025-10,Standard,499,0,499,FALSE
U2256,2026-01,Basic,199,0,199,FALSE
U2256,2025-08,Basic,199,0,199,FALSE
U2256,2025-12,Basic,199,0,199,FALSE
U2256,2025-09,Basic,199,0,199,FALSE
U2256,2025-10,Basic,199,0,199,FALSE
U2256,2025-11,Basic,199,0,0,TRUE
U2257,2025-08,Standard,499,0,499,FALSE
U2257,2025-09,Standard,499,0,499,FALSE
U2257,2025-12,Basic,199,20,159.2,FALSE
U2257,2025-10,Standard,499,0,499,FALSE
U2257,2026-01,Basic,199,20,159.2,FALSE
U2258,2025-11,Basic,199,0,199,FALSE
U2258,2025-12,Basic,199,0,199,FALSE
U2258,2026-01,Basic,199,30,139.3,FALSE
U2258,2025-09,Basic,199,0,199,FALSE
U2258,2025-08,Standard,499,0,499,FALSE
U2259,2025-10,Standard,499,0,499,FALSE
U2259,2026-01,Standard,499,30,349.3,FALSE
U2259,2025-12,Standard,499,20,399.2,FALSE
U2259,2025-09,Standard,499,30,349.3,FALSE
U2259,2025-11,Standard,499,0,499,FALSE
U2260,2025-12,Premium,999,0,999,FALSE
U2260,2026-01,Premium,999,0,999,FALSE
U2260,2025-11,Premium,999,0,999,FALSE
U2260,2025-09,Premium,999,0,999,FALSE
U2260,2025-08,Premium,999,10,899.1,FALSE
U2260,2025-10,Premium,999,30,699.3,FALSE
U2261,2026-01,Premium,999,0,999,FALSE
U2261,2025-12,Premium,999,20,799.2,FALSE
U2261,2025-08,Premium,999,0,999,FALSE
U2261,2025-09,Premium,999,0,999,FALSE
U2262,2025-08,Premium,999,0,999,FALSE
U2262,2025-10,Premium,999,10,899.1,FALSE
U2262,2025-09,Premium,999,0,999,FALSE
U2262,2025-11,Premium,999,0,999,FALSE
U2262,2026-01,Premium,999,0,999,FALSE
U2262,2025-12,Premium,999,0,999,FALSE
U2263,2026-01,Basic,199,10,179.1,FALSE
U2263,2025-10,Basic,199,0,199,FALSE
U2263,2025-09,Basic,199,0,199,FALSE
U2263,2025-11,Basic,199,0,199,FALSE
U2263,2025-12,Basic,199,20,159.2,FALSE
U2264,2025-08,Standard,499,0,499,FALSE
U2264,2026-01,Basic,199,0,199,FALSE
U2264,2025-09,Basic,199,0,199,FALSE
U2264,2025-11,Basic,199,0,199,FALSE
U2264,2025-12,Basic,199,0,199,FALSE
U2264,2025-10,Basic,199,0,199,FALSE
U2265,2026-01,Basic,199,20,159.2,FALSE
U2265,2025-09,Basic,199,0,199,FALSE
U2265,2025-10,Basic,199,0,199,FALSE
U2265,2025-11,Basic,199,0,199,FALSE
U2265,2025-12,Basic,199,20,159.2,FALSE
U2265,2025-08,Basic,199,0,199,FALSE
U2266,2025-08,Standard,499,0,499,FALSE
U2266,2025-10,Basic,199,0,199,FALSE
U2266,2025-11,Basic,199,10,179.1,FALSE
U2266,2025-12,Basic,199,0,199,FALSE
U2266,2025-09,Basic,199,0,199,FALSE
U2266,2026-01,Basic,199,30,139.3,FALSE
U2267,2025-10,Premium,999,0,999,FALSE
U2267,2025-09,Premium,999,0,999,FALSE
U2267,2025-11,Premium,999,0,999,FALSE
U2267,2025-08,Premium,999,0,999,FALSE
U2267,2026-01,Standard,499,0,499,FALSE
U2267,2025-12,Standard,499,0,349.3,FALSE
U2268,2026-01,Premium,999,0,999,FALSE
U2268,2025-09,Premium,999,30,699.3,FALSE
U2268,2025-12,Premium,999,0,999,FALSE
U2268,2025-08,Premium,999,0,999,FALSE
U2268,2025-10,Premium,999,0,999,FALSE
U2268,2025-11,Premium,999,0,999,FALSE
U2269,2026-01,Standard,499,0,499,FALSE
U2269,2025-08,Standard,499,0,499,FALSE
U2269,2025-11,Standard,499,0,499,FALSE
U2269,2025-09,Standard,499,0,0,FALSE
U2269,2025-12,Standard,499,0,499,FALSE
U2270,2026-01,Standard,499,0,349.3,FALSE
U2270,2025-12,Standard,499,10,449.1,FALSE
U2270,2025-09,Standard,499,0,499,FALSE
U2270,2025-11,Standard,499,30,0,TRUE
U2270,2025-08,Standard,499,0,499,FALSE
U2271,2025-08,Standard,499,0,499,FALSE
U2271,2025-12,Standard,499,0,499,FALSE
U2271,2025-10,Standard,499,0,499,FALSE
U2271,2025-11,Standard,499,0,499,FALSE
U2271,2026-01,Standard,499,30,0,TRUE
U2271,2025-09,Standard,499,0,499,FALSE
U2272,2025-08,Premium,999,0,999,FALSE
U2272,2026-01,Premium,999,0,999,FALSE
U2272,2025-10,Premium,999,0,999,FALSE
U2272,2025-12,Premium,999,20,799.2,FALSE
U2272,2025-11,Premium,999,0,999,FALSE
U2272,2025-09,Premium,999,0,999,FALSE
U2273,2025-11,Standard,499,0,0,TRUE
U2273,2025-12,Basic,199,0,199,FALSE
U2273,2026-01,Basic,199,10,179.1,FALSE
U2273,2025-08,Standard,499,0,499,FALSE
U2273,2025-09,Standard,499,0,0,TRUE
U2274,2025-09,Premium,999,10,899.1,FALSE
U2274,2026-01,Premium,999,0,999,FALSE
U2274,2025-11,Premium,999,0,999,FALSE
U2274,2025-10,Premium,999,0,999,FALSE
U2274,2025-12,Premium,999,0,999,FALSE
U2274,2025-08,Premium,999,0,999,FALSE
U2275,2026-01,Standard,499,0,0,TRUE
U2275,2025-09,Standard,499,0,499,FALSE
U2275,2025-11,Standard,499,0,499,FALSE
U2275,2025-12,Standard,499,0,499,FALSE
U2275,2025-10,Standard,499,20,399.2,FALSE
U2275,2025-08,Standard,499,0,499,FALSE
U2276,2026-01,Basic,199,0,199,FALSE
U2276,2025-11,Basic,199,0,0,FALSE
U2276,2025-12,Basic,199,0,199,FALSE
U2276,2025-10,Standard,499,0,499,FALSE
U2276,2025-08,Standard,499,0,499,FALSE
U2277,2025-08,Standard,499,0,499,FALSE
U2277,2025-10,Standard,499,0,499,FALSE
U2277,2025-11,Standard,499,0,499,FALSE
U2277,2025-12,Standard,499,0,499,FALSE
U2277,2025-09,Standard,499,20,399.2,FALSE
U2277,2026-01,Standard,499,0,499,FALSE
U2278,2025-08,Basic,199,10,179.1,FALSE
U2278,2025-12,Basic,199,0,199,FALSE
U2278,2025-11,Basic,199,0,199,FALSE
U2278,2025-10,Basic,199,0,199,FALSE
U2278,2025-09,Basic,199,0,199,FALSE
U2278,2026-01,Basic,199,0,199,FALSE
U2279,2025-11,Standard,499,0,499,FALSE
U2279,2026-01,Standard,499,0,499,FALSE
U2279,2025-08,Standard,499,10,0,TRUE
U2279,2025-12,Standard,499,0,499,FALSE
U2279,2025-09,Standard,499,0,499,FALSE
U2279,2025-10,Standard,499,0,499,FALSE
U2280,2025-08,Premium,999,0,999,FALSE
U2280,2025-09,Premium,999,0,999,FALSE
U2280,2025-12,Premium,999,0,999,FALSE
U2280,2025-11,Premium,999,0,999,FALSE
U2281,2026-01,Basic,199,10,179.1,FALSE
U2281,2025-12,Standard,499,0,499,FALSE
U2281,2025-11,Premium,999,0,999,FALSE
U2281,2025-09,Premium,999,0,999,FALSE
U2281,2025-10,Premium,999,0,999,FALSE
U2281,2025-08,Premium,999,0,999,FALSE
U2282,2025-10,Standard,499,20,0,TRUE
U2282,2025-11,Standard,499,0,499,FALSE
U2282,2026-01,Basic,199,20,159.2,FALSE
U2282,2025-08,Standard,499,0,499,FALSE
U2282,2025-12,Standard,499,0,499,FALSE
U2283,2025-10,Premium,999,0,999,FALSE
U2283,2025-12,Premium,999,0,999,FALSE
U2283,2025-11,Premium,999,0,999,FALSE
U2283,2025-09,Premium,999,0,999,FALSE
U2283,2026-01,Premium,999,0,999,FALSE
U2283,2025-08,Premium,999,0,999,FALSE
U2284,2025-12,Basic,199,0,199,FALSE
U2284,2025-10,Basic,199,0,199,FALSE
U2284,2025-09,Basic,199,10,179.1,FALSE
U2284,2025-11,Basic,199,0,199,FALSE
U2284,2025-08,Basic,199,0,199,FALSE
U2284,2026-01,Basic,199,0,199,FALSE
U2285,2025-10,Standard,499,0,0,TRUE
U2285,2025-11,Standard,499,30,349.3,FALSE
U2285,2026-01,Standard,499,0,0,TRUE
U2285,2025-09,Standard,499,0,499,FALSE
U2285,2025-08,Standard,499,0,499,FALSE
U2285,2025-12,Standard,499,0,499,FALSE
U2286,2026-01,Basic,199,30,139.3,FALSE
U2286,2025-11,Basic,199,0,199,FALSE
U2286,2025-10,Basic,199,0,199,FALSE
U2286,2025-09,Basic,199,0,199,FALSE
U2287,2025-11,Basic,199,10,179.1,FALSE
U2287,2025-08,Basic,199,0,199,FALSE
U2287,2026-01,Basic,199,20,159.2,FALSE
U2287,2025-12,Basic,199,0,0,TRUE
U2287,2025-10,Basic,199,0,199,FALSE
U2287,2025-09,Basic,199,0,199,FALSE
U2288,2025-12,Standard,499,0,499,FALSE
U2288,2025-11,Standard,499,0,499,FALSE
U2288,2025-09,Standard,499,0,499,FALSE
U2288,2026-01,Standard,499,0,499,FALSE
U2288,2025-10,Standard,499,0,499,FALSE
U2289,2025-09,Basic,199,0,199,FALSE
U2289,2025-11,Basic,199,10,179.1,FALSE
U2289,2025-08,Standard,499,0,499,FALSE
U2289,2025-10,Basic,199,0,199,FALSE
U2290,2025-10,Premium,999,0,999,FALSE
U2290,2025-11,Premium,999,0,0,FALSE
U2290,2025-12,Premium,999,0,999,FALSE
U2290,2025-09,Premium,999,0,999,FALSE
U2290,2026-01,Premium,999,0,999,FALSE
U2290,2025-08,Premium,999,0,999,FALSE
U2291,2025-11,Standard,499,0,499,FALSE
U2291,2026-01,Basic,199,0,199,FALSE
U2291,2025-09,Standard,499,0,499,FALSE
U2291,2025-08,Standard,499,0,499,FALSE
U2291,2025-12,Basic,199,0,0,TRUE
U2291,2025-10,Standard,499,0,499,FALSE
U2292,2025-12,Basic,199,0,199,FALSE
U2292,2025-10,Basic,199,0,199,FALSE
U2292,2025-09,Basic,199,0,199,FALSE
U2292,2026-01,Basic,199,0,199,FALSE
U2292,2025-11,Basic,199,0,199,FALSE
U2292,2025-08,Basic,199,0,199,FALSE
U2293,2025-11,Standard,499,0,499,FALSE
U2293,2026-01,Standard,499,0,499,FALSE
U2293,2025-10,Standard,499,0,499,FALSE
U2293,2025-09,Standard,499,0,499,FALSE
U2293,2025-08,Standard,499,0,499,FALSE
U2293,2025-12,Standard,499,0,499,FALSE
U2294,2025-12,Basic,199,30,139.3,FALSE
U2294,2025-10,Standard,499,0,499,FALSE
U2294,2025-11,Basic,199,0,199,FALSE
U2294,2026-01,Basic,199,0,199,FALSE
U2294,2025-09,Standard,499,20,399.2,FALSE
U2295,2026-01,Standard,499,0,0,TRUE
U2295,2025-10,Standard,499,0,499,FALSE
U2295,2025-08,Standard,499,0,499,FALSE
U2295,2025-09,Standard,499,0,499,FALSE
U2295,2025-11,Standard,499,20,399.2,FALSE
U2295,2025-12,Standard,499,0,499,FALSE
U2296,2025-09,Basic,199,0,199,FALSE
U2296,2025-08,Basic,199,0,199,FALSE
U2296,2025-12,Basic,199,20,159.2,FALSE
U2296,2025-11,Basic,199,0,199,FALSE
U2296,2026-01,Basic,199,0,0,TRUE
U2296,2025-10,Basic,199,0,199,FALSE
U2297,2025-09,Standard,499,30,349.3,FALSE
U2297,2025-12,Standard,499,20,399.2,FALSE
U2297,2025-08,Standard,499,30,349.3,FALSE
U2297,2025-11,Standard,499,0,499,FALSE
U2297,2025-10,Standard,499,0,499,FALSE
U2297,2026-01,Standard,499,0,499,FALSE
U2298,2025-09,Standard,499,0,499,FALSE
U2298,2025-08,Standard,499,0,499,FALSE
U2298,2025-11,Standard,499,0,499,FALSE
U2298,2026-01,Standard,499,0,499,FALSE
U2298,2025-12,Standard,499,0,499,FALSE
U2298,2025-10,Standard,499,0,499,FALSE
U2299,2025-10,Basic,199,0,199,FALSE
U2299,2025-09,Basic,199,10,179.1,FALSE
U2299,2025-11,Basic,199,0,199,FALSE
U2299,2026-01,Basic,199,0,199,FALSE
U2300,2025-10,Basic,199,0,0,TRUE
U2300,2025-08,Basic,199,0,0,FALSE
U2300,2026-01,Basic,199,10,0,FALSE
U2300,2025-12,Basic,199,0,199,FALSE
U2300,2025-09,Basic,199,0,199,FALSE
U2300,2025-11,Basic,199,30,0,TRUE
U2301,2025-08,Standard,499,0,499,FALSE
U2301,2025-12,Basic,199,0,199,FALSE
U2301,2025-09,Standard,499,0,499,FALSE
U2301,2026-01,Basic,199,0,199,FALSE
U2302,2026-01,Basic,199,0,199,FALSE
U2302,2025-11,Basic,199,0,199,FALSE
U2302,2025-08,Basic,199,0,199,FALSE
U2302,2025-10,Basic,199,0,199,FALSE
U2302,2025-09,Basic,199,0,199,FALSE
U2302,2025-12,Basic,199,0,199,FALSE
U2303,2025-10,Basic,199,0,199,FALSE
U2303,2025-08,Basic,199,0,199,FALSE
U2303,2025-09,Basic,199,0,199,FALSE
U2303,2026-01,Basic,199,0,199,FALSE
U2303,2025-12,Basic,199,0,199,FALSE
U2304,2025-10,Standard,499,0,499,FALSE
U2304,2025-11,Standard,499,0,499,FALSE
U2304,2025-12,Standard,499,0,0,FALSE
U2304,2026-01,Standard,499,0,499,FALSE
U2304,2025-09,Standard,499,0,499,FALSE
U2305,2025-08,Standard,499,0,499,FALSE
U2305,2025-09,Standard,499,0,499,FALSE
U2305,2025-12,Basic,199,0,199,FALSE
U2305,2026-01,Basic,199,0,199,FALSE
U2305,2025-11,Basic,199,0,199,FALSE
U2306,2025-12,Standard,499,10,449.1,FALSE
U2306,2025-09,Standard,499,0,499,FALSE
U2306,2026-01,Standard,499,0,499,FALSE
U2306,2025-10,Standard,499,0,0,TRUE
U2306,2025-11,Standard,499,0,499,FALSE
U2306,2025-08,Standard,499,0,499,FALSE
U2307,2025-10,Standard,499,0,499,FALSE
U2307,2026-01,Basic,199,0,199,FALSE
U2307,2025-08,Standard,499,0,499,FALSE
U2307,2025-12,Basic,199,10,179.1,FALSE
U2307,2025-09,Standard,499,0,499,FALSE
U2307,2025-11,Standard,499,0,499,FALSE
U2308,2025-11,Standard,499,0,499,FALSE
U2308,2025-10,Standard,499,0,499,FALSE
U2308,2025-09,Standard,499,0,499,FALSE
U2308,2025-08,Standard,499,0,499,FALSE
U2308,2025-12,Basic,199,0,199,FALSE
U2308,2026-01,Basic,199,20,159.2,FALSE
U2309,2026-01,Basic,199,0,199,FALSE
U2309,2025-11,Basic,199,10,179.1,FALSE
U2309,2025-10,Basic,199,0,199,FALSE
U2309,2025-09,Standard,499,0,0,TRUE
U2309,2025-12,Basic,199,0,199,FALSE
U2309,2025-08,Standard,499,0,499,FALSE
U2310,2025-09,Premium,999,0,999,FALSE
U2310,2025-08,Premium,999,20,799.2,FALSE
U2310,2025-12,Premium,999,0,999,FALSE
U2310,2025-10,Premium,999,0,999,FALSE
U2310,2026-01,Premium,999,0,999,FALSE
U2310,2025-11,Premium,999,30,699.3,FALSE
U2311,2025-12,Premium,999,30,699.3,FALSE
U2311,2025-09,Premium,999,10,0,TRUE
U2311,2025-08,Premium,999,0,999,FALSE
U2311,2026-01,Premium,999,0,0,FALSE
U2311,2025-11,Premium,999,0,999,FALSE
U2311,2025-10,Premium,999,0,999,FALSE
U2312,2025-11,Basic,199,0,199,FALSE
U2312,2025-10,Basic,199,0,199,FALSE
U2312,2026-01,Basic,199,0,199,FALSE
U2312,2025-09,Basic,199,0,199,FALSE
U2312,2025-08,Basic,199,0,199,FALSE
U2312,2025-12,Basic,199,0,199,FALSE
U2313,2025-11,Standard,499,30,349.3,FALSE
U2313,2025-10,Standard,499,0,499,FALSE
U2313,2025-12,Basic,199,10,179.1,FALSE
U2313,2025-08,Standard,499,0,499,FALSE
U2313,2025-09,Standard,499,0,499,FALSE
U2314,2025-08,Premium,999,0,999,FALSE
U2314,2025-11,Premium,999,0,999,FALSE
U2314,2025-10,Premium,999,30,699.3,FALSE
U2314,2025-09,Premium,999,0,0,FALSE
U2314,2026-01,Premium,999,0,999,FALSE
U2314,2025-12,Premium,999,20,799.2,FALSE
U2315,2026-01,Standard,499,0,499,FALSE
U2315,2025-08,Premium,999,0,999,FALSE
U2315,2025-12,Standard,499,0,499,FALSE
U2315,2025-10,Premium,999,0,999,FALSE
U2315,2025-09,Premium,999,0,999,FALSE
U2315,2025-11,Standard,499,0,499,FALSE
U2316,2025-11,Premium,999,10,899.1,FALSE
U2316,2026-01,Premium,999,10,899.1,FALSE
U2316,2025-12,Premium,999,0,999,FALSE
U2316,2025-09,Premium,999,30,699.3,FALSE
U2316,2025-10,Premium,999,0,999,FALSE
U2317,2025-11,Basic,199,0,199,FALSE
U2317,2025-10,Basic,199,0,199,FALSE
U2317,2025-08,Basic,199,20,159.2,FALSE
U2317,2025-12,Basic,199,0,199,FALSE
U2317,2025-09,Basic,199,0,199,FALSE
U2317,2026-01,Basic,199,0,199,FALSE
U2318,2025-08,Premium,999,10,899.1,FALSE
U2318,2025-12,Basic,199,0,199,FALSE
U2318,2025-10,Premium,999,0,999,FALSE
U2318,2026-01,Basic,199,0,199,FALSE
U2318,2025-11,Standard,499,0,499,FALSE
U2318,2025-09,Premium,999,0,999,FALSE
U2319,2025-12,Basic,199,20,159.2,FALSE
U2319,2025-08,Basic,199,0,199,FALSE
U2319,2025-11,Basic,199,30,139.3,FALSE
U2319,2026-01,Basic,199,0,179.1,FALSE
U2319,2025-09,Basic,199,0,199,FALSE
U2319,2025-10,Basic,199,0,199,FALSE
U2320,2026-01,Basic,199,0,0,TRUE
U2320,2025-08,Basic,199,0,199,FALSE
U2320,2025-10,Basic,199,0,199,FALSE
U2320,2025-09,Basic,199,0,199,FALSE
U2320,2025-12,Basic,199,0,199,FALSE
U2320,2025-11,Basic,199,10,179.1,FALSE
U2321,2025-11,Basic,199,0,199,FALSE
U2321,2026-01,Basic,199,0,199,FALSE
U2321,2025-10,Basic,199,0,199,FALSE
U2321,2025-08,Basic,199,30,139.3,FALSE
U2321,2025-12,Basic,199,10,179.1,FALSE
U2321,2025-09,Basic,199,20,159.2,FALSE
U2322,2025-09,Premium,999,0,999,FALSE
U2322,2025-11,Premium,999,0,999,FALSE
U2322,2025-08,Premium,999,0,999,FALSE
U2322,2025-12,Premium,999,10,899.1,FALSE
U2322,2025-10,Premium,999,0,999,FALSE
U2323,2025-10,Standard,499,0,499,FALSE
U2323,2025-08,Standard,499,0,499,FALSE
U2323,2025-11,Standard,499,0,499,FALSE
U2323,2025-12,Standard,499,0,499,FALSE
U2323,2026-01,Standard,499,0,499,FALSE
U2323,2025-09,Standard,499,10,449.1,FALSE
U2324,2025-12,Basic,199,0,199,FALSE
U2324,2025-09,Basic,199,0,199,FALSE
U2324,2025-11,Basic,199,0,199,FALSE
U2324,2026-01,Basic,199,0,199,FALSE
U2324,2025-10,Basic,199,0,199,FALSE
U2324,2025-08,Basic,199,0,159.2,FALSE
U2325,2026-01,Premium,999,0,799.2,FALSE
U2325,2025-10,Premium,999,0,999,FALSE
U2325,2025-08,Premium,999,0,999,FALSE
U2325,2025-12,Premium,999,0,999,FALSE
U2325,2025-11,Premium,999,0,999,FALSE
U2325,2025-09,Premium,999,0,999,FALSE
U2326,2025-08,Standard,499,0,499,FALSE
U2326,2025-10,Standard,499,0,499,FALSE
U2326,2025-09,Standard,499,0,499,FALSE
U2326,2025-12,Standard,499,30,349.3,FALSE
U2326,2026-01,Standard,499,0,499,FALSE
U2326,2025-11,Standard,499,0,449.1,FALSE
U2327,2025-09,Premium,999,0,999,FALSE
U2327,2025-12,Premium,999,30,699.3,FALSE
U2327,2025-10,Premium,999,30,699.3,FALSE
U2327,2026-01,Premium,999,0,999,FALSE
U2327,2025-08,Premium,999,0,999,FALSE
U2327,2025-11,Premium,999,0,999,FALSE
U2328,2025-08,Basic,199,0,199,FALSE
U2328,2025-09,Basic,199,0,199,FALSE
U2328,2025-12,Basic,199,0,199,FALSE
U2328,2025-11,Basic,199,0,199,FALSE
U2328,2026-01,Basic,199,20,159.2,FALSE
U2328,2025-10,Basic,199,0,199,FALSE
U2329,2025-08,Basic,199,0,199,FALSE
U2329,2025-12,Basic,199,0,199,FALSE
U2329,2025-10,Basic,199,0,199,FALSE
U2329,2025-11,Basic,199,0,199,FALSE
U2329,2026-01,Basic,199,0,199,FALSE
U2329,2025-09,Basic,199,10,179.1,FALSE
U2330,2025-10,Basic,199,0,199,FALSE
U2330,2025-12,Basic,199,0,199,FALSE
U2330,2025-11,Basic,199,0,199,FALSE
U2330,2025-09,Basic,199,0,0,TRUE
U2330,2025-08,Basic,199,0,199,FALSE
U2330,2026-01,Basic,199,0,199,FALSE
U2331,2025-09,Premium,999,0,999,FALSE
U2331,2025-08,Premium,999,0,999,FALSE
U2331,2025-12,Standard,499,20,0,TRUE
U2331,2025-11,Premium,999,0,999,FALSE
U2331,2026-01,Standard,499,30,349.3,FALSE
U2331,2025-10,Premium,999,0,999,FALSE
U2332,2026-01,Standard,499,0,499,FALSE
U2332,2025-10,Standard,499,0,499,FALSE
U2332,2025-08,Standard,499,20,399.2,FALSE
U2332,2025-12,Standard,499,20,399.2,FALSE
U2332,2025-09,Standard,499,0,499,FALSE
U2332,2025-11,Standard,499,0,499,FALSE
U2333,2025-10,Standard,499,0,499,FALSE
U2333,2026-01,Basic,199,0,199,FALSE
U2333,2025-11,Standard,499,0,499,FALSE
U2333,2025-09,Standard,499,30,349.3,FALSE
U2333,2025-08,Standard,499,0,499,FALSE
U2333,2025-12,Standard,499,0,499,FALSE
U2334,2025-08,Standard,499,0,499,FALSE
U2334,2026-01,Basic,199,0,199,FALSE
U2334,2025-12,Standard,499,0,499,FALSE
U2334,2025-10,Standard,499,0,499,FALSE
U2334,2025-09,Standard,499,0,499,FALSE
U2334,2025-11,Standard,499,0,499,FALSE
U2335,2025-08,Premium,999,0,999,FALSE
U2335,2025-11,Premium,999,0,999,FALSE
U2335,2025-09,Premium,999,0,999,FALSE
U2335,2025-10,Premium,999,20,799.2,FALSE
U2335,2026-01,Premium,999,0,999,FALSE
U2335,2025-12,Premium,999,0,999,FALSE
U2336,2025-09,Standard,499,0,499,FALSE
U2336,2025-11,Standard,499,0,499,FALSE
U2336,2025-12,Standard,499,0,499,FALSE
U2336,2026-01,Standard,499,0,499,FALSE
U2336,2025-08,Standard,499,20,399.2,FALSE
U2336,2025-10,Standard,499,0,499,FALSE
U2337,2025-10,Premium,999,0,999,FALSE
U2337,2025-11,Standard,499,0,499,FALSE
U2337,2025-12,Standard,499,30,349.3,FALSE
U2337,2026-01,Standard,499,0,499,FALSE
U2337,2025-09,Premium,999,30,699.3,FALSE
U2337,2025-08,Premium,999,0,0,TRUE
U2338,2025-09,Basic,199,0,199,FALSE
U2338,2026-01,Basic,199,0,199,FALSE
U2338,2025-12,Basic,199,0,199,FALSE
U2338,2025-10,Basic,199,0,199,FALSE
U2338,2025-11,Basic,199,0,199,FALSE
U2339,2025-08,Standard,499,0,499,FALSE
U2339,2025-11,Standard,499,0,499,FALSE
U2339,2025-10,Standard,499,0,0,FALSE
U2339,2025-09,Standard,499,0,499,FALSE
U2339,2025-12,Standard,499,0,499,FALSE
U2339,2026-01,Standard,499,0,499,FALSE
U2340,2025-12,Standard,499,0,499,FALSE
U2340,2026-01,Standard,499,20,399.2,FALSE
U2340,2025-09,Standard,499,0,499,FALSE
U2340,2025-11,Standard,499,0,499,FALSE
U2340,2025-10,Standard,499,0,0,FALSE
U2340,2025-08,Standard,499,0,0,FALSE
U2341,2025-09,Standard,499,0,499,FALSE
U2341,2025-10,Standard,499,0,499,FALSE
U2341,2025-08,Standard,499,0,499,FALSE
U2341,2025-12,Standard,499,0,499,FALSE
U2341,2025-11,Standard,499,0,499,FALSE
U2341,2026-01,Standard,499,0,499,FALSE
U2342,2025-09,Basic,199,0,199,FALSE
U2342,2025-08,Basic,199,0,199,FALSE
U2342,2026-01,Basic,199,0,199,FALSE
U2342,2025-12,Basic,199,0,199,FALSE
U2342,2025-11,Basic,199,0,199,FALSE
U2342,2025-10,Basic,199,0,199,FALSE
U2343,2025-10,Standard,499,0,499,FALSE
U2343,2025-11,Standard,499,0,499,FALSE
U2343,2025-08,Standard,499,0,499,FALSE
U2343,2026-01,Standard,499,0,499,FALSE
U2343,2025-09,Standard,499,0,499,FALSE
U2343,2025-12,Standard,499,30,349.3,FALSE
U2344,2025-11,Basic,199,10,179.1,FALSE
U2344,2025-08,Basic,199,0,199,FALSE
U2344,2025-09,Basic,199,20,159.2,FALSE
U2344,2026-01,Basic,199,10,179.1,FALSE
U2344,2025-10,Basic,199,0,199,FALSE
U2344,2025-12,Basic,199,20,159.2,FALSE
U2345,2025-10,Standard,499,10,449.1,FALSE
U2345,2025-11,Standard,499,0,0,TRUE
U2345,2025-12,Standard,499,30,349.3,FALSE
U2345,2025-09,Standard,499,0,499,FALSE
U2345,2025-08,Standard,499,0,499,FALSE
U2345,2026-01,Standard,499,0,499,FALSE
U2346,2026-01,Basic,199,0,199,FALSE
U2346,2025-09,Basic,199,0,199,FALSE
U2346,2025-11,Basic,199,0,199,FALSE
U2346,2025-08,Basic,199,0,199,FALSE
U2346,2025-10,Basic,199,0,199,FALSE
U2346,2025-12,Basic,199,0,199,FALSE
U2347,2025-09,Basic,199,0,199,FALSE
U2347,2026-01,Basic,199,0,199,FALSE
U2347,2025-08,Basic,199,0,199,FALSE
U2347,2025-11,Basic,199,10,179.1,FALSE
U2348,2025-11,Standard,499,0,499,FALSE
U2348,2026-01,Standard,499,0,499,FALSE
U2348,2025-08,Standard,499,0,499,FALSE
U2348,2025-12,Standard,499,30,349.3,FALSE
U2349,2026-01,Standard,499,0,499,FALSE
U2349,2025-10,Premium,999,20,799.2,FALSE
U2349,2025-11,Standard,499,0,499,FALSE
U2349,2025-12,Standard,499,0,499,FALSE
U2349,2025-09,Premium,999,0,999,FALSE
U2349,2025-08,Premium,999,0,999,FALSE
U2350,2026-01,Standard,499,0,499,FALSE
U2350,2025-10,Standard,499,0,499,FALSE
U2350,2025-12,Standard,499,0,499,FALSE
U2350,2025-08,Standard,499,0,499,FALSE
U2350,2025-11,Standard,499,0,499,FALSE
U2350,2025-09,Standard,499,0,499,FALSE
U2351,2025-09,Standard,499,0,499,FALSE
U2351,2026-01,Standard,499,20,399.2,FALSE
U2351,2025-12,Standard,499,0,499,FALSE
U2351,2025-08,Standard,499,0,499,FALSE
U2352,2025-09,Basic,199,10,179.1,FALSE
U2352,2025-10,Basic,199,0,199,FALSE
U2352,2026-01,Basic,199,0,199,FALSE
U2352,2025-08,Basic,199,0,199,FALSE
U2352,2025-11,Basic,199,0,199,FALSE
U2352,2025-12,Basic,199,0,199,FALSE
U2353,2025-12,Basic,199,0,199,FALSE
U2353,2025-09,Basic,199,0,199,FALSE
U2353,2025-11,Basic,199,0,199,FALSE
U2353,2025-08,Basic,199,30,139.3,FALSE
U2353,2025-10,Basic,199,0,199,FALSE
U2353,2026-01,Basic,199,0,199,FALSE
U2354,2026-01,Basic,199,0,199,FALSE
U2354,2025-10,Basic,199,0,199,FALSE
U2354,2025-08,Basic,199,0,199,FALSE
U2354,2025-12,Basic,199,0,199,FALSE
U2354,2025-09,Basic,199,0,199,FALSE
U2355,2025-08,Premium,999,0,999,FALSE
U2355,2026-01,Premium,999,30,699.3,FALSE
U2355,2025-12,Premium,999,0,999,FALSE
U2355,2025-10,Premium,999,0,999,FALSE
U2355,2025-11,Premium,999,10,899.1,FALSE
U2355,2025-09,Premium,999,0,0,TRUE
U2356,2025-10,Premium,999,0,999,FALSE
U2356,2025-09,Premium,999,0,999,FALSE
U2356,2026-01,Premium,999,0,0,FALSE
U2356,2025-11,Premium,999,0,999,FALSE
U2356,2025-12,Premium,999,30,699.3,FALSE
U2356,2025-08,Premium,999,0,999,FALSE
U2357,2025-08,Standard,499,0,499,FALSE
U2357,2025-12,Standard,499,0,499,FALSE
U2357,2025-09,Standard,499,30,349.3,FALSE
U2357,2025-11,Standard,499,0,499,FALSE
U2357,2026-01,Basic,199,0,199,FALSE
U2357,2025-10,Standard,499,0,499,FALSE
U2358,2026-01,Basic,199,0,199,FALSE
U2358,2025-10,Basic,199,0,199,FALSE
U2358,2025-11,Basic,199,0,0,TRUE
U2358,2025-12,Basic,199,0,199,FALSE
U2358,2025-08,Basic,199,0,199,FALSE
U2358,2025-09,Basic,199,20,159.2,FALSE
U2359,2025-10,Standard,499,0,0,TRUE
U2359,2026-01,Basic,199,0,199,FALSE
U2359,2025-12,Standard,499,0,499,FALSE
U2359,2025-09,Standard,499,0,499,FALSE
U2359,2025-08,Standard,499,0,499,FALSE
U2359,2025-11,Standard,499,0,499,FALSE
U2360,2025-11,Premium,999,0,999,FALSE
U2360,2026-01,Premium,999,0,999,FALSE
U2360,2025-12,Premium,999,0,999,FALSE
U2360,2025-08,Premium,999,0,999,FALSE
U2360,2025-09,Premium,999,0,999,FALSE
U2361,2025-12,Basic,199,0,199,FALSE
U2361,2026-01,Basic,199,30,139.3,FALSE
U2361,2025-08,Basic,199,0,199,FALSE
U2361,2025-11,Basic,199,0,199,FALSE
U2361,2025-09,Basic,199,0,199,FALSE
U2361,2025-10,Basic,199,0,199,FALSE
U2362,2026-01,Basic,199,0,199,FALSE
U2362,2025-08,Basic,199,0,199,FALSE
U2362,2025-10,Basic,199,0,199,FALSE
U2362,2025-09,Basic,199,0,199,FALSE
U2362,2025-11,Basic,199,0,199,FALSE
U2363,2025-12,Premium,999,0,999,FALSE
U2363,2026-01,Premium,999,0,999,FALSE
U2363,2025-09,Premium,999,0,999,FALSE
U2363,2025-08,Premium,999,0,999,FALSE
U2363,2025-10,Premium,999,0,999,FALSE
U2363,2025-11,Premium,999,0,999,FALSE
U2364,2025-10,Basic,199,0,199,FALSE
U2364,2025-12,Basic,199,0,199,FALSE
U2364,2026-01,Basic,199,20,159.2,FALSE
U2364,2025-11,Basic,199,0,199,FALSE
U2364,2025-08,Basic,199,10,179.1,FALSE
U2364,2025-09,Basic,199,10,179.1,FALSE
U2365,2025-12,Premium,999,0,999,FALSE
U2365,2026-01,Premium,999,0,999,FALSE
U2365,2025-11,Premium,999,20,799.2,FALSE
U2365,2025-09,Premium,999,0,999,FALSE
U2365,2025-08,Premium,999,0,999,FALSE
U2365,2025-10,Premium,999,0,999,FALSE
U2366,2025-12,Basic,199,0,199,FALSE
U2366,2026-01,Basic,199,0,199,FALSE
U2366,2025-10,Basic,199,20,159.2,FALSE
U2366,2025-09,Basic,199,0,199,FALSE
U2366,2025-08,Basic,199,0,199,FALSE
U2366,2025-11,Basic,199,0,199,FALSE
U2367,2025-08,Premium,999,0,999,FALSE
U2367,2025-12,Premium,999,0,999,FALSE
U2367,2025-10,Premium,999,0,0,TRUE
U2367,2025-09,Premium,999,0,799.2,FALSE
U2367,2026-01,Premium,999,0,999,FALSE
U2367,2025-11,Premium,999,0,999,FALSE
U2368,2025-12,Standard,499,0,499,FALSE
U2368,2026-01,Standard,499,0,499,FALSE
U2368,2025-11,Standard,499,0,499,FALSE
U2368,2025-08,Standard,499,0,499,FALSE
U2368,2025-10,Standard,499,0,499,FALSE
U2368,2025-09,Standard,499,0,499,FALSE
U2369,2025-10,Basic,199,0,199,FALSE
U2369,2025-08,Basic,199,0,199,FALSE
U2369,2025-11,Basic,199,10,179.1,FALSE
U2369,2026-01,Basic,199,0,199,FALSE
U2369,2025-09,Basic,199,0,199,FALSE
U2369,2025-12,Basic,199,0,199,FALSE
U2370,2025-11,Premium,999,0,999,FALSE
U2370,2025-12,Standard,499,0,499,FALSE
U2370,2025-09,Premium,999,0,999,FALSE
U2370,2026-01,Standard,499,0,499,FALSE
U2370,2025-08,Premium,999,0,999,FALSE
U2370,2025-10,Premium,999,0,999,FALSE
U2371,2025-10,Standard,499,30,349.3,FALSE
U2371,2025-12,Basic,199,30,139.3,FALSE
U2371,2025-09,Standard,499,0,499,FALSE
U2371,2025-11,Standard,499,0,499,FALSE
U2371,2025-08,Standard,499,0,0,TRUE
U2371,2026-01,Basic,199,0,199,FALSE
U2372,2025-10,Standard,499,0,499,FALSE
U2372,2025-08,Standard,499,0,499,FALSE
U2372,2025-11,Standard,499,0,499,FALSE
U2372,2025-12,Standard,499,30,349.3,FALSE
U2372,2026-01,Standard,499,0,499,FALSE
U2373,2025-12,Premium,999,20,799.2,FALSE
U2373,2026-01,Premium,999,0,999,FALSE
U2373,2025-09,Premium,999,0,999,FALSE
U2373,2025-10,Premium,999,0,999,FALSE
U2374,2025-08,Premium,999,0,999,FALSE
U2374,2025-11,Premium,999,10,899.1,FALSE
U2374,2026-01,Premium,999,0,999,FALSE
U2374,2025-09,Premium,999,0,999,FALSE
U2374,2025-12,Premium,999,10,899.1,FALSE
U2374,2025-10,Premium,999,30,699.3,FALSE
U2375,2025-09,Standard,499,0,499,FALSE
U2375,2025-10,Standard,499,10,449.1,FALSE
U2375,2025-11,Standard,499,20,0,TRUE
U2375,2026-01,Standard,499,0,499,FALSE
U2375,2025-12,Standard,499,0,499,FALSE
U2375,2025-08,Standard,499,0,499,FALSE
U2376,2025-10,Premium,999,0,999,FALSE
U2376,2025-12,Premium,999,0,0,TRUE
U2376,2025-09,Premium,999,0,999,FALSE
U2376,2026-01,Premium,999,0,999,FALSE
U2376,2025-08,Premium,999,0,999,FALSE
U2377,2025-10,Basic,199,30,139.3,FALSE
U2377,2025-08,Basic,199,20,159.2,FALSE
U2377,2025-09,Basic,199,0,199,FALSE
U2377,2026-01,Basic,199,0,199,FALSE
U2377,2025-11,Basic,199,20,159.2,FALSE
U2378,2025-08,Standard,499,30,349.3,FALSE
U2378,2025-11,Standard,499,30,349.3,FALSE
U2378,2025-10,Standard,499,0,499,FALSE
U2378,2025-12,Standard,499,0,499,FALSE
U2378,2026-01,Standard,499,0,499,FALSE
U2378,2025-09,Standard,499,0,499,FALSE
U2379,2025-10,Premium,999,20,799.2,FALSE
U2379,2025-08,Premium,999,0,999,FALSE
U2379,2025-09,Premium,999,30,699.3,FALSE
U2379,2026-01,Premium,999,0,0,TRUE
U2379,2025-12,Premium,999,0,999,FALSE
U2379,2025-11,Premium,999,0,999,FALSE
U2380,2025-12,Basic,199,10,179.1,FALSE
U2380,2026-01,Basic,199,30,139.3,FALSE
U2380,2025-09,Basic,199,0,199,FALSE
U2380,2025-08,Basic,199,30,139.3,FALSE
U2380,2025-10,Basic,199,0,199,FALSE
U2380,2025-11,Basic,199,0,199,FALSE
U2381,2025-12,Basic,199,0,199,FALSE
U2381,2025-09,Basic,199,0,199,FALSE
U2381,2026-01,Basic,199,0,199,FALSE
U2381,2025-08,Basic,199,0,199,FALSE
U2381,2025-10,Basic,199,0,199,FALSE
U2381,2025-11,Basic,199,0,199,FALSE
U2382,2025-12,Basic,199,0,199,FALSE
U2382,2026-01,Basic,199,0,199,FALSE
U2382,2025-10,Standard,499,0,499,FALSE
U2382,2025-09,Standard,499,0,499,FALSE
U2382,2025-08,Standard,499,0,499,FALSE
U2382,2025-11,Basic,199,30,139.3,FALSE
U2383,2025-11,Basic,199,0,199,FALSE
U2383,2025-09,Basic,199,0,199,FALSE
U2383,2026-01,Basic,199,0,199,FALSE
U2383,2025-10,Basic,199,0,199,FALSE
U2383,2025-08,Basic,199,0,199,FALSE
U2383,2025-12,Basic,199,0,199,FALSE
U2384,2025-12,Premium,999,0,999,FALSE
U2384,2026-01,Premium,999,0,999,FALSE
U2384,2025-09,Premium,999,20,799.2,FALSE
U2384,2025-11,Premium,999,0,999,FALSE
U2384,2025-10,Premium,999,0,999,FALSE
U2384,2025-08,Premium,999,0,999,FALSE
U2385,2025-10,Premium,999,0,999,FALSE
U2385,2026-01,Premium,999,0,999,FALSE
U2385,2025-09,Premium,999,0,999,FALSE
U2385,2025-12,Premium,999,10,899.1,FALSE
U2385,2025-08,Premium,999,30,699.3,FALSE
U2386,2025-11,Basic,199,10,179.1,FALSE
U2386,2025-08,Basic,199,0,199,FALSE
U2386,2026-01,Basic,199,0,199,FALSE
U2386,2025-09,Basic,199,0,199,FALSE
U2386,2025-12,Basic,199,0,199,FALSE
U2387,2025-12,Basic,199,0,199,FALSE
U2387,2025-08,Standard,499,0,499,FALSE
U2387,2026-01,Basic,199,0,199,FALSE
U2387,2025-11,Basic,199,0,199,FALSE
U2387,2025-09,Standard,499,0,499,FALSE
U2387,2025-10,Standard,499,30,349.3,FALSE
U2388,2025-11,Premium,999,0,999,FALSE
U2388,2025-12,Premium,999,10,899.1,FALSE
U2388,2025-09,Premium,999,0,999,FALSE
U2388,2026-01,Premium,999,0,999,FALSE
U2388,2025-10,Premium,999,0,999,FALSE
U2388,2025-08,Premium,999,20,799.2,FALSE
U2389,2026-01,Basic,199,10,179.1,FALSE
U2389,2025-10,Basic,199,20,159.2,FALSE
U2389,2025-11,Basic,199,0,199,FALSE
U2389,2025-08,Basic,199,0,199,FALSE
U2389,2025-12,Basic,199,0,199,FALSE
U2390,2025-11,Standard,499,0,499,FALSE
U2390,2025-10,Standard,499,0,499,FALSE
U2390,2025-12,Standard,499,20,399.2,FALSE
U2390,2026-01,Standard,499,0,499,FALSE
U2390,2025-08,Standard,499,0,499,FALSE
U2390,2025-09,Standard,499,0,499,FALSE
U2391,2025-08,Premium,999,0,999,FALSE
U2391,2025-09,Standard,499,0,499,FALSE
U2391,2025-11,Standard,499,30,349.3,FALSE
U2391,2025-10,Standard,499,0,499,FALSE
U2391,2025-12,Standard,499,0,499,FALSE
U2391,2026-01,Standard,499,0,499,FALSE
U2392,2026-01,Premium,999,10,899.1,FALSE
U2392,2025-08,Premium,999,30,699.3,FALSE
U2392,2025-12,Premium,999,0,999,FALSE
U2392,2025-11,Premium,999,0,999,FALSE
U2392,2025-10,Premium,999,30,699.3,FALSE
U2392,2025-09,Premium,999,0,999,FALSE
U2393,2025-11,Standard,499,0,499,FALSE
U2393,2025-10,Standard,499,30,349.3,FALSE
U2393,2025-08,Premium,999,0,999,FALSE
U2393,2026-01,Basic,199,0,199,FALSE
U2393,2025-12,Basic,199,30,139.3,FALSE
U2393,2025-09,Premium,999,0,999,FALSE
U2394,2025-11,Basic,199,0,199,FALSE
U2394,2025-09,Basic,199,0,199,FALSE
U2394,2025-10,Basic,199,0,199,FALSE
U2394,2026-01,Basic,199,10,179.1,FALSE
U2394,2025-08,Basic,199,0,199,FALSE
U2394,2025-12,Basic,199,0,199,FALSE
U2395,2025-11,Standard,499,0,499,FALSE
U2395,2025-10,Standard,499,0,499,FALSE
U2395,2025-09,Standard,499,0,499,FALSE
U2395,2025-08,Standard,499,0,499,FALSE
U2395,2026-01,Basic,199,0,199,FALSE
U2396,2025-09,Basic,199,0,199,FALSE
U2396,2025-11,Basic,199,0,199,FALSE
U2396,2025-12,Basic,199,10,179.1,FALSE
U2396,2025-10,Basic,199,0,199,FALSE
U2396,2025-08,Basic,199,0,199,FALSE
U2396,2026-01,Basic,199,0,0,TRUE
U2397,2025-10,Standard,499,20,399.2,FALSE
U2397,2026-01,Basic,199,30,139.3,FALSE
U2397,2025-08,Standard,499,0,499,FALSE
U2397,2025-11,Basic,199,0,199,FALSE
U2397,2025-12,Basic,199,0,199,FALSE
U2398,2025-10,Premium,999,20,799.2,FALSE
U2398,2025-09,Premium,999,0,999,FALSE
U2398,2026-01,Premium,999,0,999,FALSE
U2398,2025-11,Premium,999,20,799.2,FALSE
U2398,2025-12,Premium,999,20,799.2,FALSE
U2398,2025-08,Premium,999,0,999,FALSE
U2399,2025-08,Premium,999,0,999,FALSE
U2399,2025-09,Premium,999,0,999,FALSE
U2399,2026-01,Premium,999,0,999,FALSE
U2399,2025-12,Premium,999,10,899.1,FALSE
U2399,2025-10,Premium,999,0,999,FALSE
U2400,2025-09,Standard,499,30,349.3,FALSE
U2400,2025-10,Basic,199,0,199,FALSE
U2400,2025-08,Standard,499,0,499,FALSE
U2400,2026-01,Basic,199,20,159.2,FALSE
U2400,2025-11,Basic,199,0,199,FALSE
U2400,2025-12,Basic,199,0,199,FALSE
U2401,2026-01,Premium,999,0,999,FALSE
U2401,2025-10,Premium,999,0,999,FALSE
U2401,2025-12,Premium,999,0,999,FALSE
U2401,2025-09,Premium,999,0,999,FALSE
U2401,2025-11,Premium,999,0,0,TRUE
U2401,2025-08,Premium,999,0,999,FALSE
U2402,2025-09,Standard,499,0,499,FALSE
U2402,2025-10,Standard,499,10,449.1,FALSE
U2402,2025-08,Standard,499,0,499,FALSE
U2402,2025-11,Standard,499,0,499,FALSE
U2402,2026-01,Standard,499,0,499,FALSE
U2402,2025-12,Standard,499,0,0,TRUE
U2403,2026-01,Basic,199,0,199,FALSE
U2403,2025-12,Basic,199,0,199,FALSE
U2403,2025-09,Basic,199,0,199,FALSE
U2403,2025-08,Basic,199,20,159.2,FALSE
U2403,2025-10,Basic,199,0,199,FALSE
U2403,2025-11,Basic,199,0,199,FALSE
U2404,2025-08,Standard,499,0,499,FALSE
U2404,2025-10,Standard,499,10,449.1,FALSE
U2404,2025-12,Standard,499,0,499,FALSE
U2404,2025-09,Standard,499,0,499,FALSE
U2404,2026-01,Standard,499,0,499,FALSE
U2404,2025-11,Standard,499,0,499,FALSE
U2405,2025-12,Standard,499,0,499,FALSE
U2405,2025-10,Premium,999,20,799.2,FALSE
U2405,2025-08,Premium,999,0,999,FALSE
U2405,2025-11,Standard,499,0,499,FALSE
U2405,2025-09,Premium,999,0,999,FALSE
U2405,2026-01,Standard,499,0,499,FALSE
U2406,2025-12,Basic,199,0,199,FALSE
U2406,2025-08,Basic,199,0,199,FALSE
U2406,2025-11,Basic,199,0,199,FALSE
U2406,2025-10,Basic,199,0,199,FALSE
U2406,2026-01,Basic,199,0,199,FALSE
U2406,2025-09,Basic,199,0,199,FALSE
U2407,2025-11,Standard,499,20,399.2,FALSE
U2407,2025-09,Standard,499,0,499,FALSE
U2407,2025-08,Standard,499,0,499,FALSE
U2407,2025-10,Standard,499,0,499,FALSE
U2407,2026-01,Standard,499,0,499,FALSE
U2408,2025-09,Premium,999,20,799.2,FALSE
U2408,2026-01,Premium,999,0,999,FALSE
U2408,2025-10,Premium,999,0,799.2,FALSE
U2408,2025-11,Premium,999,0,999,FALSE
U2408,2025-08,Premium,999,0,999,FALSE
U2408,2025-12,Premium,999,0,999,FALSE
U2409,2025-08,Standard,499,0,499,FALSE
U2409,2026-01,Standard,499,0,499,FALSE
U2409,2025-09,Standard,499,0,499,FALSE
U2409,2025-10,Standard,499,0,499,FALSE
U2409,2025-12,Standard,499,0,499,FALSE
U2409,2025-11,Standard,499,0,499,FALSE
U2410,2025-09,Premium,999,0,999,FALSE
U2410,2025-10,Premium,999,0,999,FALSE
U2410,2025-11,Premium,999,0,999,FALSE
U2410,2025-12,Premium,999,0,999,FALSE
U2410,2025-08,Premium,999,0,999,FALSE
U2411,2025-09,Premium,999,0,999,FALSE
U2411,2026-01,Premium,999,0,999,FALSE
U2411,2025-12,Premium,999,0,999,FALSE
U2411,2025-10,Premium,999,0,999,FALSE
U2411,2025-08,Premium,999,0,999,FALSE
U2411,2025-11,Premium,999,0,999,FALSE
U2412,2026-01,Standard,499,0,499,FALSE
U2412,2025-11,Standard,499,0,499,FALSE
U2412,2025-08,Standard,499,0,499,FALSE
U2412,2025-09,Standard,499,0,0,TRUE
U2412,2025-10,Standard,499,0,499,FALSE
U2412,2025-12,Standard,499,30,349.3,FALSE
U2413,2025-10,Standard,499,0,499,FALSE
U2413,2025-08,Standard,499,0,499,FALSE
U2413,2025-11,Standard,499,10,449.1,FALSE
U2413,2026-01,Standard,499,0,499,FALSE
U2413,2025-12,Standard,499,0,499,FALSE
U2414,2025-08,Premium,999,0,999,FALSE
U2414,2025-10,Premium,999,0,999,FALSE
U2414,2026-01,Premium,999,0,0,TRUE
U2414,2025-12,Premium,999,0,999,FALSE
U2414,2025-09,Premium,999,0,999,FALSE
U2414,2025-11,Premium,999,0,999,FALSE
U2415,2025-08,Standard,499,0,499,FALSE
U2415,2025-10,Standard,499,0,499,FALSE
U2415,2026-01,Standard,499,0,499,FALSE
U2415,2025-11,Standard,499,0,0,FALSE
U2415,2025-12,Standard,499,10,449.1,FALSE
U2415,2025-09,Standard,499,0,499,FALSE
U2416,2025-09,Standard,499,0,499,FALSE
U2416,2025-11,Standard,499,0,499,FALSE
U2416,2025-10,Standard,499,0,499,FALSE
U2416,2026-01,Standard,499,0,499,FALSE
U2416,2025-12,Standard,499,0,499,FALSE
U2416,2025-08,Standard,499,0,499,FALSE
U2417,2025-08,Premium,999,0,999,FALSE
U2417,2026-01,Premium,999,0,0,TRUE
U2417,2025-11,Premium,999,0,999,FALSE
U2417,2025-10,Premium,999,0,999,FALSE
U2417,2025-12,Premium,999,0,0,TRUE
U2417,2025-09,Premium,999,20,799.2,FALSE
U2418,2026-01,Basic,199,10,179.1,FALSE
U2418,2025-10,Basic,199,0,199,FALSE
U2418,2025-11,Basic,199,0,199,FALSE
U2418,2025-12,Basic,199,0,199,FALSE
U2418,2025-08,Basic,199,0,199,FALSE
U2418,2025-09,Basic,199,0,199,FALSE
U2419,2025-09,Premium,999,0,999,FALSE
U2419,2026-01,Premium,999,0,999,FALSE
U2419,2025-10,Premium,999,0,999,FALSE
U2419,2025-11,Premium,999,0,999,FALSE
U2419,2025-12,Premium,999,0,999,FALSE
U2419,2025-08,Premium,999,0,0,FALSE
U2420,2026-01,Basic,199,0,199,FALSE
U2420,2025-08,Standard,499,0,499,FALSE
U2420,2025-12,Basic,199,20,159.2,FALSE
U2420,2025-09,Standard,499,0,499,FALSE
U2420,2025-10,Basic,199,0,199,FALSE
U2420,2025-11,Basic,199,0,199,FALSE
U2421,2025-11,Basic,199,0,199,FALSE
U2421,2026-01,Basic,199,30,139.3,FALSE
U2421,2025-08,Standard,499,0,499,FALSE
U2421,2025-10,Basic,199,0,199,FALSE
U2421,2025-12,Basic,199,0,0,TRUE
U2422,2026-01,Basic,199,0,0,TRUE
U2422,2025-12,Basic,199,0,199,FALSE
U2422,2025-08,Basic,199,0,199,FALSE
U2422,2025-09,Basic,199,0,199,FALSE
U2422,2025-11,Basic,199,20,159.2,FALSE
U2422,2025-10,Basic,199,0,199,FALSE
U2423,2025-12,Standard,499,0,499,FALSE
U2423,2025-09,Standard,499,0,499,FALSE
U2423,2025-08,Standard,499,0,499,FALSE
U2423,2025-11,Standard,499,0,499,FALSE
U2423,2026-01,Standard,499,0,0,TRUE
U2423,2025-10,Standard,499,0,499,FALSE
U2424,2025-10,Standard,499,0,499,FALSE
U2424,2025-08,Standard,499,0,499,FALSE
U2424,2026-01,Standard,499,0,499,FALSE
U2424,2025-11,Standard,499,0,499,FALSE
U2424,2025-12,Standard,499,0,499,FALSE
U2424,2025-09,Standard,499,0,499,FALSE
U2425,2025-08,Standard,499,0,499,FALSE
U2425,2026-01,Standard,499,0,499,FALSE
U2425,2025-12,Standard,499,0,499,FALSE
U2425,2025-09,Standard,499,0,499,FALSE
U2425,2025-11,Standard,499,0,499,FALSE
U2425,2025-10,Standard,499,0,499,FALSE
U2426,2025-10,Standard,499,0,499,FALSE
U2426,2025-08,Standard,499,0,499,FALSE
U2426,2025-11,Standard,499,0,0,FALSE
U2426,2025-12,Standard,499,0,499,FALSE
U2426,2025-09,Standard,499,0,499,FALSE
U2426,2026-01,Standard,499,0,499,FALSE
U2427,2025-12,Basic,199,0,199,FALSE
U2427,2025-08,Basic,199,30,139.3,FALSE
U2427,2025-09,Basic,199,0,199,FALSE
U2427,2025-10,Basic,199,0,199,FALSE
U2427,2025-11,Basic,199,10,179.1,FALSE
U2427,2026-01,Basic,199,0,199,FALSE
U2428,2025-11,Premium,999,0,999,FALSE
U2428,2025-09,Premium,999,30,699.3,FALSE
U2428,2025-12,Premium,999,20,799.2,FALSE
U2428,2025-10,Premium,999,10,899.1,FALSE
U2429,2025-12,Premium,999,0,999,FALSE
U2429,2025-08,Premium,999,0,999,FALSE
U2429,2025-10,Premium,999,0,999,FALSE
U2429,2025-11,Premium,999,0,999,FALSE
U2429,2026-01,Premium,999,0,999,FALSE
U2429,2025-09,Premium,999,0,999,FALSE
U2430,2025-09,Basic,199,0,199,FALSE
U2430,2025-08,Basic,199,0,199,FALSE
U2430,2026-01,Basic,199,0,199,FALSE
U2430,2025-12,Basic,199,0,199,FALSE
U2430,2025-11,Basic,199,0,0,FALSE
U2430,2025-10,Basic,199,0,199,FALSE
U2431,2025-08,Standard,499,0,499,FALSE
U2431,2025-12,Standard,499,0,349.3,FALSE
U2431,2026-01,Standard,499,30,349.3,FALSE
U2431,2025-10,Standard,499,0,499,FALSE
U2431,2025-09,Standard,499,0,499,FALSE
U2431,2025-11,Standard,499,0,499,FALSE
U2432,2025-10,Basic,199,0,199,FALSE
U2432,2025-09,Basic,199,0,199,FALSE
U2432,2025-11,Basic,199,0,199,FALSE
U2432,2025-08,Basic,199,0,199,FALSE
U2432,2025-12,Basic,199,0,199,FALSE
U2432,2026-01,Basic,199,0,199,FALSE
U2433,2025-10,Standard,499,30,349.3,FALSE
U2433,2025-11,Standard,499,30,349.3,FALSE
U2433,2025-09,Standard,499,0,499,FALSE
U2433,2026-01,Standard,499,0,499,FALSE
U2433,2025-12,Standard,499,0,499,FALSE
U2433,2025-08,Standard,499,0,499,FALSE
U2434,2025-11,Basic,199,0,199,FALSE
U2434,2026-01,Basic,199,0,199,FALSE
U2434,2025-10,Basic,199,0,199,FALSE
U2434,2025-08,Basic,199,0,199,FALSE
U2434,2025-12,Basic,199,10,179.1,FALSE
U2435,2025-09,Basic,199,30,139.3,FALSE
U2435,2025-10,Basic,199,0,199,FALSE
U2435,2025-11,Basic,199,0,199,FALSE
U2435,2026-01,Basic,199,0,199,FALSE
U2435,2025-08,Basic,199,0,199,FALSE
U2435,2025-12,Basic,199,0,199,FALSE
U2436,2025-08,Standard,499,0,499,FALSE
U2436,2025-11,Standard,499,0,499,FALSE
U2436,2026-01,Standard,499,20,399.2,FALSE
U2436,2025-10,Standard,499,0,0,TRUE
U2436,2025-09,Standard,499,0,499,FALSE
U2436,2025-12,Standard,499,30,349.3,FALSE
U2437,2025-08,Premium,999,20,799.2,FALSE
U2437,2025-11,Premium,999,0,999,FALSE
U2437,2025-10,Premium,999,0,999,FALSE
U2437,2026-01,Premium,999,30,699.3,FALSE
U2437,2025-09,Premium,999,0,999,FALSE
U2438,2025-08,Standard,499,0,499,FALSE
U2438,2025-09,Standard,499,0,499,FALSE
U2438,2025-12,Standard,499,0,499,FALSE
U2438,2025-10,Standard,499,0,499,FALSE
U2438,2025-11,Standard,499,0,0,TRUE
U2438,2026-01,Standard,499,0,499,FALSE
U2439,2025-11,Basic,199,0,199,FALSE
U2439,2026-01,Basic,199,0,199,FALSE
U2439,2025-10,Basic,199,0,199,FALSE
U2439,2025-12,Basic,199,0,199,FALSE
U2439,2025-08,Basic,199,0,199,FALSE
U2439,2025-09,Basic,199,0,199,FALSE
U2440,2025-10,Premium,999,0,999,FALSE
U2440,2025-09,Premium,999,0,999,FALSE
U2440,2025-12,Standard,499,0,0,TRUE
U2440,2026-01,Basic,199,20,159.2,FALSE
U2440,2025-11,Standard,499,0,499,FALSE
U2441,2026-01,Basic,199,10,179.1,FALSE
U2441,2025-12,Basic,199,0,199,FALSE
U2441,2025-11,Basic,199,0,199,FALSE
U2441,2025-08,Basic,199,0,199,FALSE
U2441,2025-09,Basic,199,0,199,FALSE
U2442,2025-11,Basic,199,0,199,FALSE
U2442,2025-08,Standard,499,0,0,TRUE
U2442,2026-01,Basic,199,0,199,FALSE
U2442,2025-12,Basic,199,0,199,FALSE
U2442,2025-09,Standard,499,0,499,FALSE
U2443,2025-08,Standard,499,0,499,FALSE
U2443,2025-09,Standard,499,20,399.2,FALSE
U2443,2025-11,Basic,199,20,159.2,FALSE
U2443,2026-01,Basic,199,30,0,TRUE
U2443,2025-10,Standard,499,0,499,FALSE
U2443,2025-12,Basic,199,0,199,FALSE
U2444,2025-12,Basic,199,0,199,FALSE
U2444,2025-08,Standard,499,0,499,FALSE
U2444,2025-09,Standard,499,0,499,FALSE
U2444,2026-01,Basic,199,0,199,FALSE
U2444,2025-11,Standard,499,0,0,FALSE
U2444,2025-10,Standard,499,0,499,FALSE
U2445,2025-08,Basic,199,0,199,FALSE
U2445,2025-11,Basic,199,0,199,FALSE
U2445,2025-09,Basic,199,0,199,FALSE
U2445,2026-01,Basic,199,0,199,FALSE
U2446,2025-09,Standard,499,0,499,FALSE
U2446,2025-10,Standard,499,0,499,FALSE
U2446,2025-12,Standard,499,0,499,FALSE
U2446,2025-08,Premium,999,0,999,FALSE
U2447,2025-08,Basic,199,0,199,FALSE
U2447,2026-01,Basic,199,0,199,FALSE
U2447,2025-10,Basic,199,30,139.3,FALSE
U2447,2025-12,Basic,199,0,199,FALSE
U2447,2025-11,Basic,199,0,199,FALSE
U2447,2025-09,Basic,199,0,199,FALSE
U2448,2025-12,Standard,499,0,499,FALSE
U2448,2025-08,Standard,499,0,499,FALSE
U2448,2025-10,Standard,499,0,499,FALSE
U2448,2025-11,Standard,499,0,499,FALSE
U2448,2025-09,Standard,499,30,349.3,FALSE
U2448,2026-01,Standard,499,0,499,FALSE
U2449,2025-08,Premium,999,0,999,FALSE
U2449,2025-09,Premium,999,0,999,FALSE
U2449,2025-10,Premium,999,0,999,FALSE
U2449,2026-01,Standard,499,30,349.3,FALSE
U2449,2025-11,Standard,499,0,499,FALSE
U2450,2026-01,Premium,999,0,999,FALSE
U2450,2025-09,Premium,999,0,999,FALSE
U2450,2025-10,Premium,999,0,999,FALSE
U2450,2025-08,Premium,999,0,699.3,FALSE
U2450,2025-12,Premium,999,0,999,FALSE
U2450,2025-11,Premium,999,0,999,FALSE
U2451,2025-08,Premium,999,0,999,FALSE
U2451,2026-01,Premium,999,20,799.2,FALSE
U2451,2025-11,Premium,999,10,899.1,FALSE
U2451,2025-12,Premium,999,10,899.1,FALSE
U2451,2025-09,Premium,999,0,999,FALSE
U2452,2026-01,Premium,999,0,999,FALSE
U2452,2025-12,Premium,999,0,999,FALSE
U2452,2025-10,Premium,999,0,999,FALSE
U2452,2025-11,Premium,999,0,999,FALSE
U2452,2025-09,Premium,999,0,999,FALSE
U2452,2025-08,Premium,999,0,999,FALSE
U2453,2026-01,Basic,199,20,159.2,FALSE
U2453,2025-10,Basic,199,10,179.1,FALSE
U2453,2025-11,Basic,199,0,199,FALSE
U2453,2025-08,Basic,199,0,199,FALSE
U2453,2025-09,Basic,199,0,199,FALSE
U2454,2025-12,Standard,499,0,499,FALSE
U2454,2025-11,Standard,499,0,499,FALSE
U2454,2025-09,Standard,499,0,499,FALSE
U2454,2026-01,Standard,499,0,499,FALSE
U2454,2025-10,Standard,499,0,499,FALSE
U2454,2025-08,Standard,499,0,499,FALSE
U2455,2025-08,Basic,199,0,199,FALSE
U2455,2025-12,Basic,199,10,179.1,FALSE
U2455,2026-01,Basic,199,0,199,FALSE
U2455,2025-10,Basic,199,0,199,FALSE
U2455,2025-09,Basic,199,0,199,FALSE
U2456,2025-08,Basic,199,0,0,TRUE
U2456,2025-10,Basic,199,0,199,FALSE
U2456,2025-12,Basic,199,0,199,FALSE
U2456,2025-11,Basic,199,0,199,FALSE
U2456,2025-09,Basic,199,0,199,FALSE
U2456,2026-01,Basic,199,20,159.2,FALSE
U2457,2025-08,Premium,999,0,999,FALSE
U2457,2025-10,Premium,999,0,999,FALSE
U2457,2025-12,Premium,999,0,999,FALSE
U2457,2026-01,Premium,999,0,999,FALSE
U2457,2025-09,Premium,999,0,999,FALSE
U2458,2025-11,Basic,199,0,199,FALSE
U2458,2025-12,Basic,199,0,0,TRUE
U2458,2025-09,Basic,199,0,199,FALSE
U2458,2025-10,Basic,199,0,199,FALSE
U2458,2026-01,Basic,199,0,199,FALSE
U2459,2025-08,Premium,999,0,999,FALSE
U2459,2025-09,Premium,999,0,999,FALSE
U2459,2025-11,Premium,999,0,999,FALSE
U2459,2026-01,Premium,999,0,999,FALSE
U2459,2025-10,Premium,999,10,899.1,FALSE
U2460,2025-09,Standard,499,0,499,FALSE
U2460,2025-12,Standard,499,0,499,FALSE
U2460,2025-11,Standard,499,0,499,FALSE
U2460,2025-10,Standard,499,0,499,FALSE
U2460,2025-08,Standard,499,0,499,FALSE
U2460,2026-01,Standard,499,0,499,FALSE
U2461,2025-08,Basic,199,0,199,FALSE
U2461,2025-11,Basic,199,0,199,FALSE
U2461,2026-01,Basic,199,10,179.1,FALSE
U2461,2025-12,Basic,199,0,199,FALSE
U2461,2025-09,Basic,199,0,199,FALSE
U2462,2025-10,Basic,199,0,199,FALSE
U2462,2025-08,Basic,199,0,199,FALSE
U2462,2026-01,Basic,199,0,199,FALSE
U2462,2025-11,Basic,199,30,139.3,FALSE
U2462,2025-12,Basic,199,0,199,FALSE
U2462,2025-09,Basic,199,0,199,FALSE
U2463,2025-11,Standard,499,0,499,FALSE
U2463,2026-01,Standard,499,0,499,FALSE
U2463,2025-08,Standard,499,0,499,FALSE
U2463,2025-10,Standard,499,0,499,FALSE
U2463,2025-12,Standard,499,0,499,FALSE
U2463,2025-09,Standard,499,0,499,FALSE
U2464,2025-12,Premium,999,0,999,FALSE
U2464,2025-08,Premium,999,0,999,FALSE
U2464,2025-09,Premium,999,0,999,FALSE
U2464,2026-01,Standard,499,0,499,FALSE
U2464,2025-10,Premium,999,0,999,FALSE
U2465,2025-08,Standard,499,0,499,FALSE
U2465,2025-09,Standard,499,0,499,FALSE
U2465,2026-01,Standard,499,0,499,FALSE
U2465,2025-12,Standard,499,0,499,FALSE
U2465,2025-10,Standard,499,0,0,TRUE
U2466,2025-12,Basic,199,0,199,FALSE
U2466,2025-09,Basic,199,0,199,FALSE
U2466,2025-11,Basic,199,10,179.1,FALSE
U2466,2025-08,Basic,199,0,199,FALSE
U2466,2026-01,Basic,199,0,199,FALSE
U2466,2025-10,Basic,199,0,199,FALSE
U2467,2025-08,Basic,199,0,199,FALSE
U2467,2025-10,Basic,199,0,199,FALSE
U2467,2025-12,Basic,199,0,0,TRUE
U2467,2026-01,Basic,199,10,179.1,FALSE
U2467,2025-11,Basic,199,0,199,FALSE
U2467,2025-09,Basic,199,0,199,FALSE
U2468,2025-11,Basic,199,0,199,FALSE
U2468,2026-01,Basic,199,0,199,FALSE
U2468,2025-09,Basic,199,0,199,FALSE
U2468,2025-08,Basic,199,0,199,FALSE
U2468,2025-10,Basic,199,0,199,FALSE
U2468,2025-12,Basic,199,0,199,FALSE
U2469,2025-12,Standard,499,0,499,FALSE
U2469,2025-08,Standard,499,0,499,FALSE
U2469,2026-01,Standard,499,0,499,FALSE
U2469,2025-11,Standard,499,0,499,FALSE
U2469,2025-09,Standard,499,0,0,FALSE
U2469,2025-10,Standard,499,0,499,FALSE
U2470,2025-10,Basic,199,10,179.1,FALSE
U2470,2025-09,Basic,199,0,199,FALSE
U2470,2026-01,Basic,199,0,199,FALSE
U2470,2025-08,Basic,199,0,199,FALSE
U2470,2025-12,Basic,199,0,199,FALSE
U2471,2025-09,Standard,499,0,499,FALSE
U2471,2026-01,Standard,499,0,499,FALSE
U2471,2025-10,Standard,499,0,499,FALSE
U2471,2025-08,Standard,499,0,499,FALSE
U2471,2025-12,Standard,499,0,499,FALSE
U2472,2025-11,Standard,499,0,499,FALSE
U2472,2026-01,Standard,499,30,349.3,FALSE
U2472,2025-08,Standard,499,0,499,FALSE
U2472,2025-09,Standard,499,0,499,FALSE
U2472,2025-10,Standard,499,0,499,FALSE
U2473,2025-11,Basic,199,0,199,FALSE
U2473,2025-08,Basic,199,0,199,FALSE
U2473,2026-01,Basic,199,0,199,FALSE
U2473,2025-12,Basic,199,0,0,TRUE
U2473,2025-09,Basic,199,0,199,FALSE
U2473,2025-10,Basic,199,0,0,TRUE
U2474,2025-09,Standard,499,0,499,FALSE
U2474,2025-11,Standard,499,0,499,FALSE
U2474,2025-10,Standard,499,0,499,FALSE
U2474,2026-01,Standard,499,0,499,FALSE
U2474,2025-12,Standard,499,10,449.1,FALSE
U2474,2025-08,Standard,499,0,0,TRUE
U2475,2025-12,Basic,199,0,199,FALSE
U2475,2025-08,Basic,199,0,199,FALSE
U2475,2025-09,Basic,199,0,199,FALSE
U2475,2025-10,Basic,199,0,199,FALSE
U2475,2025-11,Basic,199,0,199,FALSE
U2475,2026-01,Basic,199,0,199,FALSE
U2476,2025-10,Basic,199,0,199,FALSE
U2476,2025-12,Basic,199,0,199,FALSE
U2476,2026-01,Basic,199,0,199,FALSE
U2476,2025-09,Basic,199,0,199,FALSE
U2476,2025-08,Basic,199,0,199,FALSE
U2476,2025-11,Basic,199,0,199,FALSE
U2477,2025-09,Premium,999,0,999,FALSE
U2477,2025-12,Premium,999,0,999,FALSE
U2477,2025-11,Premium,999,0,999,FALSE
U2477,2026-01,Premium,999,0,999,FALSE
U2477,2025-10,Premium,999,0,999,FALSE
U2477,2025-08,Premium,999,0,999,FALSE
U2478,2026-01,Basic,199,20,0,FALSE
U2478,2025-10,Basic,199,0,199,FALSE
U2478,2025-11,Basic,199,30,139.3,FALSE
U2478,2025-08,Standard,499,0,499,FALSE
U2478,2025-12,Basic,199,30,139.3,FALSE
U2478,2025-09,Standard,499,0,499,FALSE
U2479,2025-09,Basic,199,0,199,FALSE
U2479,2026-01,Basic,199,30,139.3,FALSE
U2479,2025-11,Basic,199,10,179.1,FALSE
U2479,2025-12,Basic,199,0,199,FALSE
U2479,2025-08,Basic,199,0,199,FALSE
U2479,2025-10,Basic,199,0,199,FALSE
U2480,2025-09,Standard,499,0,499,FALSE
U2480,2026-01,Standard,499,10,449.1,FALSE
U2480,2025-12,Standard,499,0,499,FALSE
U2480,2025-11,Standard,499,0,0,FALSE
U2480,2025-10,Standard,499,0,499,FALSE
U2480,2025-08,Standard,499,10,449.1,FALSE
U2481,2025-11,Standard,499,0,499,FALSE
U2481,2025-12,Standard,499,0,499,FALSE
U2481,2025-10,Standard,499,0,499,FALSE
U2481,2025-08,Standard,499,0,499,FALSE
U2481,2026-01,Standard,499,0,499,FALSE
U2481,2025-09,Standard,499,0,499,FALSE
U2482,2026-01,Premium,999,0,999,FALSE
U2482,2025-10,Premium,999,0,999,FALSE
U2482,2025-09,Premium,999,0,999,FALSE
U2482,2025-11,Premium,999,0,999,FALSE
U2482,2025-12,Premium,999,0,999,FALSE
U2482,2025-08,Premium,999,0,999,FALSE
U2483,2025-11,Basic,199,0,199,FALSE
U2483,2025-08,Standard,499,0,499,FALSE
U2483,2025-12,Basic,199,0,199,FALSE
U2483,2026-01,Basic,199,30,139.3,FALSE
U2483,2025-09,Standard,499,0,499,FALSE
U2484,2025-12,Standard,499,0,499,FALSE
U2484,2026-01,Standard,499,0,499,FALSE
U2484,2025-11,Standard,499,0,499,FALSE
U2484,2025-09,Standard,499,0,499,FALSE
U2484,2025-10,Standard,499,0,499,FALSE
U2485,2025-08,Standard,499,0,499,FALSE
U2485,2025-09,Standard,499,0,499,FALSE
U2485,2025-10,Standard,499,0,499,FALSE
U2485,2025-11,Standard,499,0,499,FALSE
U2485,2025-12,Standard,499,0,0,TRUE
U2486,2025-10,Standard,499,0,499,FALSE
U2486,2025-12,Standard,499,30,349.3,FALSE
U2486,2026-01,Standard,499,0,499,FALSE
U2486,2025-09,Standard,499,0,499,FALSE
U2486,2025-08,Standard,499,0,499,FALSE
U2486,2025-11,Standard,499,0,499,FALSE
U2487,2025-10,Standard,499,0,499,FALSE
U2487,2026-01,Standard,499,10,449.1,FALSE
U2487,2025-09,Standard,499,0,499,FALSE
U2487,2025-12,Standard,499,30,349.3,FALSE
U2487,2025-11,Standard,499,0,0,TRUE
U2487,2025-08,Standard,499,0,499,FALSE
U2488,2025-08,Standard,499,0,499,FALSE
U2488,2025-09,Standard,499,0,499,FALSE
U2488,2025-11,Standard,499,0,499,FALSE
U2488,2026-01,Basic,199,10,179.1,FALSE
U2488,2025-10,Standard,499,0,499,FALSE
U2488,2025-12,Standard,499,0,499,FALSE
U2489,2025-10,Premium,999,0,999,FALSE
U2489,2026-01,Premium,999,0,999,FALSE
U2489,2025-08,Premium,999,0,999,FALSE
U2489,2025-11,Premium,999,0,999,FALSE
U2489,2025-12,Premium,999,0,999,FALSE
U2489,2025-09,Premium,999,0,999,FALSE
U2490,2026-01,Basic,199,0,199,FALSE
U2490,2025-08,Basic,199,0,199,FALSE
U2490,2025-09,Basic,199,0,199,FALSE
U2490,2025-10,Basic,199,0,199,FALSE
U2490,2025-12,Basic,199,0,199,FALSE
U2490,2025-11,Basic,199,0,0,TRUE
U2491,2025-10,Standard,499,0,499,FALSE
U2491,2026-01,Standard,499,0,499,FALSE
U2491,2025-09,Standard,499,0,499,FALSE
U2491,2025-08,Standard,499,0,499,FALSE
U2491,2025-11,Standard,499,0,499,FALSE
U2491,2025-12,Standard,499,0,499,FALSE
U2492,2025-09,Basic,199,0,199,FALSE
U2492,2026-01,Basic,199,0,0,TRUE
U2492,2025-10,Basic,199,0,199,FALSE
U2492,2025-12,Basic,199,30,139.3,FALSE
U2492,2025-08,Basic,199,0,199,FALSE
U2492,2025-11,Basic,199,0,199,FALSE
U2493,2025-10,Premium,999,0,999,FALSE
U2493,2026-01,Standard,499,0,499,FALSE
U2493,2025-11,Standard,499,0,499,FALSE
U2493,2025-09,Premium,999,0,999,FALSE
U2493,2025-08,Premium,999,0,999,FALSE
U2493,2025-12,Standard,499,0,499,FALSE
U2494,2025-12,Basic,199,20,159.2,FALSE
U2494,2025-11,Basic,199,0,0,TRUE
U2494,2025-09,Basic,199,0,199,FALSE
U2494,2025-10,Basic,199,0,199,FALSE
U2494,2026-01,Basic,199,0,199,FALSE
U2494,2025-08,Basic,199,0,199,FALSE
U2495,2026-01,Basic,199,0,199,FALSE
U2495,2025-09,Basic,199,0,199,FALSE
U2495,2025-10,Basic,199,0,199,FALSE
U2495,2025-12,Basic,199,10,179.1,FALSE
U2495,2025-08,Basic,199,0,199,FALSE
U2495,2025-11,Basic,199,0,199,FALSE
U2496,2025-12,Standard,499,0,499,FALSE
U2496,2025-09,Premium,999,0,999,FALSE
U2496,2025-08,Premium,999,0,999,FALSE
U2496,2025-11,Standard,499,0,0,TRUE
U2496,2026-01,Standard,499,0,499,FALSE
U2496,2025-10,Standard,499,0,499,FALSE
U2497,2025-09,Standard,499,0,499,FALSE
U2497,2025-12,Basic,199,20,159.2,FALSE
U2497,2025-08,Standard,499,30,349.3,FALSE
U2497,2025-11,Basic,199,0,0,TRUE
U2497,2025-10,Standard,499,0,499,FALSE
U2497,2026-01,Basic,199,30,139.3,FALSE
U2498,2025-08,Standard,499,0,499,FALSE
U2498,2026-01,Basic,199,30,139.3,FALSE
U2498,2025-11,Basic,199,0,199,FALSE
U2498,2025-09,Standard,499,0,499,FALSE
U2498,2025-10,Basic,199,0,199,FALSE
U2498,2025-12,Basic,199,0,199,FALSE
U2499,2025-09,Basic,199,0,199,FALSE
U2499,2025-10,Basic,199,0,199,FALSE
U2499,2025-11,Basic,199,0,199,FALSE
U2499,2025-08,Basic,199,0,199,FALSE
U2499,2025-12,Basic,199,30,139.3,FALSE
U2499,2026-01,Basic,199,10,179.1,FALSE
