user_id,month,plan,base_price,discount_pct,payment_failed,revenue
U1695,Dec-2025,STANDARD,499.0,0.0,False,499.0
U1413,2025-08,Premium,999.0,,False,999.0
U1919,2025-09,Basic,199.0,0.0,No,199.0
U2188,01/01/2026,BASIC,199.0,0.0,No,199.0
U1350,09/01/2025,Basic,199.0,0.0,False,199.0
U2415,2025-08, Standard ,499.0,0.0,No,499.0
U1500,12/01/2025,STANDARD,499.0,0.0,True,0.0
U1304,2026-01,Premium,999.0,0.0,No,999.0
U2336,Sep-2025,standard,499.0,0.0,FALSE,499.0
U2073,Sep-2025, PREMIUM,999.0,0.0,0,999.0
U1291,Oct-2025,Basic,199.0,0.0,TRUE,0.0
U1504,2026-01,Premium,999.0,10.0,TRUE,0.0
U2334,2025-08,STANDARD,499.0,0.0,No,499.0
U1909,10/01/2025, Standard ,499.0,0.0,No,499.0
U1638,2025-08,STANDARD,499.0,0.0,0,499.0
U2268,Jan-2026,Premium,999.0,0.0,No,999.0
U2389,2025-09,Basic,199.0,0.0,0,
U1700,Jan-2026, Standard ,499.0,10.0,No,449.1
U2416,Sep-2025,Standard,499.0,0.0,False,499.0
U1951,Nov-2025,Basic,199.0,0.0,False,199.0
U1731,12/01/2025,standard,499.0,0.0,FALSE,499.0
U2320,01/01/2026,basic ,199.0,0.0,Yes,0.0
U1105,11/01/2025,Standard,499.0,0.0,No,499.0
U1772,2025-09,Standard,499.0,0.0,No,499.0
 U1889 ,09/01/2025,standard,499.0,0.0,0,499.0
U2170,2025-08,Premium,999.0,0.0,FALSE,999.0
U1408,09/01/2025,standard,499.0,0.0,No,499.0
U1119,2025-11,premium ,999.0,0.0,No,999.0
U2332,2026-01,STANDARD,499.0,0.0,No,499.0
U1847,12/01/2025,Standard,499.0,0.0,False,499.0
U2181,2025-12,Basic,199.0,0.0,0,199.0
U1561,Oct-2025,Standard,499.0,,0,349.3
U1611,Oct-2025,Basic,199.0,0.0,FALSE,199.0
U2168,2025-08,premium ,999.0,0.0,0,999.0
U2092,2025-10,basic ,199.0,0.0,0,199.0
U1082,Aug-2025,Standard,499.0,0.0,No,499.0
U2095,Sep-2025,basic ,199.0,0.0,False,199.0
U2484,12/01/2025,Standard,499.0,0.0,False,499.0
U1991,2025-08, PREMIUM,999.0,0.0,No,999.0
U1252,2025-11,Premium,999.0,0.0,No,999.0
U1628,Oct-2025,STANDARD,499.0,,No,449.1
U1768,Dec-2025,standard,499.0,0.0,FALSE,499.0
U2388,2025-11,Premium,999.0,0.0,False,999.0
U2476,2025-10,basic ,199.0,0.0,False,199.0
U1546,2025-10,BASIC,199.0,0.0,FALSE,199.0
U1864,2025-10,Premium,999.0,0.0,No,999.0
U1324,11/01/2025,Premium,999.0,0.0,False,999.0
U1158,Nov-2025,Premium,999.0,0.0,FALSE,999.0
U1681,11/01/2025,premium ,999.0,0.0,No,999.0
U1299,Dec-2025,BASIC,199.0,0.0,False,199.0
U1180,2025-12,Basic,199.0,10.0,0,179.1
U1297,11/01/2025,Premium,999.0,20.0,False,799.2
U1948,12/01/2025,Basic,199.0,0.0,False,199.0
U1752,2026-01, Standard ,499.0,30.0,FALSE,349.3
U2193,Jan-2026,premium ,999.0,30.0,0,699.3
U1501,09/01/2025,Premium,999.0,0.0,0,999.0
U2369,2025-10,Basic,199.0,0.0,0,199.0
U1385,Aug-2025,Premium,999.0,0.0,No,999.0
U1375,2025-10,Premium,999.0,0.0,FALSE,999.0
U1757,09/01/2025,Standard,499.0,0.0,FALSE,499.0
U1816,Dec-2025,basic ,199.0,,No,179.1
U1111,2025-12,premium ,999.0,0.0,0,999.0
U1470,12/01/2025, Standard ,499.0,0.0,False,
U1420,11/01/2025,STANDARD,499.0,20.0,TRUE,0.0
U1142,2026-01,Premium,999.0,0.0,FALSE,999.0
U1863,2025-09,Basic,199.0,0.0,No,199.0
U2028,Oct-2025,Premium,999.0,0.0,False,999.0
U1809,Sep-2025,Standard,499.0,0.0,No,
U1778,11/01/2025,basic ,199.0,0.0,False,199.0
U2102,12/01/2025,STANDARD,499.0,10.0,False,449.1
U1597,Sep-2025,Premium,999.0,0.0,False,999.0
U2414,2025-08,premium ,999.0,0.0,False,999.0
U1498,Nov-2025,standard,499.0,0.0,No,499.0
 U1830 ,09/01/2025,Basic,199.0,0.0,0,199.0
U1172,2025-10,standard,499.0,20.0,FALSE,399.2
U1931,2026-01,BASIC,199.0,0.0,No,
U1973,2025-11,basic ,,0.0,0,199.0
U1767,Sep-2025,Standard,499.0,0.0,0,499.0
U2458,11/01/2025,Basic,199.0,0.0,FALSE,199.0
U2243,09/01/2025,STANDARD,,30.0,False,349.3
U1833,12/01/2025,standard,499.0,10.0,0,449.1
U2156,2026-01,Standard,499.0,0.0,False,499.0
U1921,01/01/2026,Basic,199.0,0.0,1,0.0
U2289,09/01/2025,BASIC,199.0,0.0,No,199.0
U1742,Nov-2025,Standard,499.0,0.0,0,499.0
U1563,01/01/2026,STANDARD,499.0,0.0,FALSE,499.0
U1555,Oct-2025,Basic,199.0,0.0,False,199.0
U1577,2025-08, Standard ,499.0,0.0,False,499.0
U1001,01/01/2026,premium ,999.0,0.0,False,999.0
U1157,09/01/2025,STANDARD,499.0,0.0,False,499.0
U2015,2025-10,premium ,,0.0,False,999.0
U1250,12/01/2025,Standard,499.0,0.0,FALSE,499.0
U1810,11/01/2025,basic ,199.0,0.0,True,0.0
U1970,Dec-2025,standard,499.0,0.0,FALSE,499.0
U1438,2025-11,STANDARD,499.0,0.0,False,499.0
U2051,Aug-2025,Basic,199.0,30.0,False,
U1618,09/01/2025,BASIC,199.0,0.0,False,199.0
U1060,Sep-2025,Basic,199.0,0.0,FALSE,199.0
U1694,11/01/2025,Basic,199.0,0.0,0,199.0
U2218,01/01/2026,BASIC,199.0,0.0,FALSE,199.0
U2023,2025-12,STANDARD,499.0,0.0,0,499.0
U2297,09/01/2025,Standard,499.0,30.0,FALSE,349.3
U1918,Nov-2025,STANDARD,499.0,0.0,False,499.0
U2417,08/01/2025,premium ,999.0,0.0,False,999.0
U1034,Dec-2025, Standard ,499.0,0.0,No,499.0
U1912,10/01/2025,Standard,499.0,0.0,0,499.0
U2186,Dec-2025,Basic,199.0,10.0,No,179.1
U2189,09/01/2025, Standard ,499.0,0.0,0,499.0
U2343,2025-10,standard,499.0,0.0,FALSE,499.0
U1535,2025-08,BASIC,199.0,0.0,No,199.0
U1514,2025-11,basic ,199.0,20.0,False,159.2
U2328,08/01/2025,BASIC,199.0,0.0,FALSE,199.0
U1179,2025-10, Standard ,499.0,0.0,No,499.0
U2152,2025-10,Standard,499.0,0.0,False,499.0
U1460,10/01/2025,premium ,999.0,10.0,False,899.1
U1461,11/01/2025,Premium,999.0,20.0,FALSE,799.2
U1214,Dec-2025,basic ,199.0,0.0,0,199.0
U1967,01/01/2026,Basic,199.0,0.0,FALSE,199.0
U2241,Jan-2026,STANDARD,499.0,30.0,FALSE,349.3
U1494,2025-09,standard,499.0,0.0,1,0.0
U1821,09/01/2025,STANDARD,499.0,0.0,FALSE,499.0
U1314,Oct-2025,Basic,199.0,0.0,False,
U2467,Aug-2025,Basic,199.0,0.0,False,199.0
U1191,09/01/2025,Premium,999.0,0.0,No,999.0
U1774,12/01/2025,BASIC,199.0,0.0,No,199.0
U1694,12/01/2025,basic ,199.0,20.0,False,159.2
U1300,01/01/2026,Basic,199.0,0.0,FALSE,199.0
U2020,Jan-2026, PREMIUM,999.0,0.0,FALSE,999.0
U1104,Aug-2025, PREMIUM,999.0,0.0,FALSE,999.0
U2141,12/01/2025,Premium,999.0,0.0,0,999.0
U2066,Jan-2026,basic ,199.0,0.0,FALSE,199.0
U1731,Nov-2025,Standard,499.0,0.0,FALSE,499.0
U1658,Aug-2025, PREMIUM,999.0,0.0,False,999.0
U2387,12/01/2025,Basic,199.0,0.0,FALSE,199.0
U2396,Sep-2025,BASIC,199.0,,False,199.0
U2173,Sep-2025,Standard,499.0,0.0,FALSE,499.0
U2053,08/01/2025,STANDARD,499.0,0.0,0,499.0
U1109,2025-09,basic ,199.0,0.0,No,199.0
U2260,2025-12,premium ,999.0,0.0,False,999.0
U1749,2025-09,STANDARD,499.0,10.0,No,449.1
U1287,08/01/2025,premium ,999.0,0.0,FALSE,999.0
U1538,2026-01,basic ,199.0,0.0,False,199.0
U2419,09/01/2025,Premium,999.0,0.0,False,999.0
U2065,Aug-2025,Premium,999.0,0.0,No,999.0
U1759,08/01/2025,STANDARD,499.0,0.0,False,
U1422,10/01/2025,premium ,999.0,0.0,False,999.0
U1024,2025-11,basic ,199.0,0.0,False,199.0
U1282,Jan-2026,Basic,199.0,10.0,FALSE,179.1
U1940,Sep-2025,BASIC,199.0,0.0,FALSE,199.0
U1128,09/01/2025,Basic,199.0,0.0,FALSE,199.0
U1194,Jan-2026,standard,499.0,0.0,0,499.0
U1769,10/01/2025,Basic,199.0,0.0,False,199.0
U1262,Aug-2025,standard,499.0,0.0,0,499.0
U1272,10/01/2025,STANDARD,499.0,0.0,No,
U2172,08/01/2025,premium ,999.0,0.0,0,999.0
U1443,Dec-2025,basic ,199.0,0.0,1,0.0
U1332,Dec-2025,Basic,199.0,0.0,No,199.0
U2466,12/01/2025,Basic,199.0,0.0,False,199.0
U1331,Dec-2025,premium ,,0.0,False,999.0
U1912,Nov-2025,STANDARD,499.0,0.0,False,499.0
U1630,2026-01,basic ,199.0,0.0,False,199.0
U1387,2025-08,STANDARD,499.0,0.0,False,499.0
U1705,2026-01,STANDARD,499.0,0.0,False,499.0
U1840,09/01/2025, Standard ,499.0,0.0,0,499.0
U1270,Dec-2025,BASIC,199.0,20.0,False,-1.0
U1671,2025-10,Basic,199.0,0.0,0,199.0
U1298,11/01/2025,Premium,999.0,0.0,TRUE,0.0
U1755,Jan-2026, Standard ,499.0,0.0,False,499.0
U1995,11/01/2025,Premium,999.0,0.0,FALSE,999.0
U2441,2026-01,basic ,199.0,10.0,False,179.1
U1930,Nov-2025, Standard ,499.0,0.0,True,0.0
U2230,09/01/2025,BASIC,199.0,20.0,False,159.2
U1666,10/01/2025,Basic,199.0,0.0,No,199.0
U2226,Dec-2025,basic ,199.0,0.0,0,199.0
U2419,Jan-2026,Premium,999.0,0.0,FALSE,999.0
U2342,Sep-2025,basic ,199.0,0.0,FALSE,199.0
U2310,2025-09,Premium,999.0,0.0,FALSE,999.0
U2241,09/01/2025,STANDARD,499.0,,0,499.0
U2229,01/01/2026,BASIC,199.0,0.0,0,199.0
U2454,Dec-2025, Standard ,499.0,0.0,FALSE,499.0
U1852,2025-10,Premium,999.0,0.0,No,999.0
U1378,Dec-2025,STANDARD,499.0,0.0,False,499.0
U1741,2025-08,Basic,199.0,0.0,False,199.0
U1018,2025-12,basic ,199.0,0.0,False,199.0
U2488,08/01/2025,standard,499.0,0.0,False,499.0
U1881,2025-08,Premium,999.0,0.0,No,999.0
U1013,Nov-2025,Premium,999.0,0.0,True,0.0
U1392,Oct-2025,standard,499.0,0.0,FALSE,499.0
U1588,Jan-2026,standard,499.0,0.0,0,499.0
U2215,2025-10,BASIC,199.0,0.0,No,
U1187,Aug-2025,Premium,999.0,0.0,0,999.0
U1912,Sep-2025,STANDARD,499.0,0.0,0,499.0
U1630,08/01/2025,basic ,199.0,0.0,No,199.0
U1895,12/01/2025,standard,499.0,0.0,1,0.0
U1942,11/01/2025,Basic,199.0,0.0,False,199.0
U1205,Jan-2026, PREMIUM,999.0,0.0,FALSE,999.0
U1891,Oct-2025,standard,,0.0,False,499.0
U1569,Jan-2026,BASIC,199.0,30.0,FALSE,139.3
U1991,2025-12,Premium,999.0,20.0,FALSE,799.2
U1309,08/01/2025,Basic,199.0,0.0,FALSE,199.0
 U1627 ,2025-11,standard,499.0,0.0,FALSE,499.0
U1272,2026-01,Standard,499.0,10.0,No,449.1
U1153,2026-01,STANDARD,499.0,10.0,No,449.1
 U2402 ,2025-09,standard,499.0,0.0,0,499.0
U1279,11/01/2025,basic ,199.0,0.0,No,199.0
U1693,01/01/2026,Basic,199.0,0.0,No,199.0
U2144,10/01/2025,Basic,199.0,10.0,False,179.1
U2349,01/01/2026, Standard ,499.0,0.0,FALSE,499.0
U1704,2025-12,premium ,999.0,10.0,0,899.1
U1518,08/01/2025,premium ,999.0,0.0,0,999.0
U1252,2025-12, PREMIUM,999.0,20.0,No,799.2
U2458,2025-12,basic ,199.0,0.0,True,0.0
U1689,11/01/2025,basic ,199.0,0.0,FALSE,199.0
U1511,Aug-2025,STANDARD,499.0,0.0,0,499.0
U2375,2025-09,STANDARD,499.0,0.0,False,499.0
U1843,12/01/2025,BASIC,199.0,0.0,FALSE,
U2223,2025-11,premium ,999.0,0.0,No,999.0
U1533,01/01/2026,Premium,,0.0,0,999.0
U1999,2025-10,BASIC,199.0,30.0,False,139.3
U1704,Jan-2026,premium ,999.0,0.0,FALSE,999.0
U1507,2025-08,Standard,499.0,0.0,FALSE,499.0
U1395,10/01/2025,Premium,999.0,30.0,No,699.3
U1440,2025-11,standard,499.0,0.0,FALSE,499.0
U1053,Oct-2025,Basic,199.0,0.0,FALSE,199.0
U1886,Aug-2025,Premium,999.0,0.0,No,999.0
U1351,Dec-2025,Basic,199.0,0.0,False,199.0
U2258,2025-11,BASIC,199.0,0.0,No,199.0
U1646,08/01/2025,Basic,199.0,0.0,FALSE,199.0
U1234,2026-01,STANDARD,499.0,0.0,No,499.0
U2116,2026-01,BASIC,199.0,20.0,FALSE,159.2
U1770,2025-09,STANDARD,499.0,10.0,False,449.1
U2376,10/01/2025,premium ,999.0,0.0,FALSE,999.0
U1043,Nov-2025,Premium,999.0,0.0,No,999.0
U1962,Jan-2026,BASIC,199.0,30.0,FALSE,139.3
U1196,2025-08,Standard,499.0,0.0,No,499.0
U1646,Sep-2025,Basic,199.0,0.0,FALSE,199.0
U2308,2025-11, Standard ,499.0,0.0,No,499.0
U1459,Oct-2025, PREMIUM,999.0,0.0,0,999.0
U1077,01/01/2026,Basic,199.0,20.0,FALSE,159.2
U1519,12/01/2025,Basic,199.0,0.0,False,199.0
U2141,09/01/2025,Premium,999.0,0.0,No,999.0
U1671,Aug-2025,BASIC,199.0,0.0,False,199.0
U1715,Dec-2025, PREMIUM,999.0,20.0,0,799.2
U1810,Jan-2026,Basic,199.0,0.0,No,199.0
U1445,11/01/2025,STANDARD,499.0,0.0,0,499.0
U1114,12/01/2025,Basic,199.0,0.0,0,199.0
U1133,Sep-2025,BASIC,199.0,0.0,FALSE,199.0
U1644,Dec-2025,basic ,199.0,0.0,0,199.0
U1043,Aug-2025, PREMIUM,999.0,0.0,0,999.0
U1186,Aug-2025,BASIC,199.0,0.0,False,199.0
U1469,2025-10,Premium,999.0,0.0,False,999.0
U2129,08/01/2025,Premium,999.0,0.0,FALSE,999.0
U1166,10/01/2025,Premium,999.0,0.0,0,999.0
U1365,Dec-2025,Standard,499.0,0.0,0,499.0
U2404,08/01/2025,Standard,499.0,0.0,FALSE,499.0
U2055,12/01/2025,premium ,999.0,30.0,False,699.3
U2160,Dec-2025,Standard,499.0,0.0,0,
U1520,Sep-2025,Basic,199.0,,No,199.0
U1267,2026-01,basic ,199.0,0.0,False,199.0
U1081,08/01/2025,Premium,999.0,0.0,False,999.0
U2222,09/01/2025,Basic,199.0,0.0,FALSE,199.0
 U2033 ,08/01/2025,Premium,999.0,0.0,FALSE,999.0
U2281,2026-01,Basic,199.0,10.0,FALSE,179.1
U1410,2025-08,BASIC,199.0,30.0,0,139.3
U2108,2025-09,STANDARD,,0.0,False,499.0
U1029,Sep-2025, Standard ,499.0,0.0,0,499.0
U1360,01/01/2026,Basic,199.0,0.0,Yes,0.0
U1042,2025-08,premium ,999.0,0.0,0,999.0
U2436,08/01/2025,STANDARD,499.0,0.0,False,499.0
U2125,08/01/2025,Premium,999.0,0.0,False,999.0
U2425,Aug-2025,Standard,499.0,0.0,0,499.0
U2064,Jan-2026,premium ,999.0,0.0,FALSE,999.0
U1157,Nov-2025,basic ,199.0,0.0,False,199.0
U1868,08/01/2025, PREMIUM,999.0,0.0,0,999.0
U2438,2025-08, Standard ,499.0,0.0,False,499.0
U1207,Oct-2025, PREMIUM,999.0,0.0,False,999.0
U2300,2025-10,BASIC,199.0,0.0,True,0.0
U2273,10/01/2025,STANDARD,,0.0,TRUE,0.0
 U1014 ,Nov-2025,STANDARD,499.0,0.0,No,499.0
U2380,Dec-2025,BASIC,199.0,10.0,False,179.1
U1118,Oct-2025, Standard ,499.0,0.0,False,499.0
U1233,2025-11,standard,499.0,0.0,0,499.0
U1341,2026-01,Basic,199.0,0.0,False,199.0
U1129,10/01/2025,basic ,199.0,0.0,No,199.0
U1965,10/01/2025,Premium,999.0,0.0,No,999.0
U1009,Aug-2025,Premium,999.0,0.0,FALSE,999.0
U1901,Aug-2025, PREMIUM,999.0,0.0,0,999.0
U1622,Sep-2025,Premium,999.0,0.0,No,999.0
U1364,Sep-2025,standard,,0.0,No,499.0
U1515,12/01/2025,Basic,199.0,,FALSE,199.0
U1387,2025-12,STANDARD,499.0,20.0,FALSE,399.2
U1263,Nov-2025,premium ,999.0,10.0,No,899.1
U1949,2025-08,BASIC,199.0,0.0,0,199.0
U1069,2025-12,standard,499.0,0.0,No,499.0
U1916,Oct-2025,BASIC,199.0,30.0,0,139.3
U1800,11/01/2025, PREMIUM,999.0,0.0,No,999.0
U1247,2026-01,Basic,199.0,0.0,No,199.0
U1714,Nov-2025,standard,499.0,0.0,False,499.0
U1188,2025-08,Premium,999.0,0.0,No,999.0
U2451,2025-08,Premium,999.0,0.0,False,999.0
U1296,10/01/2025,Standard,499.0,20.0,FALSE,399.2
U2406,2025-12,BASIC,199.0,0.0,No,199.0
U1830,12/01/2025,Basic,199.0,20.0,0,159.2
U1922,Sep-2025, Standard ,499.0,0.0,FALSE,499.0
U2214,Oct-2025,Basic,199.0,0.0,False,199.0
U1473,12/01/2025, Standard ,499.0,0.0,FALSE,499.0
U1373,2025-08,Standard,499.0,0.0,No,499.0
U1401,11/01/2025,Premium,999.0,0.0,Yes,0.0
U2256,01/01/2026,Basic,199.0,0.0,No,199.0
U2010,10/01/2025,Standard,,30.0,0,349.3
U1829,Dec-2025,BASIC,199.0,0.0,False,199.0
U1493,2025-12,Premium,999.0,0.0,False,999.0
U1818,10/01/2025,Basic,199.0,0.0,0,199.0
U2422,2026-01,Basic,199.0,0.0,TRUE,0.0
U2474,2025-09,STANDARD,499.0,0.0,FALSE,499.0
U1104,Sep-2025,Premium,999.0,0.0,False,999.0
U2223,08/01/2025, PREMIUM,999.0,0.0,True,0.0
U1295,2025-09,STANDARD,,0.0,False,499.0
U1820,01/01/2026,Basic,199.0,30.0,False,139.3
U2460,Sep-2025, Standard ,499.0,0.0,False,499.0
U2048,12/01/2025,Basic,199.0,20.0,False,159.2
U1087,2025-08, Standard ,499.0,0.0,No,499.0
U2431,Aug-2025, Standard ,499.0,0.0,False,499.0
U2209,10/01/2025,BASIC,,0.0,True,0.0
U1447,10/01/2025,STANDARD,499.0,0.0,No,499.0
U2021,09/01/2025,Premium,999.0,0.0,0,999.0
U2253,09/01/2025,BASIC,199.0,0.0,0,-1.0
U1461,12/01/2025, PREMIUM,999.0,0.0,0,999.0
U2382,2025-12,BASIC,199.0,0.0,0,199.0
U1721,Oct-2025,BASIC,199.0,0.0,No,
U1728,2025-10,premium ,999.0,0.0,False,999.0
U1845,Jan-2026,Basic,,0.0,FALSE,199.0
U1676,Nov-2025,Basic,199.0,0.0,False,199.0
U1069,08/01/2025,premium ,999.0,0.0,FALSE,999.0
U1192,2025-09,Premium,999.0,0.0,FALSE,999.0
U1724,2026-01,BASIC,199.0,0.0,FALSE,199.0
U1228,Nov-2025,premium ,999.0,0.0,False,999.0
U2314,2025-08,premium ,999.0,0.0,FALSE,999.0
U2306,2025-12,Standard,499.0,10.0,FALSE,449.1
U2127,Nov-2025,Basic,199.0,0.0,No,199.0
U2475,2025-12,basic ,199.0,0.0,FALSE,199.0
U2288,12/01/2025,standard,499.0,0.0,No,499.0
U2341,09/01/2025, Standard ,499.0,0.0,No,499.0
U1559,Sep-2025, Standard ,499.0,0.0,FALSE,499.0
U1420,12/01/2025,standard,499.0,0.0,No,499.0
U2202,11/01/2025,Standard,499.0,0.0,Yes,0.0
U1222,10/01/2025,STANDARD,499.0,0.0,False,499.0
U1606,11/01/2025,Standard,499.0,0.0,FALSE,
U1854,2025-12,Basic,199.0,0.0,1,0.0
U1551,Oct-2025,BASIC,199.0,0.0,FALSE,-1.0
U1147,2025-09,BASIC,199.0,0.0,FALSE,199.0
U1098,01/01/2026,BASIC,199.0,0.0,0,199.0
U2057,2025-11,standard,499.0,0.0,FALSE,499.0
U1081,2025-11,Premium,999.0,20.0,0,799.2
U1597,Dec-2025,standard,499.0,10.0,No,449.1
 U1170 ,Sep-2025,Basic,199.0,0.0,False,199.0
U1368,08/01/2025, PREMIUM,999.0,20.0,False,799.2
U1776,Oct-2025,Basic,199.0,0.0,0,199.0
U2315,2026-01, Standard ,499.0,0.0,No,499.0
U2386,11/01/2025,BASIC,199.0,10.0,No,179.1
U2436,11/01/2025,standard,499.0,0.0,False,499.0
U1420,08/01/2025, Standard ,499.0,0.0,0,499.0
U1044,10/01/2025,Premium,999.0,,0,999.0
U1850,2025-08,Basic,199.0,0.0,0,199.0
U1030,Aug-2025,Basic,199.0,0.0,0,199.0
U1313,2026-01,Basic,199.0,30.0,TRUE,0.0
U2394,Nov-2025,basic ,199.0,0.0,No,199.0
U2441,Dec-2025,Basic,199.0,0.0,FALSE,199.0
U1018,Nov-2025,BASIC,199.0,0.0,No,199.0
U1573,Sep-2025,BASIC,199.0,0.0,FALSE,199.0
U1374,12/01/2025,Standard,499.0,0.0,Yes,0.0
U2173,11/01/2025, Standard ,499.0,0.0,No,499.0
U1783,08/01/2025,standard,499.0,0.0,FALSE,499.0
U1080,2025-12, Standard ,499.0,0.0,No,499.0
U1407,11/01/2025,standard,499.0,0.0,FALSE,499.0
U1047,Jan-2026,Premium,999.0,10.0,FALSE,899.1
U2492,2025-09,Basic,199.0,0.0,No,199.0
U2066,2025-12,BASIC,199.0,0.0,No,199.0
U2248,Jan-2026,Basic,199.0,0.0,No,199.0
U1083,2026-01,Basic,199.0,0.0,False,199.0
U1956,Dec-2025,Standard,499.0,0.0,False,499.0
U1720,12/01/2025,STANDARD,499.0,0.0,No,499.0
U1955,08/01/2025,BASIC,199.0,0.0,FALSE,199.0
U2329,2025-08,basic ,199.0,0.0,0,199.0
U1527,2025-10,Premium,999.0,0.0,0,999.0
U1694,Sep-2025,Basic,199.0,10.0,No,179.1
U1330,01/01/2026,BASIC,199.0,0.0,False,199.0
U1432,Oct-2025,premium ,999.0,0.0,FALSE,999.0
U2184,Oct-2025, Standard ,499.0,0.0,0,499.0
U1248,2025-11,Standard,499.0,0.0,False,
U1630,2025-12,Basic,199.0,0.0,0,199.0
U1566,09/01/2025,standard,499.0,10.0,False,449.1
U2350,01/01/2026,standard,499.0,0.0,No,499.0
U1654,2025-10,Basic,199.0,0.0,0,199.0
U1127,Sep-2025,Basic,199.0,0.0,0,199.0
U2099,Nov-2025,standard,499.0,0.0,0,499.0
U2171,Oct-2025, PREMIUM,999.0,0.0,FALSE,999.0
U1036,10/01/2025,Basic,199.0,0.0,No,-1.0
 U2112 ,Sep-2025,Standard,499.0,0.0,FALSE,499.0
U2072,08/01/2025,STANDARD,499.0,0.0,0,499.0
U2065,Dec-2025,Premium,999.0,,False,999.0
U2471,09/01/2025,standard,499.0,0.0,False,499.0
U2194,2025-08, Standard ,499.0,0.0,False,499.0
U2193,09/01/2025, PREMIUM,999.0,0.0,0,999.0
U1515,11/01/2025,basic ,199.0,0.0,0,199.0
U2435,2025-09,BASIC,199.0,30.0,No,139.3
U1016,08/01/2025,Premium,999.0,0.0,False,999.0
U1131,Nov-2025,Premium,999.0,0.0,1,0.0
U1476,Aug-2025,STANDARD,499.0,0.0,FALSE,499.0
U2443,2025-08,standard,499.0,0.0,False,499.0
U1020,Aug-2025,BASIC,199.0,20.0,No,-1.0
U1149,08/01/2025,standard,499.0,,No,499.0
U1285,2026-01,basic ,199.0,0.0,False,199.0
U2254,2025-09,Basic,199.0,0.0,0,199.0
U1789,01/01/2026,standard,499.0,,0,499.0
U2034,08/01/2025, PREMIUM,999.0,0.0,FALSE,999.0
U1273,01/01/2026,BASIC,199.0,0.0,False,199.0
U1097,10/01/2025,standard,499.0,0.0,0,499.0
U1370,Aug-2025,Standard,499.0,0.0,No,499.0
U1640,2025-11,Basic,199.0,0.0,FALSE,199.0
U1213,01/01/2026,Standard,499.0,0.0,False,499.0
U1814,Sep-2025, Standard ,499.0,30.0,False,-1.0
U1557,2025-11,Basic,199.0,0.0,False,199.0
U2188,2025-10,BASIC,199.0,,True,0.0
U1838,2025-09, Standard ,499.0,0.0,0,499.0
U1605,2025-11,STANDARD,499.0,0.0,1,0.0
U1775,Jan-2026,premium ,999.0,0.0,No,999.0
U1245,Oct-2025,BASIC,199.0,20.0,False,159.2
U2292,Dec-2025,Basic,199.0,0.0,No,199.0
U2076,Nov-2025, Standard ,499.0,10.0,0,449.1
U1553,11/01/2025,Basic,199.0,30.0,No,139.3
U1165,Aug-2025,Premium,999.0,0.0,0,999.0
U2157,11/01/2025,Premium,999.0,30.0,Yes,0.0
U2109,Oct-2025,STANDARD,499.0,0.0,False,499.0
U1143,Nov-2025,Basic,199.0,,No,199.0
U1918,09/01/2025, Standard ,499.0,0.0,No,499.0
U1391,2026-01,Standard,499.0,0.0,0,499.0
U1427,01/01/2026, PREMIUM,999.0,0.0,No,999.0
U1681,Oct-2025,Premium,999.0,0.0,False,999.0
U2154,01/01/2026,BASIC,199.0,0.0,No,199.0
U1206,12/01/2025,Standard,499.0,0.0,FALSE,499.0
U2271,2025-08,STANDARD,499.0,0.0,No,499.0
U1430,Sep-2025, PREMIUM,999.0,0.0,0,999.0
U1315,2025-12,BASIC,199.0,0.0,FALSE,199.0
U1266,Oct-2025, Standard ,499.0,0.0,No,499.0
U1540,09/01/2025,BASIC,199.0,0.0,0,199.0
U2423,Dec-2025,standard,499.0,0.0,No,499.0
U1101,Jan-2026,BASIC,,0.0,0,199.0
U1758,2025-08,premium ,,0.0,False,999.0
U1035,11/01/2025,Basic,199.0,0.0,False,199.0
U1032,2025-09, Standard ,499.0,0.0,False,499.0
U1435,2025-11,Premium,999.0,0.0,No,999.0
U1610,12/01/2025,STANDARD,499.0,0.0,Yes,0.0
U1203,2025-12,Standard,499.0,0.0,0,499.0
U1806,Nov-2025,Standard,499.0,0.0,No,499.0
U1642,08/01/2025, Standard ,499.0,30.0,No,349.3
U1180,01/01/2026,basic ,199.0,0.0,FALSE,199.0
U2284,Dec-2025,Basic,199.0,0.0,0,199.0
U2444,2025-12,BASIC,199.0,0.0,No,199.0
U1194,08/01/2025,Standard,499.0,0.0,No,499.0
U1503,2025-12, Standard ,499.0,0.0,No,499.0
U1102,11/01/2025, Standard ,499.0,0.0,0,499.0
U2003,12/01/2025,BASIC,199.0,0.0,False,199.0
U1736,Sep-2025, Standard ,499.0,0.0,FALSE,499.0
U1923,08/01/2025,Basic,199.0,0.0,0,199.0
U1526,08/01/2025,BASIC,199.0,0.0,0,199.0
U2490,01/01/2026,BASIC,199.0,0.0,FALSE,199.0
U1807,01/01/2026,Standard,499.0,0.0,0,499.0
U1326,01/01/2026,standard,499.0,20.0,Yes,0.0
U1107,Jan-2026,STANDARD,499.0,0.0,No,499.0
U1862,10/01/2025,Standard,499.0,0.0,No,499.0
U1571,2025-10,standard,499.0,0.0,FALSE,-1.0
U1826,Nov-2025, PREMIUM,999.0,20.0,0,799.2
U1588,10/01/2025, Standard ,499.0,0.0,0,499.0
U1777,Dec-2025,BASIC,,30.0,0,139.3
 U2088 ,Dec-2025,basic ,199.0,0.0,False,199.0
U1029,10/01/2025, Standard ,499.0,0.0,0,499.0
U2406,Aug-2025,Basic,199.0,0.0,False,199.0
U1930,2025-08,Premium,999.0,20.0,False,799.2
U1044,Nov-2025,Premium,999.0,0.0,No,999.0
U1949,2025-10,basic ,,0.0,FALSE,199.0
U1753,Aug-2025,standard,499.0,0.0,No,499.0
U1614,Sep-2025,Standard,499.0,10.0,No,449.1
U1076,10/01/2025,Basic,199.0,0.0,FALSE,199.0
 U1516 ,12/01/2025,basic ,,0.0,False,199.0
U2381,12/01/2025,BASIC,199.0,,False,199.0
U1963,2025-08,Basic,199.0,0.0,No,199.0
U2070,2025-10,STANDARD,499.0,0.0,False,499.0
U1390,Jan-2026,BASIC,199.0,10.0,FALSE,179.1
U1446,01/01/2026,Basic,199.0,10.0,No,179.1
U1379,10/01/2025,Basic,199.0,0.0,0,199.0
U1183,2025-10,Premium,999.0,0.0,No,999.0
U2355,Aug-2025,Premium,999.0,0.0,FALSE,999.0
U1771,Sep-2025,premium ,999.0,0.0,False,999.0
U1842,Sep-2025,Standard,499.0,0.0,No,499.0
U1621,Jan-2026,premium ,999.0,0.0,No,999.0
U2375,2025-10,standard,499.0,10.0,FALSE,449.1
U1129,08/01/2025,Basic,199.0,0.0,False,199.0
U2221,10/01/2025,BASIC,199.0,,False,139.3
U2216,Nov-2025,BASIC,199.0,0.0,No,199.0
U2349,Oct-2025,Premium,999.0,20.0,FALSE,799.2
U1855,Jan-2026,Basic,199.0,,1,-1.0
U2396,2025-11,basic ,199.0,0.0,No,199.0
U1650,2025-08,Premium,999.0,0.0,0,999.0
U2283,10/01/2025, PREMIUM,999.0,0.0,0,999.0
U1254,Aug-2025,basic ,199.0,0.0,False,199.0
U1568,2025-10,Standard,499.0,0.0,0,499.0
U1673,Dec-2025,STANDARD,499.0,0.0,False,499.0
U1696,2025-12,Standard,499.0,10.0,No,449.1
U2058,Jan-2026,basic ,199.0,0.0,False,199.0
U2359,10/01/2025, Standard ,499.0,0.0,Yes,0.0
U2256,Aug-2025,BASIC,199.0,0.0,No,199.0
U1338,12/01/2025,Standard,499.0,0.0,0,499.0
U2498,2025-08,STANDARD,499.0,0.0,False,499.0
U1662,Sep-2025,basic ,199.0,0.0,No,199.0
U1973,Dec-2025,BASIC,199.0,20.0,0,159.2
U1916,Sep-2025,basic ,199.0,0.0,FALSE,199.0
U1953,Nov-2025,Basic,199.0,0.0,FALSE,
U1631,2025-10,STANDARD,499.0,0.0,0,499.0
U1010,Dec-2025,BASIC,199.0,0.0,No,199.0
U1190,2025-11, Standard ,499.0,0.0,No,499.0
U1479,Dec-2025,basic ,199.0,10.0,False,179.1
U1744,Dec-2025,Premium,999.0,0.0,0,999.0
U1935,2025-10,Basic,199.0,0.0,No,199.0
U1068,2025-12,standard,499.0,0.0,0,499.0
U1755,Dec-2025,STANDARD,499.0,30.0,False,349.3
U2007,2026-01,STANDARD,499.0,0.0,FALSE,499.0
U1351,2025-11,Basic,199.0,0.0,FALSE,199.0
U2322,01/01/2026,premium ,999.0,0.0,No,
U2151,Sep-2025,Standard,499.0,0.0,False,499.0
U2197,2025-10,basic ,199.0,0.0,0,199.0
U1522,Nov-2025, Standard ,499.0,0.0,False,499.0
U2409,08/01/2025,STANDARD,499.0,0.0,False,499.0
U1322,2025-12,BASIC,199.0,0.0,No,199.0
 U1766 ,2025-10, Standard ,,0.0,False,499.0
U1418,09/01/2025,Basic,199.0,0.0,False,199.0
U1875,2025-11,Standard,499.0,0.0,FALSE,499.0
U1214,09/01/2025,basic ,199.0,10.0,FALSE,179.1
U2017,Dec-2025,standard,499.0,0.0,FALSE,499.0
U1416,2025-10, PREMIUM,999.0,30.0,No,699.3
 U1226 ,11/01/2025, Standard ,499.0,0.0,False,499.0
U2364,10/01/2025,Basic,199.0,0.0,FALSE,199.0
U2085,08/01/2025,premium ,999.0,0.0,0,999.0
U2355,2026-01,Premium,999.0,30.0,FALSE,699.3
U1229,08/01/2025,Basic,199.0,0.0,FALSE,199.0
U1939,09/01/2025,premium ,999.0,0.0,FALSE,
U1141,Nov-2025,Basic,199.0,0.0,0,199.0
U2029,2025-08, PREMIUM,999.0,0.0,False,999.0
U2344,11/01/2025,Basic,199.0,10.0,FALSE,179.1
U1326,08/01/2025,STANDARD,499.0,0.0,FALSE,499.0
U2167,2025-12,STANDARD,,0.0,False,499.0
U1142,08/01/2025,Premium,999.0,0.0,No,999.0
U1418,2025-11,Basic,199.0,0.0,False,199.0
U1258,Nov-2025,Premium,999.0,0.0,FALSE,999.0
U1210,2025-10,STANDARD,499.0,0.0,FALSE,499.0
U1231,12/01/2025,premium ,999.0,0.0,0,999.0
U1158,08/01/2025,Premium,999.0,0.0,FALSE,999.0
U2067,01/01/2026,Standard,499.0,0.0,False,499.0
U1470,Jan-2026,STANDARD,499.0,0.0,False,499.0
U2287,Nov-2025,Basic,199.0,10.0,0,179.1
U2374,08/01/2025,Premium,999.0,0.0,0,999.0
U1776,01/01/2026,basic ,199.0,0.0,0,199.0
U1092,01/01/2026,Basic,,0.0,False,199.0
U2432,Oct-2025,Basic,199.0,0.0,0,199.0
U1694,Jan-2026,basic ,199.0,0.0,No,199.0
U1481,2025-12, Standard ,499.0,0.0,False,499.0
U1988,10/01/2025,basic ,199.0,0.0,0,199.0
U2132,2025-09,STANDARD,499.0,0.0,Yes,0.0
U1607,Jan-2026,BASIC,199.0,0.0,FALSE,199.0
U2303,2025-10,Basic,199.0,0.0,No,199.0
U1229,09/01/2025,Basic,199.0,0.0,False,199.0
U2059,01/01/2026,standard,499.0,0.0,FALSE,499.0
U1451,Oct-2025,BASIC,199.0,0.0,No,199.0
U2383,11/01/2025,basic ,199.0,0.0,False,199.0
U2225,09/01/2025, Standard ,499.0,0.0,False,499.0
U1425,2025-11, PREMIUM,999.0,10.0,0,899.1
U1712,11/01/2025,basic ,199.0,0.0,0,199.0
 U2418 ,Jan-2026,Basic,199.0,10.0,No,179.1
U1739,01/01/2026,Basic,199.0,10.0,0,179.1
U1489,2025-11,standard,499.0,0.0,FALSE,499.0
U1386,01/01/2026,Premium,999.0,0.0,FALSE,999.0
U1144,2025-09,STANDARD,499.0,0.0,False,499.0
U1508,09/01/2025,premium ,999.0,0.0,0,
U1867,11/01/2025,basic ,199.0,0.0,FALSE,199.0
U1671,Dec-2025,Basic,199.0,0.0,0,199.0
U1299,Jan-2026,Basic,199.0,20.0,FALSE,159.2
U2267,10/01/2025,Premium,999.0,0.0,No,999.0
U1544,2025-12, Standard ,499.0,0.0,False,499.0
U1733,11/01/2025,Premium,999.0,,TRUE,0.0
U1238,Sep-2025,STANDARD,499.0,0.0,TRUE,0.0
U2054,Jan-2026,Basic,199.0,0.0,No,
U1709,2025-09,Premium,999.0,20.0,FALSE,799.2
U1763,2025-09,premium ,999.0,0.0,0,999.0
U1894,Oct-2025,standard,499.0,0.0,False,499.0
U1972,12/01/2025,BASIC,199.0,,No,179.1
U1853,2025-12,STANDARD,499.0,0.0,0,499.0
U1292,09/01/2025, Standard ,499.0,0.0,FALSE,499.0
U2011,01/01/2026,basic ,199.0,0.0,No,199.0
U1290,Nov-2025,Premium,999.0,0.0,0,999.0
U1117,Oct-2025, Standard ,499.0,0.0,0,499.0
U1562,2025-11,Basic,199.0,0.0,0,199.0
U1004,2025-09,Basic,199.0,0.0,0,199.0
U1963,Oct-2025,basic ,199.0,,FALSE,199.0
U1369,Jan-2026,Basic,199.0,20.0,False,159.2
U1022,2025-08,standard,499.0,20.0,False,399.2
U1406,09/01/2025,premium ,999.0,,1,0.0
U1754,12/01/2025,Basic,199.0,0.0,FALSE,199.0
U2430,2025-09,basic ,199.0,,No,199.0
U2159,11/01/2025,premium ,999.0,0.0,No,999.0
U2295,Jan-2026, Standard ,499.0,0.0,1,0.0
U1836,Dec-2025, Standard ,499.0,10.0,FALSE,449.1
U1039,12/01/2025,Standard,499.0,0.0,No,499.0
U1146,2025-09,Standard,499.0,0.0,0,499.0
U2037,12/01/2025,Standard,499.0,0.0,FALSE,499.0
U1338,09/01/2025,Standard,499.0,30.0,No,349.3
U1780,Aug-2025,basic ,199.0,0.0,0,199.0
U1790,12/01/2025,BASIC,199.0,0.0,FALSE,199.0
U1485,11/01/2025,Basic,199.0,0.0,FALSE,199.0
U1516,Aug-2025,premium ,999.0,0.0,No,999.0
U2278,08/01/2025,Basic,199.0,10.0,No,179.1
U1029,2025-08, Standard ,499.0,10.0,No,449.1
U2043,12/01/2025,BASIC,199.0,0.0,0,199.0
U1034,Jan-2026,standard,499.0,0.0,No,499.0
U1844,2025-12,Basic,,0.0,No,199.0
U1657,2025-10, Standard ,499.0,10.0,FALSE,449.1
U1394,01/01/2026, PREMIUM,999.0,0.0,False,999.0
U2079,08/01/2025, PREMIUM,999.0,0.0,0,999.0
U1801,2025-08,Premium,999.0,0.0,No,999.0
U2114,Nov-2025, PREMIUM,999.0,0.0,FALSE,999.0
U1456,01/01/2026,Basic,199.0,0.0,False,199.0
U2230,12/01/2025,BASIC,199.0,10.0,0,
U2406,2025-11,Basic,199.0,0.0,False,199.0
U1521,2025-08, Standard ,499.0,0.0,No,499.0
U1685,Sep-2025,Standard,499.0,0.0,0,499.0
U1805,11/01/2025,Standard,499.0,0.0,0,499.0
U2347,09/01/2025,basic ,199.0,0.0,False,199.0
U2249,2025-10,Standard,499.0,0.0,No,499.0
U1149,2025-09,standard,499.0,0.0,False,499.0
U2448,12/01/2025,Standard,499.0,0.0,False,499.0
U1946,2025-12,BASIC,199.0,0.0,0,199.0
U1093,08/01/2025,STANDARD,499.0,0.0,False,499.0
U1308,Sep-2025,BASIC,199.0,0.0,Yes,0.0
U1277,10/01/2025,standard,499.0,0.0,FALSE,499.0
 U1469 ,Sep-2025,Premium,999.0,0.0,False,999.0
U1892,Oct-2025, PREMIUM,999.0,0.0,0,999.0
 U1832 ,Oct-2025, Standard ,499.0,30.0,FALSE,349.3
U1177,Nov-2025,STANDARD,499.0,0.0,No,499.0
U1685,12/01/2025,standard,499.0,0.0,No,499.0
U2276,2025-09,STANDARD,499.0,20.0,0,
U2381,Sep-2025,basic ,199.0,0.0,0,199.0
U1728,2026-01,Standard,499.0,0.0,0,499.0
U2489,10/01/2025,premium ,999.0,0.0,FALSE,999.0
U1778,2025-12,basic ,199.0,0.0,0,199.0
U1325,2025-12,Basic,199.0,30.0,False,139.3
U1663,2025-11,standard,499.0,0.0,No,499.0
U2261,Jan-2026,Premium,999.0,0.0,FALSE,999.0
U2005,01/01/2026,basic ,199.0,10.0,0,179.1
U2074,Oct-2025,BASIC,199.0,0.0,0,199.0
U2146,12/01/2025,BASIC,199.0,0.0,FALSE,199.0
U1502,10/01/2025,STANDARD,499.0,0.0,FALSE,499.0
U1457,Oct-2025,Standard,499.0,0.0,False,499.0
U1832,08/01/2025, Standard ,499.0,0.0,False,499.0
U2227,12/01/2025,Basic,199.0,0.0,No,199.0
U2150,12/01/2025, PREMIUM,999.0,0.0,FALSE,999.0
U1804,Jan-2026,standard,499.0,0.0,False,499.0
U2391,08/01/2025,premium ,999.0,0.0,False,999.0
U2480,09/01/2025,Standard,499.0,0.0,FALSE,499.0
U1440,Sep-2025,standard,499.0,0.0,0,499.0
U2314,Nov-2025,premium ,999.0,0.0,0,999.0
U1808,2025-10,Standard,499.0,20.0,False,399.2
U2384,Dec-2025, PREMIUM,999.0,0.0,False,999.0
U1148,10/01/2025,Premium,999.0,0.0,FALSE,999.0
U1264,12/01/2025,BASIC,199.0,0.0,0,199.0
U1674,2025-09,Basic,199.0,,Yes,0.0
U1599,2025-10,Basic,199.0,0.0,FALSE,199.0
U1072,Sep-2025,Basic,199.0,0.0,FALSE,199.0
U2001,2025-08,standard,499.0,0.0,No,499.0
U1363,2025-08, Standard ,499.0,30.0,No,349.3
U1110,Dec-2025,BASIC,199.0,0.0,FALSE,199.0
U2490,08/01/2025,BASIC,199.0,0.0,0,199.0
U1088,Dec-2025,Premium,999.0,0.0,False,999.0
U1395,09/01/2025,Premium,999.0,30.0,0,699.3
U1458,2025-10,Basic,199.0,0.0,False,199.0
U2041,Dec-2025,Basic,199.0,0.0,0,199.0
U1125,08/01/2025,standard,499.0,0.0,0,499.0
U1313,Nov-2025, Standard ,499.0,20.0,True,0.0
U2444,08/01/2025,standard,499.0,0.0,False,499.0
U1078,10/01/2025,STANDARD,499.0,0.0,1,0.0
U1644,2025-11,BASIC,199.0,0.0,FALSE,199.0
U1015,11/01/2025,standard,499.0,0.0,No,499.0
U2169,12/01/2025,Standard,499.0,0.0,FALSE,499.0
U2349,Nov-2025,standard,499.0,0.0,False,499.0
U2463,2025-11,Standard,499.0,0.0,FALSE,499.0
U1900,Dec-2025,BASIC,199.0,0.0,0,199.0
U1079,09/01/2025,Premium,999.0,0.0,0,999.0
U1980,Nov-2025,premium ,999.0,,False,999.0
U1197,Jan-2026,basic ,199.0,,No,199.0
U1814,2025-10,basic ,199.0,0.0,FALSE,199.0
U2424,2025-10,standard,499.0,0.0,False,499.0
U2341,10/01/2025,Standard,499.0,0.0,FALSE,499.0
U1640,2025-08,BASIC,199.0,0.0,0,199.0
U2049,Sep-2025,Premium,999.0,0.0,0,
U1955,2025-10,Basic,199.0,20.0,No,159.2
 U1436 ,12/01/2025, PREMIUM,999.0,30.0,No,699.3
U1945,11/01/2025,Standard,499.0,0.0,False,499.0
U1166,Sep-2025,Premium,999.0,,False,799.2
U2256,2025-12,basic ,199.0,0.0,0,199.0
U1278,2026-01, PREMIUM,999.0,0.0,No,999.0
U1136,2025-10, PREMIUM,999.0,0.0,No,999.0
U2116,2025-10,standard,499.0,0.0,FALSE,499.0
U2199,10/01/2025,Premium,999.0,0.0,0,999.0
U2373,Dec-2025,Premium,999.0,20.0,False,799.2
U2361,2025-12,BASIC,199.0,0.0,No,199.0
U1011,Dec-2025,Standard,499.0,0.0,False,499.0
U1248,2025-11,Standard,499.0,0.0,False,
U1664,Jan-2026,Basic,199.0,0.0,No,199.0
U2364,12/01/2025,basic ,199.0,0.0,0,199.0
U1046,Nov-2025, PREMIUM,999.0,0.0,FALSE,999.0
U1669,Oct-2025,STANDARD,499.0,0.0,FALSE,499.0
U2401,01/01/2026,premium ,999.0,0.0,False,999.0
U1621,09/01/2025,premium ,999.0,0.0,FALSE,999.0
U2445,Aug-2025,Basic,199.0,0.0,No,199.0
U2312,11/01/2025,basic ,199.0,0.0,0,199.0
U1751,11/01/2025,Basic,199.0,0.0,False,199.0
U2086,01/01/2026,BASIC,199.0,0.0,True,0.0
U1357,Jan-2026,Premium,999.0,30.0,No,699.3
U1492,2025-09,Standard,499.0,0.0,False,499.0
U2211,2025-10,standard,499.0,,FALSE,449.1
U1379,09/01/2025,BASIC,199.0,30.0,0,139.3
U1711,2026-01,BASIC,199.0,0.0,No,199.0
U2431,12/01/2025,STANDARD,499.0,,False,349.3
U1831,2025-11, Standard ,499.0,0.0,FALSE,499.0
U2486,Oct-2025,standard,499.0,0.0,FALSE,499.0
U1969,01/01/2026,Basic,199.0,0.0,0,199.0
U1054,01/01/2026,Basic,199.0,0.0,Yes,0.0
U1794,Sep-2025,Premium,999.0,0.0,0,999.0
U1925,11/01/2025, Standard ,499.0,0.0,No,499.0
U2203,2025-09,standard,499.0,0.0,False,499.0
U1089,Dec-2025,Premium,999.0,0.0,No,999.0
U2283,Dec-2025,Premium,999.0,0.0,FALSE,999.0
U1184,10/01/2025,STANDARD,499.0,0.0,False,499.0
U1552,2025-08,premium ,999.0,0.0,0,999.0
U2250,09/01/2025,Standard,499.0,0.0,FALSE,499.0
U1192,08/01/2025,premium ,999.0,0.0,0,999.0
U2483,11/01/2025,BASIC,199.0,0.0,No,199.0
U1807,Aug-2025,Standard,499.0,0.0,No,499.0
U1028,2025-11,basic ,199.0,0.0,FALSE,199.0
U1639,08/01/2025,premium ,999.0,0.0,FALSE,999.0
U1433,2025-12,Basic,199.0,0.0,False,199.0
U1019,2025-08,Premium,999.0,0.0,0,999.0
U1896,Sep-2025,basic ,199.0,30.0,0,139.3
U1626,12/01/2025,Premium,999.0,0.0,No,999.0
U1648,2025-09,standard,499.0,0.0,No,499.0
U1546,Nov-2025,Basic,199.0,0.0,0,199.0
 U2073 ,01/01/2026,Premium,999.0,0.0,FALSE,999.0
U2189,Dec-2025,BASIC,199.0,0.0,FALSE,199.0
U1792,2025-08,basic ,199.0,0.0,False,199.0
U2219,Sep-2025,Premium,999.0,0.0,No,999.0
U1532,2025-11,Standard,499.0,0.0,No,499.0
U2440,2025-10,premium ,999.0,0.0,0,999.0
U2322,Sep-2025,Premium,999.0,0.0,FALSE,999.0
U2421,11/01/2025,basic ,199.0,0.0,0,199.0
U2310,08/01/2025,premium ,999.0,20.0,False,799.2
U1625,11/01/2025,BASIC,199.0,0.0,False,199.0
U2351,2025-10,standard,,0.0,FALSE,499.0
U2343,Nov-2025,STANDARD,499.0,0.0,No,499.0
U1710,Sep-2025,STANDARD,499.0,0.0,No,499.0
U1983,Jan-2026,Standard,499.0,30.0,FALSE,349.3
U2394,09/01/2025,BASIC,199.0,0.0,0,199.0
U2321,Nov-2025,Basic,199.0,0.0,0,199.0
U1186,Nov-2025,BASIC,199.0,0.0,False,199.0
U1162,10/01/2025,premium ,999.0,0.0,0,999.0
U1991,10/01/2025,Premium,999.0,0.0,FALSE,999.0
U2117,Oct-2025,Basic,199.0,0.0,No,199.0
U2339,2025-08,standard,499.0,0.0,FALSE,499.0
U2379,2025-10, PREMIUM,999.0,20.0,False,799.2
U1419,09/01/2025,Premium,999.0,0.0,False,999.0
U1393,12/01/2025,standard,499.0,0.0,False,499.0
U2286,Jan-2026,BASIC,199.0,30.0,False,139.3
U1362,2025-09,standard,499.0,10.0,FALSE,449.1
U1957,2026-01, Standard ,499.0,0.0,0,499.0
U2180,2025-12,basic ,199.0,10.0,FALSE,179.1
U1004,2025-08,Basic,199.0,0.0,FALSE,199.0
U1748,Sep-2025,standard,499.0,20.0,False,399.2
U1617,2026-01,BASIC,199.0,0.0,False,199.0
U2040,2026-01,basic ,199.0,0.0,No,199.0
U1803,01/01/2026,BASIC,199.0,0.0,FALSE,199.0
U1479,2025-10,BASIC,199.0,0.0,No,199.0
U2298,09/01/2025,STANDARD,499.0,0.0,False,499.0
U2100,Sep-2025,standard,499.0,0.0,False,
U2299,2025-10,BASIC,199.0,0.0,No,199.0
U1212,Dec-2025,STANDARD,499.0,0.0,0,499.0
U1216,08/01/2025, Standard ,499.0,0.0,0,499.0
U2245,2026-01,basic ,199.0,0.0,FALSE,199.0
U1221,Aug-2025,BASIC,199.0,0.0,No,199.0
U1157,Aug-2025,STANDARD,,0.0,0,499.0
U2087,2025-10,Standard,499.0,0.0,FALSE,499.0
U2481,2025-11, Standard ,499.0,0.0,No,499.0
U1299,Nov-2025,BASIC,199.0,0.0,0,199.0
U2217,08/01/2025, PREMIUM,999.0,0.0,No,999.0
U2462,10/01/2025,Basic,199.0,,No,199.0
U1276,Sep-2025, PREMIUM,999.0,30.0,False,699.3
U1874,Dec-2025,Basic,199.0,0.0,0,199.0
U1569,2025-11,Basic,,0.0,False,199.0
U2319,2025-12,basic ,199.0,20.0,No,159.2
U1769,2025-09,BASIC,199.0,20.0,No,159.2
U1027,Aug-2025,premium ,999.0,0.0,False,999.0
U1841,08/01/2025,STANDARD,499.0,0.0,No,499.0
U1574,2025-12,Premium,999.0,0.0,False,999.0
U1727,2025-09,Premium,999.0,0.0,0,999.0
U1643,10/01/2025, PREMIUM,999.0,0.0,No,999.0
U2442,11/01/2025,Basic,199.0,0.0,0,199.0
U1257,2025-10,STANDARD,499.0,0.0,False,499.0
U1584,Nov-2025,BASIC,199.0,0.0,FALSE,199.0
U1347,2025-10, PREMIUM,999.0,0.0,0,999.0
U1354,Jan-2026,basic ,199.0,0.0,Yes,0.0
U1167,Jan-2026,STANDARD,499.0,0.0,False,499.0
U1683,2025-12,STANDARD,499.0,30.0,0,349.3
U1229,09/01/2025,Basic,199.0,0.0,False,199.0
U1483,01/01/2026,BASIC,199.0,30.0,FALSE,139.3
U2427,2025-12,basic ,199.0,0.0,0,199.0
U2429,12/01/2025, PREMIUM,999.0,0.0,FALSE,999.0
U1843,Nov-2025,basic ,199.0,10.0,False,179.1
U2378,2025-08,standard,499.0,30.0,No,349.3
U1235,10/01/2025,Premium,999.0,0.0,FALSE,999.0
U1422,2025-09,Premium,999.0,0.0,FALSE,999.0
U1500,11/01/2025, Standard ,499.0,0.0,FALSE,499.0
U1095,2025-08, Standard ,499.0,0.0,0,499.0
U2428,11/01/2025,Premium,999.0,0.0,FALSE,999.0
U1967,11/01/2025,basic ,199.0,0.0,No,199.0
U1604,Nov-2025,basic ,199.0,0.0,0,199.0
U1539,Nov-2025,premium ,999.0,0.0,FALSE,999.0
U1039,2026-01,standard,499.0,0.0,False,499.0
U1954,Dec-2025,basic ,199.0,0.0,False,199.0
U2258,Dec-2025,BASIC,199.0,0.0,No,199.0
U1900,2025-09,Basic,199.0,0.0,No,199.0
U2353,Dec-2025,BASIC,199.0,0.0,False,199.0
U1300,Sep-2025,basic ,199.0,0.0,False,199.0
U2183,08/01/2025,basic ,199.0,0.0,FALSE,199.0
U1093,2025-11,Standard,499.0,0.0,False,499.0
U2038,01/01/2026, Standard ,499.0,0.0,FALSE,499.0
U2278,12/01/2025,BASIC,199.0,0.0,0,199.0
U1639,2025-09, PREMIUM,999.0,0.0,False,999.0
U1944,08/01/2025, Standard ,499.0,0.0,No,499.0
U2131,2025-11,standard,499.0,0.0,0,499.0
U1349,09/01/2025,STANDARD,499.0,0.0,False,499.0
U1745,2025-11,BASIC,199.0,0.0,0,199.0
U1503,2025-08, Standard ,499.0,0.0,False,499.0
U1946,2026-01,Basic,199.0,0.0,0,199.0
U1518,Nov-2025,premium ,999.0,0.0,True,0.0
U2451,2026-01,Premium,999.0,20.0,No,799.2
U1132,Aug-2025,Basic,199.0,0.0,False,199.0
U1909,2026-01,Standard,499.0,0.0,FALSE,499.0
U2089,Dec-2025,premium ,999.0,30.0,No,699.3
U1131,12/01/2025, PREMIUM,999.0,20.0,FALSE,799.2
U1642,01/01/2026, Standard ,499.0,0.0,No,499.0
U2108,2026-01,Basic,199.0,0.0,FALSE,199.0
U2206,2025-09,Standard,499.0,0.0,1,0.0
U1729,11/01/2025,basic ,199.0,0.0,False,199.0
U1232,2025-10,STANDARD,499.0,0.0,0,499.0
U1879,2025-09,Standard,499.0,0.0,No,499.0
U1924,Oct-2025,STANDARD,499.0,0.0,No,499.0
U2172,Sep-2025,Premium,999.0,0.0,False,999.0
U1227,2025-12,Basic,199.0,10.0,False,179.1
U1795,2025-10,BASIC,199.0,0.0,FALSE,199.0
U1698,Aug-2025,STANDARD,499.0,0.0,FALSE,499.0
U1200,10/01/2025,Basic,199.0,10.0,False,179.1
U1019,Dec-2025, PREMIUM,999.0,0.0,False,999.0
U1412,09/01/2025,STANDARD,499.0,0.0,False,499.0
U2227,2025-08,basic ,199.0,0.0,False,199.0
U1829,Sep-2025,Basic,199.0,0.0,FALSE,199.0
U1389,Jan-2026, Standard ,499.0,0.0,False,499.0
U1706,Dec-2025,BASIC,199.0,0.0,FALSE,199.0
U1721,Jan-2026,Basic,199.0,0.0,No,199.0
U1039,Oct-2025, Standard ,499.0,0.0,No,499.0
U1512,01/01/2026,Basic,199.0,20.0,No,159.2
U1730,Aug-2025,BASIC,199.0,0.0,FALSE,199.0
U1254,2025-09,basic ,199.0,0.0,0,
U1731,09/01/2025,Standard,499.0,0.0,FALSE,499.0
U1445,10/01/2025,Standard,499.0,0.0,No,499.0
U1373,Dec-2025,standard,499.0,20.0,False,399.2
U1231,2025-10,Premium,999.0,20.0,False,799.2
U2469,12/01/2025,Standard,499.0,,False,499.0
U1586,Sep-2025, Standard ,499.0,10.0,False,449.1
U1014,2025-12,standard,499.0,0.0,FALSE,499.0
U1450,10/01/2025,Basic,199.0,0.0,False,199.0
U2080,2025-11,Basic,199.0,0.0,False,199.0
U2499,Sep-2025,basic ,199.0,0.0,0,199.0
U1822,Oct-2025,STANDARD,499.0,30.0,0,
U2339,Nov-2025,Standard,499.0,0.0,FALSE,499.0
U2028,Nov-2025, Standard ,499.0,0.0,No,499.0
U1253,12/01/2025,Basic,199.0,0.0,False,199.0
U2449,2025-08, PREMIUM,999.0,0.0,False,999.0
U1934,Oct-2025, Standard ,499.0,0.0,FALSE,499.0
U1936,Sep-2025,STANDARD,499.0,0.0,No,499.0
U2050,09/01/2025,BASIC,199.0,0.0,FALSE,199.0
U2106,Oct-2025,BASIC,,0.0,False,199.0
U2489,01/01/2026,Premium,999.0,0.0,No,999.0
U1506,Sep-2025,Premium,999.0,0.0,0,999.0
U1702,2025-08,Basic,199.0,20.0,FALSE,159.2
U2301,2025-08,STANDARD,499.0,0.0,FALSE,499.0
U1850,Sep-2025,BASIC,199.0,0.0,False,199.0
U2162,2025-12, Standard ,499.0,0.0,No,499.0
U1355,Aug-2025,Premium,999.0,0.0,No,999.0
U2398,Oct-2025,Premium,999.0,20.0,FALSE,799.2
U2130,11/01/2025,Basic,199.0,0.0,False,199.0
U1798,11/01/2025,Standard,499.0,10.0,FALSE,449.1
U2294,Dec-2025,BASIC,199.0,30.0,No,139.3
U1090,2025-12,Premium,999.0,10.0,0,899.1
U2319,Aug-2025,BASIC,199.0,0.0,FALSE,199.0
U2039,2025-08,premium ,999.0,0.0,FALSE,999.0
U1950,10/01/2025,Basic,199.0,0.0,No,199.0
U1823,2025-10,basic ,199.0,0.0,FALSE,199.0
U1910,01/01/2026,BASIC,,0.0,FALSE,199.0
U1708,08/01/2025,premium ,999.0,0.0,FALSE,999.0
U2065,09/01/2025, PREMIUM,999.0,0.0,False,999.0
U1361,Nov-2025,standard,499.0,0.0,False,499.0
U1526,Nov-2025,Basic,199.0,0.0,FALSE,199.0
U2389,Jan-2026,Basic,199.0,10.0,0,179.1
U1526,01/01/2026,BASIC,199.0,0.0,No,199.0
U1743,2025-11,basic ,199.0,30.0,FALSE,139.3
U2486,2025-12, Standard ,499.0,30.0,FALSE,349.3
 U2470 ,Oct-2025,basic ,199.0,10.0,False,179.1
U2045,2025-09,STANDARD,499.0,10.0,FALSE,449.1
U1504,08/01/2025,Premium,999.0,0.0,False,999.0
U2220,2025-08,STANDARD,499.0,10.0,No,449.1
U1851,12/01/2025, PREMIUM,999.0,0.0,0,999.0
U2039,2026-01, PREMIUM,999.0,20.0,0,799.2
U1906,Aug-2025,Standard,499.0,0.0,No,499.0
U1968,12/01/2025,basic ,199.0,20.0,FALSE,159.2
U2132,Dec-2025, Standard ,499.0,10.0,False,449.1
U1165,2025-12,Premium,999.0,0.0,No,999.0
U2218,11/01/2025,STANDARD,499.0,,No,499.0
U2221,09/01/2025,Basic,199.0,0.0,FALSE,199.0
U2292,2025-10,basic ,199.0,0.0,False,199.0
U2124,2025-09, Standard ,499.0,0.0,False,499.0
U1638,2025-09,Standard,499.0,0.0,No,499.0
U1135,2026-01,STANDARD,499.0,0.0,FALSE,499.0
U2389,2025-10,BASIC,199.0,20.0,0,159.2
U2472,Nov-2025,STANDARD,499.0,0.0,False,499.0
U2129,2025-12,premium ,999.0,0.0,0,999.0
U1738,Nov-2025,Standard,499.0,0.0,TRUE,0.0
U1426,09/01/2025,Standard,499.0,0.0,0,499.0
U2133,10/01/2025,premium ,999.0,0.0,0,999.0
U1352,Jan-2026,Basic,199.0,10.0,True,0.0
U2265,Jan-2026,Basic,199.0,20.0,No,159.2
U1468,Nov-2025,BASIC,199.0,30.0,False,139.3
U1500,2025-08,standard,499.0,,FALSE,449.1
U2079,2025-10, PREMIUM,999.0,0.0,0,999.0
U1315,11/01/2025,Basic,199.0,0.0,0,199.0
U1344,Sep-2025, Standard ,,0.0,False,499.0
U1390,Jan-2026,BASIC,199.0,10.0,FALSE,179.1
U1714,Aug-2025,Standard,499.0,0.0,FALSE,499.0
U1549,01/01/2026,Premium,999.0,0.0,No,999.0
U2005,Nov-2025,BASIC,199.0,,False,199.0
U2015,Sep-2025,premium ,999.0,0.0,0,999.0
U2364,Jan-2026,basic ,199.0,20.0,No,159.2
U1713,2025-09,standard,499.0,0.0,False,499.0
U1995,Dec-2025,premium ,,0.0,No,999.0
U2007,09/01/2025,Premium,999.0,0.0,FALSE,999.0
U1483,Oct-2025,Basic,199.0,0.0,FALSE,199.0
U1178,Dec-2025,Basic,199.0,0.0,0,199.0
U1756,01/01/2026,standard,499.0,0.0,0,499.0
U1736,11/01/2025,Standard,499.0,0.0,No,499.0
U1312,2025-12,Premium,999.0,0.0,FALSE,999.0
U2493,10/01/2025,premium ,999.0,0.0,No,999.0
U2399,Aug-2025,premium ,999.0,0.0,FALSE,999.0
U2005,Oct-2025,Basic,199.0,10.0,No,179.1
U2233,11/01/2025,Basic,199.0,20.0,No,159.2
U1656,12/01/2025,premium ,999.0,20.0,0,799.2
U2267,09/01/2025,Premium,999.0,0.0,No,999.0
U2018,Nov-2025,Premium,999.0,0.0,No,999.0
U2466,Sep-2025,Basic,199.0,0.0,FALSE,199.0
U1726,2025-10, Standard ,499.0,0.0,FALSE,499.0
U1909,Sep-2025,STANDARD,499.0,0.0,No,499.0
U1492,2026-01,Basic,199.0,0.0,False,199.0
U1009,09/01/2025,premium ,999.0,0.0,False,999.0
U2354,Jan-2026,BASIC,199.0,0.0,0,199.0
U2094,09/01/2025,Premium,999.0,10.0,False,899.1
U1358,2025-09,STANDARD,499.0,0.0,FALSE,499.0
U1236,08/01/2025,Basic,199.0,0.0,No,199.0
U1677,2025-08,Basic,199.0,0.0,FALSE,199.0
U1886,2026-01,Premium,999.0,0.0,FALSE,999.0
U2449,Sep-2025,premium ,999.0,0.0,False,999.0
U1305,2025-10,Premium,999.0,0.0,0,999.0
U1979,10/01/2025,Standard,499.0,0.0,0,499.0
U1030,Nov-2025,Basic,199.0,0.0,0,
U2431,01/01/2026,Standard,499.0,30.0,No,349.3
U1124,Jan-2026,STANDARD,499.0,0.0,False,499.0
U1141,09/01/2025,Basic,199.0,0.0,0,199.0
U1064,11/01/2025,BASIC,199.0,20.0,0,159.2
U1920,08/01/2025, Standard ,499.0,30.0,False,349.3
U1624,2025-11,standard,499.0,0.0,False,499.0
U2458,Sep-2025,BASIC,199.0,0.0,No,199.0
U2007,Aug-2025,premium ,999.0,20.0,1,0.0
U1903,2026-01,BASIC,199.0,0.0,False,199.0
U1672,Jan-2026,Basic,199.0,0.0,FALSE,199.0
U1775,11/01/2025,Premium,999.0,0.0,False,999.0
U1952,11/01/2025,Basic,199.0,0.0,No,199.0
U1999,2025-08,Basic,199.0,0.0,0,
U1861,12/01/2025,Basic,199.0,0.0,No,199.0
U1374,Nov-2025, Standard ,499.0,10.0,FALSE,449.1
U1371,12/01/2025,Basic,199.0,0.0,False,199.0
U1602,2025-12,Standard,499.0,0.0,0,499.0
U1979,Sep-2025,Standard,499.0,0.0,FALSE,499.0
U2382,01/01/2026,Basic,199.0,0.0,0,199.0
U2052,2025-11,standard,499.0,0.0,No,499.0
U1668,2025-10, Standard ,499.0,0.0,No,499.0
U1741,01/01/2026,basic ,199.0,10.0,No,179.1
U1458,12/01/2025,Basic,199.0,20.0,0,159.2
U1592,Nov-2025, PREMIUM,999.0,20.0,0,799.2
U2465,Aug-2025,standard,499.0,0.0,0,499.0
U1279,2025-12,Basic,199.0,0.0,False,199.0
U1751,2025-08,basic ,199.0,0.0,0,199.0
U1527,11/01/2025,Premium,999.0,30.0,TRUE,0.0
U1983,09/01/2025,standard,499.0,0.0,False,-1.0
U1203,Jan-2026,Standard,499.0,0.0,FALSE,499.0
U2217,09/01/2025,premium ,999.0,0.0,No,999.0
U2443,Sep-2025, Standard ,499.0,20.0,0,399.2
U1369,10/01/2025,Basic,199.0,0.0,False,199.0
U2303,Nov-2025,Basic,199.0,20.0,No,
U1689,2025-09,Basic,199.0,10.0,False,179.1
U1588,Nov-2025, Standard ,499.0,0.0,False,499.0
U1818,Nov-2025,Basic,199.0,20.0,FALSE,159.2
U2488,09/01/2025,standard,499.0,0.0,False,499.0
U1292,Oct-2025,Standard,499.0,0.0,No,499.0
U1011,Aug-2025,Standard,499.0,0.0,FALSE,499.0
 U2406 ,Oct-2025,basic ,199.0,0.0,0,199.0
U1386,11/01/2025,premium ,999.0,0.0,0,999.0
 U1853 ,Sep-2025,standard,499.0,0.0,No,499.0
U1966,2025-10, PREMIUM,999.0,0.0,0,999.0
U2183,09/01/2025,basic ,199.0,30.0,No,139.3
U1223,2025-09,Basic,199.0,10.0,0,179.1
U1799,08/01/2025,Basic,199.0,0.0,False,199.0
U2247,12/01/2025,Basic,199.0,30.0,0,139.3
U2045,Aug-2025,Standard,499.0,0.0,No,499.0
U1600,Sep-2025, PREMIUM,999.0,0.0,No,999.0
U1834,10/01/2025,Basic,199.0,10.0,FALSE,179.1
U1219,11/01/2025,Premium,,0.0,FALSE,
U2100,12/01/2025,STANDARD,499.0,0.0,No,499.0
U1107,Nov-2025,Standard,499.0,0.0,0,499.0
U2008,2025-10,basic ,199.0,0.0,False,199.0
U1523,2025-10,basic ,199.0,0.0,FALSE,199.0
U2007,10/01/2025,premium ,999.0,0.0,0,999.0
U1196,Nov-2025,Standard,499.0,0.0,0,499.0
U1583,2025-10,STANDARD,499.0,0.0,No,499.0
U1459,Aug-2025,Premium,999.0,0.0,FALSE,999.0
U1467,Sep-2025,Standard,499.0,0.0,0,499.0
U2418,Oct-2025,basic ,199.0,0.0,False,199.0
U1785,Nov-2025,basic ,199.0,0.0,0,199.0
U2122,Aug-2025,basic ,199.0,0.0,No,199.0
U1590,Jan-2026,Basic,199.0,0.0,No,199.0
U1551,01/01/2026,Basic,199.0,0.0,False,199.0
U1054,2025-09,Standard,499.0,0.0,No,499.0
U1596,Oct-2025,BASIC,199.0,0.0,0,199.0
U1103,09/01/2025,Basic,199.0,0.0,FALSE,199.0
U2205,Nov-2025,basic ,199.0,,FALSE,199.0
U2192,2025-10,Premium,999.0,0.0,FALSE,999.0
U1693,2025-09,BASIC,199.0,0.0,No,199.0
U1493,Oct-2025,premium ,999.0,0.0,FALSE,999.0
U1423,09/01/2025, Standard ,499.0,10.0,0,449.1
U1107,08/01/2025, Standard ,499.0,0.0,False,499.0
U1094,2025-12,premium ,999.0,0.0,FALSE,999.0
U1177,12/01/2025, Standard ,499.0,0.0,True,0.0
U1051,Dec-2025, PREMIUM,999.0,0.0,No,999.0
U2453,2025-12,Basic,,0.0,0,199.0
U2255,Nov-2025,Standard,499.0,0.0,0,499.0
U1125,2025-10, Standard ,499.0,0.0,0,499.0
U1440,Dec-2025,standard,499.0,20.0,FALSE,399.2
U2388,2025-12,Premium,999.0,10.0,FALSE,899.1
U1423,Aug-2025, Standard ,499.0,0.0,0,499.0
U2068,Aug-2025,standard,499.0,0.0,False,499.0
U1393,01/01/2026,STANDARD,499.0,0.0,FALSE,499.0
U1942,Oct-2025,BASIC,199.0,0.0,FALSE,199.0
U1103,Oct-2025,Basic,199.0,0.0,Yes,0.0
U1333,2025-11, PREMIUM,999.0,0.0,No,999.0
U1444,2025-09,basic ,199.0,0.0,False,199.0
U2276,Jan-2026,Basic,199.0,0.0,0,199.0
U2268,2025-09,premium ,999.0,30.0,False,699.3
U1871,2026-01,Basic,199.0,30.0,0,139.3
U1228,08/01/2025,premium ,999.0,0.0,No,999.0
U1484,Aug-2025,Basic,199.0,0.0,False,199.0
U1303,Sep-2025,STANDARD,499.0,10.0,0,449.1
 U1806 ,12/01/2025, Standard ,499.0,30.0,No,349.3
U1854,10/01/2025,basic ,199.0,0.0,No,199.0
U1929,Jan-2026, Standard ,499.0,0.0,FALSE,499.0
U2425,Jan-2026,Standard,499.0,0.0,False,499.0
U2153,Aug-2025,Premium,999.0,0.0,No,999.0
U1462,08/01/2025, PREMIUM,999.0,0.0,No,999.0
U1473,Oct-2025,Premium,999.0,0.0,FALSE,999.0
U1111,08/01/2025,premium ,999.0,0.0,No,
U2469,08/01/2025,standard,499.0,0.0,0,499.0
U1981,Jan-2026,basic ,199.0,10.0,No,179.1
U1071,11/01/2025,Basic,199.0,0.0,0,199.0
U2011,2025-12,Basic,199.0,10.0,False,179.1
U1691,2025-12, Standard ,499.0,0.0,No,499.0
U2134,2025-08,Basic,199.0,0.0,FALSE,199.0
U1564,Dec-2025,BASIC,199.0,,No,139.3
U2252,09/01/2025,standard,499.0,0.0,Yes,0.0
U2324,2025-12,Basic,199.0,0.0,0,199.0
U1121,Oct-2025,standard,499.0,0.0,False,499.0
U1376,2025-09,standard,499.0,10.0,False,449.1
U2165,08/01/2025, PREMIUM,,0.0,0,999.0
U1118,08/01/2025,standard,499.0,0.0,FALSE,499.0
U2131,08/01/2025,STANDARD,499.0,0.0,0,499.0
U2422,2025-12,Basic,199.0,0.0,False,199.0
U1001,Oct-2025,Premium,999.0,0.0,No,
U1525,2025-09,Basic,199.0,0.0,No,199.0
U1038,08/01/2025,basic ,199.0,0.0,FALSE,199.0
U2077,Nov-2025,BASIC,199.0,30.0,FALSE,139.3
U2374,2025-11,Premium,999.0,10.0,0,899.1
 U2344 ,2025-08,Basic,199.0,0.0,FALSE,199.0
U2325,2026-01,premium ,999.0,,False,799.2
U1425,2025-09,Premium,999.0,0.0,FALSE,999.0
U1978,2025-10,Standard,499.0,0.0,FALSE,499.0
U2310,Dec-2025, PREMIUM,999.0,0.0,No,999.0
U1818,2025-09,BASIC,199.0,0.0,False,199.0
U2032,01/01/2026,Standard,499.0,0.0,0,499.0
U1354,2025-08,BASIC,199.0,0.0,0,199.0
U1493,Jan-2026,Premium,999.0,0.0,False,-1.0
U2099,12/01/2025,STANDARD,499.0,0.0,No,499.0
U2037,Sep-2025, Standard ,499.0,0.0,FALSE,499.0
U1460,2026-01, Standard ,499.0,0.0,False,499.0
U2019,10/01/2025,basic ,199.0,0.0,FALSE,199.0
U1850,Oct-2025,basic ,199.0,0.0,No,199.0
U1679,09/01/2025,Premium,999.0,30.0,0,699.3
U1073,11/01/2025, Standard ,499.0,0.0,FALSE,499.0
U2417,Jan-2026,Premium,999.0,,True,0.0
U1079,Nov-2025,Premium,999.0,0.0,FALSE,999.0
U1791,2025-10,Standard,499.0,0.0,FALSE,499.0
U2184,Sep-2025,Standard,499.0,0.0,0,499.0
U1253,Nov-2025,STANDARD,499.0,0.0,False,499.0
U2021,10/01/2025,Premium,999.0,0.0,False,999.0
U1241,2025-12,standard,499.0,20.0,0,399.2
U1349,2025-10,Standard,499.0,0.0,0,499.0
U2313,2025-11,standard,499.0,30.0,FALSE,349.3
U1855,12/01/2025,Basic,199.0,0.0,No,199.0
U1089,11/01/2025,Premium,999.0,20.0,No,799.2
U1482,2025-09, Standard ,499.0,0.0,No,499.0
U2077,12/01/2025,BASIC,199.0,0.0,False,199.0
U1648,10/01/2025,STANDARD,,0.0,0,499.0
U1064,09/01/2025,basic ,199.0,0.0,No,199.0
U1946,09/01/2025,BASIC,199.0,20.0,FALSE,159.2
U1152,12/01/2025, Standard ,499.0,,FALSE,499.0
U1991,Nov-2025,Premium,999.0,0.0,No,999.0
U1321,2025-12,Basic,199.0,,False,199.0
U2196,2026-01,STANDARD,499.0,0.0,No,
U1635,Oct-2025,premium ,999.0,0.0,No,999.0
U1153,12/01/2025,standard,499.0,0.0,No,499.0
U1345,2025-10,Basic,199.0,20.0,0,159.2
U1479,2025-09,Basic,199.0,0.0,False,199.0
U1401,Jan-2026,Premium,,0.0,FALSE,
U2084,12/01/2025,STANDARD,499.0,0.0,False,499.0
U1259,01/01/2026,BASIC,199.0,0.0,0,199.0
U2351,2025-09, Standard ,499.0,0.0,No,499.0
U1516,Sep-2025,premium ,999.0,0.0,False,999.0
U2136,08/01/2025,standard,499.0,0.0,False,499.0
U1240,2026-01,STANDARD,499.0,0.0,No,499.0
U2090,2026-01,BASIC,199.0,0.0,0,199.0
U1941,2025-08,standard,499.0,0.0,No,499.0
U2289,Dec-2025,BASIC,199.0,0.0,FALSE,
U2472,2026-01,STANDARD,499.0,30.0,No,349.3
U2407,2025-11,standard,499.0,20.0,0,399.2
U2389,2025-11,basic ,199.0,,FALSE,199.0
U1576,Aug-2025,standard,499.0,,FALSE,499.0
U1284,12/01/2025,Basic,199.0,0.0,No,199.0
U1667,Nov-2025,premium ,999.0,10.0,No,899.1
U2361,Jan-2026,basic ,199.0,30.0,FALSE,139.3
U1499,2025-09,premium ,999.0,0.0,No,999.0
U2295,2025-10,Standard,499.0,0.0,FALSE,499.0
U1924,12/01/2025, Standard ,499.0,0.0,FALSE,499.0
U1075,Jan-2026, Standard ,499.0,0.0,0,499.0
U2409,01/01/2026,Standard,499.0,0.0,FALSE,499.0
U1673,Jan-2026,STANDARD,499.0,20.0,0,399.2
U1506,Jan-2026,Premium,999.0,0.0,FALSE,999.0
U1572,10/01/2025,Basic,199.0,0.0,False,199.0
U1543,2025-12,Premium,999.0,0.0,0,999.0
U1189,10/01/2025, Standard ,499.0,0.0,0,499.0
U1547,01/01/2026,standard,499.0,0.0,False,499.0
U1451,2026-01,BASIC,199.0,0.0,False,199.0
U1804,Oct-2025,Standard,499.0,0.0,0,499.0
U1557,08/01/2025,Basic,199.0,0.0,TRUE,0.0
U2274,2025-09,premium ,999.0,10.0,0,899.1
U1902,01/01/2026,BASIC,199.0,0.0,No,199.0
U1118,2025-09, Standard ,499.0,0.0,No,499.0
U1775,Aug-2025,premium ,999.0,0.0,No,999.0
U2166,2025-08,Standard,499.0,0.0,FALSE,499.0
U2142,10/01/2025,Standard,499.0,0.0,No,499.0
U1801,Sep-2025,premium ,999.0,0.0,FALSE,999.0
U2074,2025-09,Basic,199.0,20.0,False,159.2
U2152,08/01/2025,STANDARD,499.0,0.0,0,499.0
U2075,2025-10,Basic,199.0,30.0,0,139.3
U1273,09/01/2025,Basic,199.0,0.0,No,199.0
U2053,12/01/2025,Standard,499.0,20.0,False,399.2
U1908,01/01/2026,premium ,999.0,20.0,FALSE,799.2
U1667,Aug-2025,premium ,999.0,0.0,False,999.0
U1685,Jan-2026,Basic,199.0,0.0,FALSE,199.0
U1470,2025-11,Standard,499.0,0.0,FALSE,
U2050,08/01/2025,BASIC,199.0,10.0,False,179.1
U2085,Oct-2025,Premium,999.0,0.0,False,999.0
U2423,Sep-2025, Standard ,499.0,0.0,False,499.0
U2261,Oct-2025,premium ,999.0,0.0,False,
 U2374 ,2026-01,Premium,999.0,0.0,False,999.0
U1536,12/01/2025,premium ,999.0,0.0,No,999.0
U1411,2025-08,Basic,199.0,0.0,FALSE,199.0
U2053,Jan-2026,standard,499.0,20.0,No,399.2
U1651,Nov-2025,Premium,999.0,0.0,False,999.0
U1538,2025-10,Basic,199.0,,1,0.0
U1970,Oct-2025,Premium,999.0,0.0,False,999.0
U1359,01/01/2026,basic ,199.0,0.0,False,199.0
U2428,2025-09,premium ,999.0,30.0,False,699.3
U1958,2025-09,Standard,499.0,30.0,False,349.3
U1635,2025-08,premium ,999.0,0.0,No,
U1802,01/01/2026,STANDARD,499.0,20.0,1,0.0
U1180,2025-09,basic ,199.0,20.0,No,159.2
U1336,Jan-2026,Premium,999.0,0.0,0,999.0
U1084,11/01/2025, Standard ,499.0,0.0,False,
U2043,2025-10,STANDARD,499.0,0.0,No,499.0
U1781,2025-10,STANDARD,499.0,0.0,FALSE,499.0
U1965,Dec-2025,Premium,999.0,0.0,False,999.0
U1307,12/01/2025,BASIC,199.0,10.0,0,179.1
U1553,08/01/2025,Basic,,0.0,No,199.0
U2479,2025-09,Basic,199.0,0.0,No,199.0
U2168,2025-10,Premium,999.0,0.0,0,999.0
U1219,11/01/2025,Premium,,0.0,FALSE,
U1524,12/01/2025,STANDARD,499.0,30.0,False,349.3
U2228,Dec-2025, Standard ,499.0,10.0,0,449.1
U2318,Aug-2025, PREMIUM,999.0,10.0,False,899.1
U1662,11/01/2025,Basic,199.0,0.0,0,199.0
U1315,2025-08,Basic,199.0,20.0,No,159.2
U1599,Aug-2025,Basic,199.0,0.0,No,199.0
U2298,08/01/2025,STANDARD,499.0,0.0,FALSE,499.0
U1758,11/01/2025, PREMIUM,999.0,0.0,No,999.0
U1353,Aug-2025, PREMIUM,999.0,0.0,False,999.0
U1391,Dec-2025,Standard,499.0,0.0,0,499.0
U1740,2025-10, Standard ,499.0,0.0,False,499.0
U1862,Aug-2025,standard,499.0,0.0,No,499.0
U2473,Nov-2025,Basic,199.0,0.0,0,199.0
U2377,12/01/2025,basic ,,0.0,False,199.0
U1553,2025-12,BASIC,199.0,0.0,FALSE,199.0
U2145,09/01/2025,BASIC,199.0,0.0,No,199.0
U1136,12/01/2025,Premium,999.0,20.0,No,799.2
U1543,Jan-2026, PREMIUM,,30.0,FALSE,699.3
U1024,Jan-2026,Basic,199.0,0.0,FALSE,199.0
U2032,08/01/2025,Standard,499.0,0.0,False,499.0
U1247,Nov-2025,standard,,30.0,0,349.3
U2010,Jan-2026,standard,499.0,0.0,FALSE,499.0
U2212,Jan-2026,Basic,199.0,0.0,FALSE,199.0
U1674,2026-01,basic ,199.0,0.0,0,199.0
U1936,2026-01,Basic,199.0,0.0,FALSE,
 U1454 ,08/01/2025,Premium,999.0,0.0,0,999.0
U1198,2025-12,basic ,199.0,20.0,No,159.2
U2030,2026-01,standard,499.0,0.0,FALSE,499.0
U1746,Sep-2025,Basic,199.0,0.0,No,199.0
U2053,Jan-2026,standard,499.0,20.0,No,399.2
U2451,2025-11, PREMIUM,999.0,10.0,FALSE,899.1
U1904,Jan-2026,Premium,999.0,0.0,0,999.0
U1218,Nov-2025,Premium,999.0,0.0,False,999.0
U1531,Sep-2025,Standard,499.0,20.0,0,399.2
U2233,12/01/2025,Basic,199.0,0.0,False,199.0
U1286,2026-01,BASIC,199.0,0.0,False,199.0
U2068,Nov-2025,Basic,199.0,0.0,0,199.0
U1044,Jan-2026,Premium,999.0,0.0,False,999.0
U1644,09/01/2025,Basic,199.0,0.0,No,199.0
U1335,10/01/2025,basic ,199.0,0.0,FALSE,199.0
U1014,Sep-2025,STANDARD,499.0,20.0,FALSE,399.2
U1892,Dec-2025,premium ,999.0,0.0,0,999.0
U1456,Oct-2025,Basic,199.0,0.0,0,199.0
U1234,2025-12,STANDARD,499.0,0.0,FALSE,499.0
U1277,Aug-2025, Standard ,499.0,0.0,FALSE,499.0
U2326,2025-08,Standard,499.0,0.0,0,499.0
U2398,2025-09,Premium,999.0,0.0,0,999.0
U1340,09/01/2025,Basic,199.0,0.0,False,199.0
U1641,Sep-2025,Standard,499.0,0.0,False,499.0
U2370,Nov-2025, PREMIUM,999.0,0.0,False,999.0
U1565,09/01/2025,Basic,199.0,0.0,FALSE,199.0
U1977,Nov-2025,basic ,199.0,30.0,False,139.3
 U1917 ,2025-09,STANDARD,499.0,10.0,No,449.1
U2417,2025-11,Premium,999.0,0.0,FALSE,999.0
U1680,2025-09,standard,499.0,0.0,FALSE,499.0
 U1225 ,Oct-2025,standard,499.0,0.0,0,499.0
U1954,Oct-2025,Basic,199.0,0.0,0,199.0
U1661,2025-08,standard,499.0,0.0,0,499.0
U1948,Oct-2025,Basic,199.0,0.0,FALSE,199.0
U1722,Oct-2025,BASIC,199.0,0.0,Yes,0.0
U2494,2025-12,Basic,199.0,20.0,No,159.2
U2113,Sep-2025,Premium,999.0,30.0,False,699.3
U1773,2025-11,standard,499.0,0.0,FALSE,499.0
U1902,12/01/2025,Basic,199.0,0.0,Yes,0.0
U1172,2025-09,standard,499.0,30.0,False,349.3
U2305,2025-08, Standard ,499.0,0.0,No,499.0
U1086,2025-10,Basic,199.0,0.0,False,199.0
U1801,01/01/2026,standard,499.0,0.0,0,499.0
U2370,12/01/2025, Standard ,499.0,0.0,No,499.0
U2392,2026-01,Premium,999.0,10.0,FALSE,899.1
U1288,Oct-2025, Standard ,499.0,0.0,0,499.0
U1028,2025-10,Basic,199.0,0.0,No,199.0
U1662,01/01/2026,BASIC,199.0,0.0,False,199.0
U1158,12/01/2025,Premium,999.0,10.0,No,899.1
U1185,2025-09,STANDARD,499.0,0.0,0,499.0
U1474,2025-12,BASIC,199.0,0.0,False,199.0
U1377,2025-09, Standard ,499.0,0.0,FALSE,499.0
U2258,10/01/2025,basic ,199.0,0.0,0,
U2246,2026-01,Premium,999.0,0.0,1,0.0
U1977,01/01/2026,Basic,199.0,0.0,False,199.0
U1553,2026-01,BASIC,199.0,,No,199.0
U1735,Jan-2026,Basic,199.0,0.0,0,199.0
U1766,09/01/2025,Standard,499.0,0.0,False,499.0
U1634,2026-01,Standard,,0.0,False,499.0
U1225,11/01/2025, Standard ,499.0,30.0,FALSE,349.3
U2296,2025-09,Basic,199.0,0.0,No,199.0
U1636,2025-11, PREMIUM,999.0,30.0,FALSE,699.3
U2422,08/01/2025,Basic,199.0,0.0,False,199.0
U2367,08/01/2025,Premium,999.0,0.0,FALSE,999.0
U1603,2025-08,Basic,199.0,0.0,FALSE,
U2186,Oct-2025,Basic,199.0,0.0,FALSE,199.0
U2230,Jan-2026,basic ,199.0,0.0,FALSE,199.0
U1666,Nov-2025,Basic,199.0,0.0,0,199.0
U2320,08/01/2025,Basic,199.0,,No,199.0
U1779,Oct-2025,Premium,999.0,0.0,False,999.0
U1915,Jan-2026,standard,499.0,0.0,False,499.0
U2163,Nov-2025,BASIC,199.0,0.0,0,199.0
U1231,01/01/2026,Premium,999.0,30.0,FALSE,699.3
U1487,08/01/2025,Basic,199.0,0.0,No,199.0
U1019,11/01/2025,premium ,999.0,0.0,FALSE,
U2485,2025-08,standard,499.0,,FALSE,499.0
U1954,2026-01,Basic,199.0,0.0,0,199.0
U1406,11/01/2025,STANDARD,499.0,0.0,1,0.0
U1623,2026-01,STANDARD,499.0,0.0,False,499.0
U2253,Dec-2025,Basic,199.0,0.0,0,199.0
U2283,Nov-2025,Premium,999.0,0.0,No,999.0
U2104,Dec-2025,BASIC,199.0,30.0,TRUE,0.0
U2382,Oct-2025,STANDARD,499.0,0.0,0,499.0
U2450,2026-01,premium ,999.0,0.0,False,999.0
U1580,Nov-2025,STANDARD,499.0,0.0,FALSE,499.0
U2325,2025-10,Premium,999.0,0.0,No,999.0
U1960,Sep-2025, Standard ,499.0,20.0,No,399.2
U1471,2026-01,STANDARD,499.0,0.0,FALSE,499.0
U1884,Oct-2025,basic ,199.0,0.0,0,199.0
U2137,09/01/2025,Premium,999.0,0.0,0,999.0
U1267,2025-11,Basic,199.0,0.0,No,199.0
U2177,08/01/2025,STANDARD,499.0,0.0,False,499.0
U1716,12/01/2025,Premium,999.0,0.0,0,999.0
U1606,2025-08,STANDARD,499.0,0.0,FALSE,499.0
U1679,2025-10,Premium,999.0,0.0,False,999.0
U1717,2025-12,standard,499.0,20.0,0,399.2
U1573,2025-08,Basic,199.0,0.0,False,199.0
U1455,Nov-2025,Standard,499.0,20.0,Yes,0.0
U2357,2025-08,STANDARD,499.0,0.0,False,499.0
U2450,2025-09,Premium,999.0,0.0,FALSE,999.0
U1460,2025-11,premium ,999.0,20.0,TRUE,0.0
U2290,Oct-2025, PREMIUM,999.0,0.0,FALSE,999.0
U2489,2025-08,Premium,999.0,0.0,No,999.0
U2288,Nov-2025,STANDARD,499.0,0.0,0,499.0
U1352,Aug-2025,Basic,199.0,0.0,No,199.0
U1358,2026-01,STANDARD,499.0,30.0,0,349.3
U1799,11/01/2025,BASIC,199.0,0.0,0,199.0
U1616,09/01/2025,Basic,199.0,,No,199.0
U1996,11/01/2025,basic ,199.0,0.0,False,199.0
U1168,2026-01, PREMIUM,999.0,0.0,0,999.0
U1081,09/01/2025,Premium,999.0,10.0,False,899.1
U1143,08/01/2025,Basic,199.0,0.0,FALSE,199.0
U1243,08/01/2025,BASIC,199.0,0.0,False,199.0
U2105,Sep-2025,Basic,199.0,0.0,0,199.0
U2257,Aug-2025, Standard ,499.0,0.0,False,499.0
U1807,10/01/2025,Standard,499.0,0.0,0,499.0
U1983,2025-12,Standard,499.0,0.0,FALSE,499.0
U2475,08/01/2025,Basic,199.0,0.0,0,199.0
U1431,Oct-2025,Standard,499.0,10.0,False,449.1
U1205,Dec-2025, PREMIUM,999.0,30.0,0,699.3
U2029,01/01/2026,Premium,999.0,0.0,0,999.0
U1460,Dec-2025,premium ,999.0,20.0,False,799.2
U1403,Nov-2025,basic ,199.0,0.0,No,199.0
U2352,2025-09,basic ,199.0,10.0,False,179.1
U1018,2025-10,basic ,199.0,0.0,No,199.0
U2243,08/01/2025, Standard ,499.0,0.0,0,499.0
U1590,10/01/2025,basic ,199.0,0.0,FALSE,199.0
U1609,2025-09,Premium,999.0,0.0,0,999.0
U1781,2025-12, Standard ,499.0,0.0,No,499.0
U1087,Oct-2025,STANDARD,499.0,,No,499.0
U1398,11/01/2025,Basic,199.0,0.0,FALSE,199.0
U1515,Jan-2026,Basic,199.0,0.0,False,199.0
U1645,09/01/2025, Standard ,499.0,0.0,False,499.0
U2154,08/01/2025,STANDARD,499.0,0.0,FALSE,499.0
U1822,2025-08,STANDARD,499.0,0.0,No,499.0
U1596,2025-08,basic ,199.0,0.0,No,199.0
U2466,11/01/2025,BASIC,199.0,10.0,0,179.1
U1925,2025-09, Standard ,499.0,0.0,FALSE,499.0
U1343,2025-12,Premium,999.0,10.0,FALSE,899.1
U2168,Dec-2025,Standard,499.0,0.0,FALSE,499.0
U2395,Nov-2025,Standard,499.0,0.0,0,499.0
U1989,2025-10,premium ,999.0,0.0,False,
U2208,Oct-2025, PREMIUM,999.0,0.0,No,999.0
U1069,09/01/2025, PREMIUM,999.0,0.0,False,999.0
U2044,2025-12,Basic,199.0,0.0,FALSE,199.0
U1857,Nov-2025,BASIC,,0.0,FALSE,199.0
U1535,2026-01,BASIC,199.0,10.0,False,179.1
U1255,12/01/2025,basic ,199.0,0.0,False,199.0
U2278,Nov-2025,basic ,199.0,0.0,FALSE,199.0
U1749,Aug-2025,standard,499.0,0.0,False,499.0
U2455,Aug-2025,basic ,199.0,0.0,No,199.0
U1200,2025-08,basic ,199.0,0.0,TRUE,0.0
U1117,2025-09, Standard ,499.0,0.0,0,499.0
U1908,Dec-2025, PREMIUM,999.0,0.0,0,999.0
U1474,01/01/2026,BASIC,199.0,,False,199.0
U2253,11/01/2025,basic ,199.0,,No,199.0
U1629,2025-08,Basic,199.0,0.0,False,199.0
U1826,Dec-2025,premium ,999.0,0.0,FALSE,999.0
U1295,2025-10,Standard,499.0,0.0,FALSE,499.0
U2266,Aug-2025,STANDARD,499.0,0.0,0,499.0
U2426,Oct-2025,Standard,499.0,0.0,0,499.0
U1509,Nov-2025,STANDARD,,20.0,No,399.2
U1711,Sep-2025,Basic,199.0,0.0,TRUE,0.0
U1928,2025-10,Basic,199.0,0.0,No,
U1094,Oct-2025,Premium,999.0,0.0,FALSE,999.0
U1623,09/01/2025,premium ,999.0,0.0,0,999.0
U1510,08/01/2025,Premium,,0.0,0,999.0
U2341,08/01/2025,STANDARD,499.0,0.0,False,499.0
U1530,2025-12,Premium,999.0,0.0,FALSE,999.0
U1907,Dec-2025,basic ,199.0,0.0,FALSE,199.0
U1266,Sep-2025,STANDARD,499.0,0.0,0,499.0
U2459,08/01/2025,Premium,999.0,0.0,0,999.0
 U1383 ,12/01/2025,basic ,199.0,0.0,No,199.0
U1875,Sep-2025, Standard ,499.0,10.0,0,449.1
U2198,Oct-2025,Basic,199.0,0.0,0,199.0
U1002,01/01/2026,Premium,999.0,30.0,False,699.3
U2143,Dec-2025,Basic,199.0,20.0,False,159.2
U2084,Jan-2026, Standard ,499.0,0.0,FALSE,499.0
U1490,2025-12,Standard,499.0,0.0,False,499.0
U2421,2026-01,Basic,199.0,30.0,No,139.3
U1770,01/01/2026,Basic,199.0,0.0,FALSE,199.0
U2314,2025-10,premium ,999.0,30.0,0,699.3
U2147,2025-11, Standard ,499.0,0.0,FALSE,499.0
U2181,11/01/2025,Basic,199.0,20.0,FALSE,159.2
U1787,2025-10,premium ,999.0,0.0,FALSE,999.0
U1727,2025-11,Premium,999.0,0.0,FALSE,999.0
U1308,2025-12,Basic,199.0,0.0,False,199.0
U1653,2025-08,standard,499.0,20.0,FALSE,399.2
U1944,2026-01, Standard ,499.0,0.0,No,499.0
U1980,Jan-2026,Premium,999.0,0.0,False,999.0
U1782,2025-11,BASIC,199.0,0.0,FALSE,199.0
U2193,Nov-2025,premium ,999.0,10.0,0,899.1
U1534,01/01/2026,STANDARD,,0.0,False,499.0
U1976,Nov-2025,premium ,999.0,0.0,1,0.0
U1867,12/01/2025,Basic,199.0,0.0,False,199.0
U1822,12/01/2025,Standard,499.0,0.0,False,499.0
U2058,09/01/2025,standard,499.0,0.0,FALSE,499.0
U1467,2026-01,BASIC,199.0,0.0,False,199.0
U2293,2025-11,standard,499.0,0.0,0,499.0
U1278,2025-09,premium ,999.0,0.0,False,999.0
U1639,11/01/2025, PREMIUM,999.0,0.0,0,999.0
U1409,2025-10,Standard,499.0,0.0,False,499.0
U1814,2025-11,basic ,199.0,,FALSE,199.0
U2325,2025-08,Premium,999.0,0.0,0,999.0
U2426,Aug-2025,STANDARD,499.0,0.0,False,499.0
U1555,2025-12,Basic,199.0,0.0,False,199.0
U1388,Oct-2025,Basic,199.0,0.0,No,199.0
U2096,2026-01,basic ,199.0,0.0,FALSE,199.0
U1391,10/01/2025, Standard ,499.0,0.0,FALSE,499.0
U1193,2026-01,Basic,199.0,0.0,False,199.0
U2106,2026-01,Basic,199.0,,True,0.0
U1244,01/01/2026,standard,499.0,,No,499.0
U1540,Jan-2026,Basic,199.0,30.0,0,139.3
U1838,12/01/2025,Basic,199.0,0.0,No,199.0
U1069,2026-01,Basic,199.0,0.0,False,199.0
U1348,Aug-2025,BASIC,199.0,0.0,FALSE,199.0
U1120,Aug-2025,Basic,199.0,20.0,False,159.2
U2491,10/01/2025, Standard ,499.0,0.0,False,499.0
U1502,2025-11,STANDARD,499.0,0.0,0,
U2438,09/01/2025,Standard,499.0,0.0,0,499.0
U1587,2025-12, Standard ,499.0,10.0,1,0.0
U2350,2025-10, Standard ,499.0,0.0,False,499.0
U1400,09/01/2025, Standard ,499.0,0.0,No,499.0
U2108,2025-08,STANDARD,499.0,0.0,0,499.0
U2117,08/01/2025,BASIC,199.0,0.0,False,199.0
U1142,Dec-2025, PREMIUM,999.0,10.0,No,899.1
U2034,01/01/2026,premium ,999.0,0.0,0,999.0
U1369,09/01/2025,Basic,199.0,0.0,False,199.0
U2491,Jan-2026,STANDARD,499.0,0.0,FALSE,499.0
U2195,09/01/2025,basic ,199.0,10.0,No,179.1
U1722,Sep-2025,Basic,199.0,0.0,0,199.0
U1993,2025-11,Basic,199.0,20.0,0,159.2
U2268,12/01/2025,premium ,999.0,0.0,FALSE,999.0
U2120,2025-11,Basic,199.0,0.0,FALSE,199.0
U2496,2025-12, Standard ,499.0,0.0,False,499.0
U2274,01/01/2026, PREMIUM,999.0,0.0,0,999.0
U1813,Oct-2025,STANDARD,499.0,0.0,False,499.0
U1871,2025-09,Basic,199.0,0.0,FALSE,199.0
U1893,Jan-2026,basic ,199.0,0.0,0,199.0
U2372,2025-10, Standard ,499.0,0.0,0,499.0
U1772,08/01/2025, PREMIUM,,0.0,0,999.0
U1561,2025-09,Standard,499.0,30.0,FALSE,349.3
U1455,Sep-2025,standard,499.0,0.0,False,499.0
 U2403 ,Jan-2026,Basic,199.0,0.0,False,199.0
U1437,01/01/2026,basic ,199.0,0.0,No,199.0
U2480,01/01/2026, Standard ,499.0,10.0,0,449.1
U1838,2025-10,standard,499.0,10.0,No,449.1
U1688,Sep-2025, PREMIUM,999.0,0.0,0,999.0
U1276,08/01/2025,premium ,999.0,,0,
U1203,2025-08,STANDARD,499.0,30.0,FALSE,349.3
U1659,2025-08, PREMIUM,999.0,0.0,0,999.0
U2253,Aug-2025,Basic,199.0,0.0,0,199.0
U1672,Nov-2025,Basic,199.0,0.0,No,199.0
U2218,10/01/2025,Premium,999.0,0.0,False,999.0
U2254,Dec-2025,basic ,199.0,0.0,FALSE,199.0
U2242,10/01/2025,STANDARD,499.0,20.0,True,0.0
U2167,2025-11,standard,499.0,0.0,FALSE,499.0
U2282,10/01/2025,STANDARD,499.0,20.0,TRUE,0.0
U1448,Aug-2025,Basic,199.0,0.0,No,199.0
U1002,08/01/2025,Premium,999.0,0.0,0,
U1574,2026-01,Premium,999.0,0.0,No,999.0
U2047,Sep-2025,standard,499.0,10.0,FALSE,449.1
U1795,11/01/2025,basic ,199.0,0.0,False,199.0
U2227,Sep-2025,Basic,199.0,30.0,No,139.3
U1534,2025-11,Standard,499.0,0.0,0,499.0
U2366,2025-12,BASIC,199.0,0.0,No,199.0
U2458,Oct-2025,basic ,199.0,0.0,No,199.0
U2076,2025-09,Standard,499.0,0.0,No,499.0
U1784,01/01/2026,Premium,999.0,0.0,0,999.0
U1385,Sep-2025,Premium,999.0,0.0,0,999.0
U1422,Jan-2026, PREMIUM,999.0,20.0,0,799.2
U1655,2025-08, Standard ,499.0,0.0,0,499.0
U2174,2025-11,premium ,,0.0,False,999.0
U2071,09/01/2025, Standard ,499.0,0.0,No,499.0
U1097,2026-01, Standard ,499.0,10.0,FALSE,449.1
U2368,Dec-2025,Standard,499.0,0.0,0,499.0
U1079,10/01/2025,Premium,999.0,0.0,0,999.0
U2101,11/01/2025,Premium,999.0,0.0,No,999.0
U1146,11/01/2025,standard,499.0,0.0,FALSE,499.0
U2467,Oct-2025,basic ,199.0,0.0,No,199.0
U1131,Sep-2025, PREMIUM,999.0,0.0,No,-1.0
U1191,Aug-2025,premium ,999.0,0.0,No,999.0
U2498,01/01/2026,basic ,199.0,30.0,False,139.3
U1450,01/01/2026,Basic,199.0,0.0,No,199.0
U2323,10/01/2025,Standard,499.0,0.0,FALSE,499.0
U1490,2026-01, Standard ,499.0,0.0,0,499.0
U1412,12/01/2025,standard,499.0,0.0,False,499.0
U2363,12/01/2025,Premium,999.0,0.0,No,999.0
U1260,Aug-2025,BASIC,199.0,0.0,False,199.0
U1877,2025-12,Basic,199.0,0.0,True,0.0
U1155,08/01/2025,Premium,999.0,0.0,No,999.0
U1627,09/01/2025,Standard,499.0,0.0,FALSE,499.0
U2458,Aug-2025,BASIC,,0.0,No,199.0
U2282,11/01/2025,STANDARD,499.0,0.0,0,499.0
U2214,2025-08,Basic,199.0,0.0,FALSE,199.0
U1107,12/01/2025,standard,499.0,0.0,No,499.0
U1632,Oct-2025,Premium,999.0,0.0,0,999.0
U1834,08/01/2025,Basic,199.0,0.0,0,199.0
U1164,Dec-2025,basic ,199.0,0.0,FALSE,199.0
U1529,2025-08,premium ,999.0,0.0,FALSE,999.0
U1397,Aug-2025, Standard ,499.0,0.0,0,499.0
U1164,2025-10,basic ,199.0,0.0,FALSE,199.0
U2483,08/01/2025,Standard,499.0,0.0,FALSE,499.0
U1836,2025-09,standard,499.0,10.0,FALSE,
U1323,Nov-2025,Basic,199.0,0.0,0,199.0
U2020,2025-12,premium ,999.0,0.0,False,999.0
U2138,2025-10,STANDARD,499.0,0.0,No,499.0
U1261,Dec-2025,basic ,199.0,0.0,0,199.0
U1799,2026-01,Basic,199.0,30.0,No,139.3
U1500,12/01/2025,STANDARD,499.0,0.0,True,0.0
U1334,Oct-2025,BASIC,199.0,0.0,False,199.0
U1434,12/01/2025,BASIC,199.0,,FALSE,
U1161,12/01/2025, Standard ,499.0,0.0,0,499.0
U1253,Aug-2025,Standard,499.0,0.0,FALSE,499.0
U1018,Jan-2026,basic ,199.0,0.0,FALSE,199.0
U2467,2025-12,Basic,199.0,0.0,TRUE,0.0
U1340,Oct-2025,Basic,199.0,30.0,No,139.3
U1941,2025-10, Standard ,499.0,0.0,No,-1.0
U2069,Nov-2025,BASIC,199.0,0.0,0,199.0
U2428,01/01/2026, PREMIUM,999.0,20.0,No,
U1854,Nov-2025,basic ,199.0,0.0,No,199.0
 U1718 ,Jan-2026,standard,499.0,30.0,No,
U1380,Dec-2025,Basic,199.0,0.0,False,199.0
U1488,11/01/2025,standard,499.0,20.0,FALSE,399.2
U2397,10/01/2025, Standard ,499.0,20.0,False,399.2
U1673,Sep-2025,STANDARD,499.0,0.0,FALSE,499.0
U2360,Nov-2025,Premium,999.0,0.0,FALSE,999.0
U1398,2025-10,basic ,199.0,0.0,0,199.0
U1454,Jan-2026,Standard,499.0,0.0,False,499.0
U1828,2026-01,standard,499.0,10.0,0,449.1
U1621,12/01/2025,premium ,999.0,0.0,FALSE,999.0
U1692,2025-09, Standard ,499.0,20.0,FALSE,399.2
U1433,2025-10,Basic,199.0,0.0,No,199.0
U2050,2026-01,Basic,199.0,0.0,0,199.0
U1918,01/01/2026, Standard ,499.0,20.0,0,399.2
U2190,Dec-2025,BASIC,199.0,0.0,FALSE,199.0
U2249,09/01/2025,standard,499.0,0.0,0,499.0
U1067,2025-09,Premium,999.0,0.0,0,999.0
U1680,2025-10, Standard ,499.0,0.0,FALSE,499.0
U1194,2025-12, Standard ,499.0,20.0,No,399.2
U2136,2026-01,Basic,199.0,30.0,0,139.3
U1140,2025-12,basic ,199.0,20.0,0,159.2
U1211,Jan-2026,Basic,199.0,0.0,No,199.0
U1843,12/01/2025,BASIC,199.0,0.0,FALSE,
U2322,11/01/2025,premium ,999.0,0.0,False,999.0
U1537,08/01/2025,Standard,499.0,0.0,No,499.0
U1065,2025-10,Basic,199.0,0.0,FALSE,199.0
U1283,Sep-2025,Premium,999.0,0.0,FALSE,999.0
U1475,2025-12,Basic,199.0,30.0,FALSE,139.3
U1121,12/01/2025,STANDARD,499.0,0.0,0,499.0
U1972,11/01/2025,basic ,199.0,,False,199.0
U2198,Dec-2025,BASIC,199.0,0.0,No,199.0
U2341,2025-12,Standard,499.0,0.0,FALSE,499.0
U1286,12/01/2025,BASIC,199.0,0.0,No,199.0
U1761,09/01/2025, Standard ,499.0,0.0,FALSE,499.0
U2270,01/01/2026, Standard ,499.0,,0,349.3
U2435,10/01/2025,Basic,199.0,0.0,0,199.0
U1530,2025-10,Premium,999.0,0.0,0,999.0
U2303,Aug-2025,basic ,199.0,0.0,FALSE,199.0
U1121,2026-01,standard,499.0,10.0,0,449.1
U1934,11/01/2025,Standard,499.0,0.0,0,499.0
U1791,08/01/2025, Standard ,499.0,0.0,0,499.0
U2411,Sep-2025, PREMIUM,999.0,0.0,False,999.0
U1718,2025-12,STANDARD,499.0,0.0,TRUE,0.0
U1867,08/01/2025,standard,499.0,0.0,0,499.0
U1530,11/01/2025,Premium,999.0,0.0,Yes,0.0
U1008,08/01/2025,Standard,499.0,0.0,False,499.0
U1525,2025-08,Basic,199.0,0.0,0,199.0
U1884,11/01/2025,basic ,199.0,,FALSE,159.2
U2446,09/01/2025,STANDARD,499.0,0.0,FALSE,499.0
U2419,Oct-2025, PREMIUM,999.0,0.0,False,999.0
U1449,2026-01,basic ,199.0,0.0,False,199.0
U1353,2025-09,premium ,999.0,0.0,No,
U1379,Aug-2025,BASIC,199.0,30.0,0,139.3
U1061,Nov-2025,Basic,199.0,0.0,0,199.0
U1289,2026-01, PREMIUM,999.0,10.0,0,899.1
U1898,Nov-2025,Basic,199.0,0.0,False,199.0
U1610,Oct-2025,standard,499.0,0.0,0,499.0
U2027,12/01/2025,Basic,199.0,0.0,False,199.0
U1317,2026-01,Basic,199.0,30.0,FALSE,139.3
U1355,10/01/2025,premium ,999.0,0.0,No,999.0
U2250,2025-10, Standard ,499.0,,FALSE,349.3
U2489,2025-11,Premium,999.0,0.0,No,999.0
U1257,Jan-2026,Basic,199.0,0.0,False,199.0
U1276,2025-12,premium ,999.0,0.0,False,999.0
U1328,08/01/2025,BASIC,199.0,0.0,False,199.0
U1021,Sep-2025,STANDARD,499.0,,FALSE,499.0
U1636,2025-12,Premium,999.0,0.0,Yes,0.0
U1767,2025-08,standard,499.0,0.0,0,499.0
U1563,2025-12,Standard,499.0,0.0,FALSE,499.0
U1873,Nov-2025,Premium,999.0,0.0,No,999.0
 U1535 ,2025-11,Basic,199.0,0.0,Yes,0.0
U1907,2025-11,BASIC,199.0,0.0,FALSE,199.0
U1446,09/01/2025,BASIC,199.0,20.0,FALSE,159.2
U2476,Dec-2025,Basic,199.0,0.0,No,199.0
U1205,09/01/2025, PREMIUM,999.0,0.0,0,999.0
U1728,Dec-2025,Premium,999.0,30.0,No,699.3
U1025,2025-09,Standard,499.0,0.0,1,0.0
U1952,Dec-2025,basic ,199.0,0.0,No,199.0
U1258,01/01/2026,Premium,999.0,0.0,FALSE,999.0
U1870,01/01/2026,standard,499.0,0.0,0,499.0
U1328,12/01/2025,BASIC,199.0,0.0,No,199.0
U1791,11/01/2025,Standard,499.0,0.0,False,499.0
U2035,10/01/2025,Basic,199.0,0.0,FALSE,199.0
U1175,Jan-2026,Premium,999.0,0.0,False,999.0
U1054,2025-08, Standard ,499.0,,No,499.0
U1532,2025-09,STANDARD,499.0,0.0,0,499.0
U1041,Oct-2025,premium ,999.0,30.0,No,699.3
U1005,2025-11,standard,499.0,0.0,No,499.0
U1705,Nov-2025,Standard,499.0,20.0,0,399.2
U1202,2025-08,Basic,199.0,0.0,No,199.0
U2291,2025-11, Standard ,499.0,0.0,False,499.0
U2134,10/01/2025,Basic,199.0,0.0,False,199.0
U1122,01/01/2026,basic ,199.0,10.0,FALSE,179.1
U1387,Nov-2025,standard,499.0,0.0,False,499.0
U2085,01/01/2026, PREMIUM,999.0,0.0,No,999.0
U2361,Aug-2025,Basic,199.0,0.0,False,199.0
U2025,Nov-2025,BASIC,199.0,0.0,FALSE,199.0
U1732,10/01/2025,Basic,199.0,0.0,0,199.0
U1269,Aug-2025,Premium,999.0,0.0,No,999.0
U1335,Jan-2026,basic ,199.0,0.0,FALSE,199.0
U1591,08/01/2025,Premium,999.0,0.0,True,0.0
U2083,Dec-2025, Standard ,499.0,0.0,False,499.0
U1100,11/01/2025,standard,499.0,30.0,0,349.3
 U1054 ,11/01/2025,Basic,199.0,0.0,No,199.0
U1621,Aug-2025,premium ,999.0,10.0,FALSE,899.1
U1700,2025-12,STANDARD,499.0,30.0,False,349.3
U1000,11/01/2025,Basic,199.0,30.0,0,
U1408,Oct-2025,Standard,499.0,0.0,No,499.0
U2119,Oct-2025,BASIC,199.0,0.0,0,199.0
 U1466 ,Oct-2025, PREMIUM,999.0,20.0,FALSE,799.2
U2041,2026-01,basic ,199.0,20.0,FALSE,159.2
U1788,2025-08, Standard ,499.0,0.0,0,499.0
U2117,Dec-2025,basic ,199.0,0.0,FALSE,199.0
U2437,Aug-2025, PREMIUM,999.0,20.0,0,799.2
U1857,Jan-2026,Basic,,0.0,0,199.0
U1909,08/01/2025, Standard ,499.0,0.0,0,499.0
U2364,2025-11,basic ,199.0,0.0,0,199.0
U2220,2025-12,basic ,199.0,0.0,0,199.0
U2426,11/01/2025,STANDARD,499.0,0.0,FALSE,-1.0
U1778,2025-10,Basic,199.0,0.0,No,199.0
U1674,2025-12,BASIC,199.0,0.0,FALSE,199.0
U1679,2025-11,Premium,,0.0,False,999.0
U1864,2025-09,Premium,999.0,0.0,1,0.0
U1096,2026-01,Basic,199.0,0.0,False,199.0
U1773,2026-01,Standard,499.0,0.0,0,499.0
U1556,01/01/2026,basic ,199.0,0.0,0,199.0
U1414,11/01/2025,premium ,999.0,0.0,False,999.0
U2417,Oct-2025,Premium,999.0,0.0,False,999.0
U2074,Aug-2025,basic ,199.0,0.0,FALSE,199.0
U1035,Oct-2025,basic ,199.0,0.0,False,199.0
U1045,12/01/2025,Premium,999.0,0.0,FALSE,999.0
U1497,08/01/2025,premium ,999.0,0.0,No,999.0
U1227,01/01/2026,BASIC,199.0,0.0,0,199.0
U1330,2025-10,Basic,199.0,0.0,FALSE,199.0
U1145,2025-08,Premium,999.0,0.0,False,999.0
U2274,11/01/2025,Premium,999.0,0.0,FALSE,999.0
U1478,01/01/2026,Basic,199.0,10.0,FALSE,179.1
U1290,2026-01,Premium,999.0,0.0,FALSE,999.0
U2156,Nov-2025,standard,499.0,0.0,No,499.0
U1447,Sep-2025, Standard ,499.0,0.0,FALSE,499.0
U1355,Dec-2025,premium ,999.0,10.0,0,899.1
U1254,2025-10,Basic,199.0,30.0,0,139.3
 U1986 ,2025-11,Basic,199.0,0.0,FALSE,199.0
U2017,2025-08, Standard ,499.0,0.0,FALSE,499.0
U1992,Aug-2025,Standard,499.0,10.0,False,449.1
U1163,12/01/2025,basic ,199.0,0.0,False,199.0
U1639,2025-10,Premium,999.0,0.0,0,999.0
U2295,08/01/2025,STANDARD,499.0,0.0,False,499.0
U1058,Jan-2026,STANDARD,499.0,0.0,FALSE,499.0
U1137,2026-01,Basic,199.0,0.0,No,199.0
U1034,Sep-2025, Standard ,499.0,0.0,False,499.0
U1835,09/01/2025,STANDARD,499.0,0.0,False,499.0
U2468,2025-11,basic ,199.0,0.0,0,199.0
U1707,Aug-2025, Standard ,499.0,0.0,0,499.0
U2416,2025-11,Standard,499.0,0.0,False,499.0
U1620,Nov-2025,premium ,999.0,10.0,0,899.1
U1164,Sep-2025,Basic,199.0,0.0,No,199.0
U2045,2025-11,Standard,499.0,0.0,False,499.0
U1953,09/01/2025,basic ,199.0,0.0,FALSE,199.0
U1698,10/01/2025, Standard ,499.0,0.0,FALSE,499.0
U2298,11/01/2025,STANDARD,499.0,0.0,No,499.0
U1425,10/01/2025,premium ,999.0,0.0,0,999.0
U2133,12/01/2025,Premium,999.0,0.0,0,999.0
U2480,2025-12,standard,499.0,0.0,No,499.0
U1644,2025-08,Basic,199.0,0.0,False,199.0
U1184,2025-09,Standard,499.0,0.0,FALSE,499.0
U1432,11/01/2025,Premium,999.0,0.0,FALSE,999.0
U2092,2025-11,BASIC,,0.0,No,199.0
U1893,Nov-2025,Basic,199.0,0.0,No,199.0
U2113,Nov-2025, PREMIUM,999.0,0.0,No,999.0
U1026,09/01/2025,Premium,999.0,0.0,0,999.0
U2467,Jan-2026,basic ,199.0,10.0,No,179.1
U2357,12/01/2025, Standard ,499.0,0.0,0,499.0
U1113,09/01/2025, PREMIUM,999.0,0.0,0,999.0
U1614,Aug-2025, Standard ,499.0,0.0,FALSE,499.0
U2345,10/01/2025, Standard ,499.0,10.0,FALSE,449.1
U1842,2025-12,basic ,199.0,0.0,1,0.0
U1739,11/01/2025,standard,499.0,0.0,False,499.0
U1840,11/01/2025,BASIC,199.0,20.0,False,159.2
U1566,2026-01,STANDARD,499.0,0.0,False,
U1859,11/01/2025,Standard,499.0,0.0,No,499.0
U1653,01/01/2026,standard,499.0,0.0,False,499.0
 U2410 ,2025-09,premium ,999.0,0.0,No,999.0
U2040,2026-01,basic ,199.0,0.0,No,199.0
U1014,2025-10, Standard ,499.0,0.0,False,499.0
U1954,2025-11,basic ,199.0,0.0,0,199.0
U1938,Nov-2025,Basic,199.0,0.0,FALSE,199.0
U1159,12/01/2025,Premium,999.0,0.0,False,999.0
U1008,Oct-2025, Standard ,499.0,0.0,No,499.0
U1940,01/01/2026,basic ,199.0,0.0,FALSE,199.0
U1475,2025-09,Basic,199.0,0.0,0,199.0
U2384,01/01/2026,premium ,999.0,0.0,FALSE,999.0
U1577,2025-11, Standard ,499.0,0.0,False,499.0
U1421,08/01/2025,Standard,499.0,0.0,No,499.0
U1212,2025-11,Standard,499.0,0.0,FALSE,499.0
 U1817 ,12/01/2025,Premium,999.0,0.0,0,999.0
U1134,Nov-2025, PREMIUM,999.0,0.0,FALSE,999.0
U1047,Dec-2025,Premium,999.0,10.0,No,899.1
U1842,Oct-2025,Basic,199.0,10.0,FALSE,179.1
U1703,09/01/2025, PREMIUM,999.0,0.0,False,999.0
U1979,Aug-2025, Standard ,499.0,0.0,0,499.0
U1257,2025-12,STANDARD,499.0,10.0,No,449.1
U1106,12/01/2025,standard,499.0,0.0,FALSE,499.0
 U2172 ,Jan-2026, PREMIUM,,0.0,False,999.0
U2155,2025-08,Standard,499.0,0.0,0,499.0
U1954,08/01/2025, Standard ,499.0,0.0,No,499.0
U2225,2025-08,Standard,499.0,0.0,False,499.0
U2480,Nov-2025,standard,499.0,0.0,0,-1.0
U2332,2025-10,standard,499.0,0.0,No,499.0
U1437,08/01/2025,Basic,199.0,0.0,No,199.0
U1945,Dec-2025,Standard,499.0,0.0,False,499.0
U1207,Jan-2026,Premium,999.0,0.0,No,999.0
U1779,08/01/2025, PREMIUM,999.0,0.0,0,
U1295,08/01/2025,standard,499.0,0.0,False,499.0
U2309,2026-01,BASIC,199.0,0.0,No,199.0
U1450,2025-12,BASIC,199.0,0.0,False,199.0
U1406,12/01/2025,STANDARD,499.0,10.0,0,449.1
U1944,2025-10, Standard ,499.0,0.0,No,499.0
U1236,2025-10,Basic,199.0,0.0,0,199.0
U1119,Jan-2026,Premium,999.0,0.0,FALSE,999.0
U1265,01/01/2026,BASIC,199.0,0.0,No,199.0
U2498,11/01/2025,basic ,199.0,0.0,0,199.0
U1486,2025-11,standard,499.0,0.0,0,499.0
U1669,11/01/2025,standard,499.0,0.0,FALSE,499.0
U1413,Oct-2025,Premium,999.0,0.0,0,999.0
U1552,11/01/2025,premium ,999.0,0.0,0,999.0
U1574,2025-09, PREMIUM,,0.0,0,999.0
U1625,10/01/2025,Basic,199.0,0.0,False,199.0
U1921,Dec-2025,basic ,199.0,0.0,False,-1.0
U2493,01/01/2026, Standard ,499.0,0.0,0,499.0
U2312,10/01/2025,BASIC,199.0,0.0,No,199.0
U2157,08/01/2025, PREMIUM,999.0,,0,999.0
U2121,10/01/2025,Basic,199.0,0.0,False,-1.0
U1306,2026-01,basic ,199.0,0.0,False,199.0
U1755,11/01/2025, Standard ,499.0,0.0,FALSE,499.0
U1459,2025-11,Premium,999.0,0.0,FALSE,999.0
U1248,2026-01,Standard,499.0,10.0,False,449.1
U1053,08/01/2025,BASIC,199.0,0.0,0,199.0
U1735,10/01/2025,STANDARD,499.0,0.0,FALSE,499.0
U1888,Jan-2026,Standard,499.0,0.0,FALSE,499.0
U1618,Oct-2025,BASIC,199.0,0.0,0,199.0
U1428,01/01/2026,basic ,199.0,0.0,0,199.0
 U2452 ,Jan-2026,Premium,999.0,0.0,FALSE,999.0
U2016,2025-09, PREMIUM,999.0,0.0,No,999.0
U1123,2025-12,basic ,199.0,0.0,False,199.0
U1766,Jan-2026,Standard,499.0,0.0,No,499.0
U1135,09/01/2025,STANDARD,499.0,0.0,0,499.0
U1261,2025-10,BASIC,199.0,0.0,No,199.0
U1517,2025-09,Standard,499.0,0.0,True,0.0
U1982,01/01/2026,premium ,999.0,0.0,No,999.0
U2134,09/01/2025,Basic,199.0,0.0,No,
U2204,09/01/2025,standard,499.0,0.0,No,499.0
U1550,10/01/2025, Standard ,499.0,0.0,True,0.0
U1820,11/01/2025,BASIC,199.0,0.0,FALSE,199.0
U2375,2025-11,Standard,499.0,20.0,TRUE,0.0
U1746,10/01/2025,Basic,199.0,0.0,No,199.0
 U2496 ,Sep-2025,Premium,999.0,0.0,False,999.0
U2061,Sep-2025,Premium,999.0,0.0,False,999.0
U2413,10/01/2025,standard,499.0,0.0,False,499.0
U2078,2025-11,BASIC,199.0,10.0,False,179.1
U1597,01/01/2026,standard,499.0,0.0,No,499.0
U2412,Jan-2026,STANDARD,499.0,0.0,FALSE,499.0
U1990,Oct-2025, Standard ,499.0,0.0,FALSE,499.0
U1759,2025-10,standard,499.0,20.0,FALSE,399.2
U1751,09/01/2025,basic ,199.0,0.0,No,199.0
U1150,2025-08,Basic,199.0,0.0,No,199.0
U1008,11/01/2025,Standard,499.0,0.0,False,499.0
U2023,2025-10,standard,499.0,0.0,FALSE,499.0
U1726,2025-11,STANDARD,499.0,0.0,0,499.0
U1675,2025-12,Standard,499.0,0.0,No,499.0
U1222,Dec-2025,BASIC,199.0,0.0,FALSE,199.0
U1542,Dec-2025,Premium,999.0,0.0,1,0.0
U1306,2025-09, Standard ,499.0,0.0,False,499.0
U1627,01/01/2026, Standard ,499.0,30.0,0,349.3
U1796,01/01/2026,Standard,499.0,0.0,FALSE,499.0
U1901,Oct-2025, PREMIUM,999.0,0.0,No,999.0
U2067,11/01/2025,standard,499.0,,0,499.0
U1195,Oct-2025,Basic,199.0,0.0,False,199.0
U1775,09/01/2025,premium ,999.0,0.0,0,999.0
U1361,2025-12,STANDARD,499.0,0.0,No,499.0
U2213,01/01/2026,BASIC,199.0,0.0,0,199.0
U2040,2025-12,Basic,199.0,0.0,0,199.0
U2002,Sep-2025,standard,499.0,30.0,0,349.3
U1575,2025-12,BASIC,199.0,30.0,No,139.3
U2078,Dec-2025,basic ,199.0,0.0,No,199.0
U1616,Aug-2025,BASIC,199.0,0.0,No,199.0
U1724,2025-08,Basic,199.0,0.0,No,199.0
U1663,2026-01,standard,499.0,0.0,TRUE,0.0
U1476,09/01/2025,standard,499.0,0.0,No,499.0
U1811,11/01/2025,standard,499.0,0.0,No,499.0
U2320,10/01/2025,BASIC,199.0,0.0,No,199.0
U2077,01/01/2026,Basic,199.0,20.0,False,159.2
U1225,2025-09, Standard ,499.0,0.0,No,499.0
U1378,Jan-2026, Standard ,499.0,20.0,Yes,0.0
U1839,2025-12,basic ,199.0,0.0,False,199.0
U2429,Aug-2025,Premium,999.0,,FALSE,999.0
U1468,2026-01,Basic,199.0,20.0,No,159.2
U1130,Dec-2025,Basic,199.0,20.0,False,159.2
U2224,2025-11,BASIC,199.0,0.0,No,199.0
U2171,2025-12,Premium,999.0,0.0,FALSE,999.0
U2432,Sep-2025,basic ,199.0,0.0,No,199.0
U2198,01/01/2026,basic ,199.0,0.0,FALSE,199.0
U1536,2025-09,Premium,999.0,0.0,0,999.0
U1236,Jan-2026,Basic,199.0,0.0,0,199.0
U1701,11/01/2025,BASIC,199.0,0.0,False,199.0
U1097,2025-08,standard,499.0,0.0,0,
U1907,2025-08,Basic,199.0,20.0,False,159.2
U2382,2025-09,standard,499.0,0.0,No,499.0
U1200,2026-01,Basic,199.0,0.0,No,199.0
U1671,01/01/2026,Basic,199.0,0.0,0,199.0
U1457,Aug-2025, Standard ,499.0,0.0,FALSE,499.0
U1797,Oct-2025,basic ,199.0,0.0,0,199.0
U1175,11/01/2025,Premium,999.0,20.0,False,799.2
U2099,2025-08,Standard,499.0,0.0,0,499.0
U2106,Aug-2025,Basic,199.0,20.0,False,159.2
U2028,2025-08,Premium,999.0,0.0,0,999.0
U1960,2026-01,Basic,199.0,0.0,No,199.0
U2170,2025-12,premium ,999.0,0.0,FALSE,999.0
U1235,12/01/2025,Premium,999.0,0.0,FALSE,999.0
U1021,Oct-2025,STANDARD,499.0,0.0,1,0.0
U2091,2025-08,premium ,999.0,0.0,0,999.0
U2247,09/01/2025,Basic,199.0,0.0,FALSE,199.0
U1641,Dec-2025,STANDARD,,0.0,No,-1.0
U1375,2025-11, PREMIUM,999.0,0.0,No,999.0
U1171,09/01/2025,Standard,499.0,0.0,No,499.0
U1306,2026-01,basic ,199.0,0.0,False,199.0
U1312,Nov-2025,Premium,999.0,0.0,No,999.0
U1072,2025-08,Basic,199.0,0.0,FALSE,199.0
U1319,01/01/2026,basic ,199.0,0.0,FALSE,199.0
U1159,2025-08,Premium,999.0,0.0,No,999.0
U1835,08/01/2025, Standard ,499.0,0.0,False,499.0
U1928,09/01/2025,BASIC,199.0,20.0,No,159.2
U1822,Jan-2026,basic ,199.0,0.0,FALSE,199.0
U1585,Oct-2025,Premium,999.0,0.0,FALSE,999.0
U1326,10/01/2025,standard,499.0,0.0,No,499.0
U1418,2025-08,basic ,199.0,0.0,False,199.0
U1078,Sep-2025,STANDARD,499.0,0.0,FALSE,499.0
U1281,08/01/2025,premium ,999.0,0.0,FALSE,999.0
U2024,2025-10, PREMIUM,999.0,0.0,FALSE,999.0
U1125,12/01/2025,standard,499.0,0.0,False,499.0
U2024,Dec-2025, PREMIUM,999.0,30.0,False,699.3
U1377,2025-11,standard,499.0,0.0,No,499.0
U2349,12/01/2025,standard,499.0,0.0,No,499.0
U2342,2025-08,Basic,199.0,0.0,FALSE,199.0
U1622,01/01/2026, PREMIUM,999.0,0.0,True,0.0
U1939,12/01/2025,BASIC,199.0,10.0,0,179.1
U2171,Sep-2025,Premium,999.0,0.0,0,999.0
U2185,Aug-2025,Premium,,10.0,False,899.1
U1849,Dec-2025,Basic,199.0,0.0,1,0.0
U1054,10/01/2025,basic ,199.0,0.0,FALSE,199.0
U2146,09/01/2025,Basic,199.0,30.0,False,139.3
U1877,Aug-2025,BASIC,199.0,0.0,No,199.0
U1787,Aug-2025,premium ,999.0,0.0,False,999.0
U1186,10/01/2025,basic ,,0.0,No,199.0
U1677,2026-01,Basic,199.0,0.0,FALSE,199.0
U1727,2026-01,Premium,999.0,20.0,False,
U1784,08/01/2025,Premium,999.0,0.0,False,999.0
U1366,01/01/2026,premium ,999.0,0.0,False,999.0
U2465,09/01/2025, Standard ,499.0,0.0,False,499.0
U2146,2026-01,Basic,199.0,0.0,False,199.0
U1896,2025-10,BASIC,199.0,0.0,False,199.0
U1368,Dec-2025,Basic,199.0,0.0,False,199.0
U2162,Jan-2026,STANDARD,499.0,0.0,False,499.0
U1682,10/01/2025, PREMIUM,999.0,30.0,FALSE,699.3
U1890,Sep-2025,Standard,499.0,0.0,No,
U1774,2025-08,Standard,499.0,0.0,False,499.0
U1489,2025-12,STANDARD,499.0,0.0,False,499.0
U2049,Jan-2026, PREMIUM,999.0,30.0,FALSE,699.3
U1431,11/01/2025,STANDARD,499.0,0.0,FALSE,499.0
U1703,01/01/2026,premium ,999.0,0.0,No,999.0
U1237,Jan-2026, PREMIUM,999.0,10.0,False,899.1
U1041,Aug-2025,Premium,999.0,0.0,0,999.0
U1059,Nov-2025,standard,499.0,0.0,No,499.0
U1446,08/01/2025,basic ,199.0,0.0,No,199.0
U1654,12/01/2025,basic ,199.0,0.0,No,199.0
U1418,Oct-2025,Basic,199.0,0.0,False,199.0
U2431,Oct-2025,Standard,499.0,0.0,False,499.0
U1445,08/01/2025,STANDARD,499.0,0.0,0,499.0
U2260,01/01/2026, PREMIUM,999.0,0.0,No,999.0
U1261,2026-01,basic ,199.0,0.0,No,199.0
U1040,Jan-2026,Basic,199.0,30.0,FALSE,139.3
U1830,11/01/2025,Basic,199.0,30.0,FALSE,139.3
U1114,2026-01,Basic,199.0,0.0,TRUE,0.0
U1424,12/01/2025, Standard ,499.0,0.0,0,499.0
U2327,Sep-2025, PREMIUM,999.0,0.0,FALSE,999.0
U1293,2025-10, PREMIUM,999.0,0.0,No,999.0
U1284,2025-09,BASIC,,0.0,0,199.0
U1846,2026-01,STANDARD,499.0,0.0,1,0.0
U1715,10/01/2025, PREMIUM,999.0,0.0,No,999.0
U1829,10/01/2025,basic ,199.0,30.0,FALSE,139.3
U1077,Nov-2025, Standard ,499.0,0.0,0,499.0
U1028,2025-12,basic ,199.0,0.0,No,199.0
U1985,Dec-2025,Basic,199.0,0.0,No,199.0
U1383,10/01/2025, Standard ,499.0,0.0,FALSE,499.0
U2030,2025-11, PREMIUM,999.0,0.0,No,999.0
U2259,08/01/2025,Standard,499.0,0.0,FALSE,
U1812,11/01/2025,Basic,199.0,0.0,False,199.0
U1441,2025-08,basic ,199.0,0.0,No,199.0
U1362,Oct-2025, Standard ,499.0,0.0,FALSE,499.0
U1325,Aug-2025,BASIC,199.0,0.0,False,199.0
U1073,10/01/2025,standard,499.0,0.0,No,499.0
U1589,09/01/2025,Premium,999.0,0.0,No,999.0
U1709,Jan-2026,standard,499.0,0.0,False,499.0
U2242,Dec-2025, Standard ,499.0,0.0,False,499.0
U2008,2025-11,basic ,199.0,10.0,FALSE,179.1
U1519,Aug-2025,STANDARD,,0.0,No,499.0
U2058,08/01/2025,STANDARD,499.0,0.0,No,499.0
U2311,Dec-2025,Premium,999.0,30.0,No,699.3
U1401,Dec-2025,Premium,999.0,0.0,False,999.0
U2277,2025-08,STANDARD,499.0,0.0,0,499.0
U2052,Sep-2025,Standard,499.0,0.0,FALSE,499.0
U2306,2025-09,standard,499.0,0.0,FALSE,499.0
U2121,2025-11,basic ,199.0,,FALSE,199.0
U2259,Oct-2025,Standard,499.0,0.0,FALSE,499.0
U2117,Jan-2026,BASIC,199.0,0.0,False,199.0
U1852,Sep-2025,Premium,999.0,0.0,False,999.0
U1382,01/01/2026,standard,499.0,0.0,False,499.0
U2055,Sep-2025, PREMIUM,999.0,0.0,No,999.0
U1270,Sep-2025,BASIC,199.0,0.0,No,199.0
U2208,01/01/2026, PREMIUM,999.0,0.0,0,999.0
U1116,11/01/2025,STANDARD,499.0,30.0,FALSE,349.3
U1053,Nov-2025,basic ,199.0,,False,199.0
U1624,08/01/2025,STANDARD,499.0,0.0,No,499.0
U1371,01/01/2026,Basic,199.0,0.0,No,199.0
U2495,Jan-2026,basic ,199.0,0.0,FALSE,199.0
U1172,Jan-2026,Standard,,20.0,0,399.2
U1594,2026-01,STANDARD,499.0,0.0,0,499.0
U1547,2025-11,STANDARD,499.0,10.0,False,449.1
U1994,2025-12,basic ,199.0,0.0,FALSE,199.0
U2350,2025-12,Standard,499.0,,No,499.0
U1285,2025-08,Basic,199.0,0.0,False,199.0
U1581,01/01/2026,BASIC,199.0,0.0,No,199.0
U2042,2025-11,basic ,199.0,,FALSE,199.0
U2195,2025-08,Basic,199.0,0.0,0,199.0
 U1037 ,2025-08,Standard,499.0,0.0,FALSE,499.0
U2228,11/01/2025,standard,499.0,0.0,False,499.0
U2141,2025-10,Premium,999.0,0.0,0,999.0
U1713,2025-08,Standard,499.0,0.0,0,499.0
U2453,01/01/2026,Basic,199.0,20.0,No,159.2
U1372,01/01/2026,Basic,199.0,0.0,0,199.0
U1723,Oct-2025,standard,499.0,0.0,0,499.0
U1356,10/01/2025,basic ,199.0,30.0,No,139.3
U1968,11/01/2025,basic ,199.0,30.0,No,139.3
U1882,2025-11,Premium,999.0,0.0,1,0.0
U2289,01/01/2026,BASIC,199.0,0.0,0,
U1837,Nov-2025,premium ,999.0,0.0,No,999.0
U1559,2025-12,Standard,499.0,0.0,FALSE,499.0
U1279,09/01/2025,Basic,199.0,0.0,False,199.0
U1374,Aug-2025, Standard ,499.0,0.0,False,499.0
U1334,11/01/2025,basic ,199.0,0.0,1,0.0
U2108,Oct-2025,standard,499.0,20.0,Yes,0.0
U2334,2026-01,BASIC,199.0,,FALSE,199.0
U1528,2025-12, PREMIUM,999.0,0.0,True,0.0
U1684,2025-12,STANDARD,499.0,0.0,False,499.0
U2455,12/01/2025,Basic,199.0,10.0,No,179.1
U1590,09/01/2025,BASIC,199.0,0.0,No,199.0
U2305,2025-09, Standard ,499.0,0.0,0,499.0
U1706,2025-09,BASIC,199.0,0.0,1,0.0
U1667,Jan-2026, PREMIUM,999.0,30.0,FALSE,699.3
U1555,Jan-2026,Basic,199.0,0.0,0,199.0
U2265,Sep-2025,BASIC,199.0,0.0,No,199.0
U1659,2025-09,Premium,999.0,0.0,FALSE,999.0
U1708,Nov-2025,Premium,999.0,0.0,No,999.0
U2039,Sep-2025,Premium,999.0,0.0,0,999.0
U1094,Sep-2025,Premium,999.0,0.0,FALSE,999.0
U2408,09/01/2025,Premium,999.0,20.0,False,799.2
U1515,Aug-2025,basic ,199.0,0.0,No,199.0
U2151,Dec-2025,standard,499.0,0.0,No,499.0
U1815,Dec-2025,Premium,999.0,0.0,False,999.0
U2239,2026-01,Standard,499.0,0.0,0,
U1602,2025-11,standard,499.0,0.0,FALSE,499.0
U1219,2025-10,Premium,999.0,10.0,FALSE,899.1
U2266,Oct-2025,Basic,199.0,0.0,No,199.0
U2085,11/01/2025, PREMIUM,999.0,20.0,FALSE,799.2
U2277,Oct-2025,standard,499.0,0.0,FALSE,499.0
U1557,09/01/2025,Basic,199.0,30.0,0,
U1702,2025-11,Basic,199.0,,No,199.0
U2382,2025-08, Standard ,499.0,0.0,No,499.0
U2346,Jan-2026,Basic,199.0,0.0,0,199.0
U1164,01/01/2026,Basic,199.0,0.0,TRUE,0.0
U1199,2025-11,BASIC,199.0,0.0,False,199.0
U2047,Dec-2025,basic ,199.0,0.0,0,199.0
U2378,11/01/2025,standard,499.0,30.0,No,349.3
U1359,09/01/2025,Basic,199.0,0.0,0,199.0
U1354,Dec-2025,Basic,199.0,30.0,False,139.3
U1967,2025-10,BASIC,199.0,0.0,FALSE,199.0
U2158,2025-09,basic ,199.0,0.0,FALSE,199.0
U1564,2025-09,Basic,199.0,0.0,No,199.0
U1477,12/01/2025,Basic,199.0,0.0,0,
U1259,09/01/2025,Basic,199.0,0.0,False,199.0
U2392,08/01/2025,premium ,999.0,30.0,False,699.3
U1998,Jan-2026,BASIC,199.0,0.0,0,199.0
U1573,Dec-2025,BASIC,199.0,20.0,FALSE,159.2
U1654,2026-01,basic ,199.0,0.0,False,199.0
U1392,2025-11,standard,499.0,20.0,0,399.2
U1294,11/01/2025,Basic,199.0,0.0,FALSE,199.0
U2478,Jan-2026,BASIC,199.0,20.0,False,-1.0
U2074,01/01/2026,Basic,199.0,0.0,FALSE,199.0
U1985,Oct-2025,basic ,199.0,0.0,0,199.0
U2264,08/01/2025,Standard,499.0,0.0,0,499.0
U1789,08/01/2025,STANDARD,499.0,0.0,FALSE,499.0
U1808,2025-11,Standard,499.0,0.0,FALSE,499.0
U2229,2025-09,basic ,199.0,0.0,FALSE,199.0
U1833,08/01/2025, Standard ,499.0,0.0,0,499.0
U2175,10/01/2025,Basic,199.0,0.0,1,0.0
U1823,Sep-2025,Basic,199.0,0.0,False,199.0
U1366,Dec-2025, PREMIUM,999.0,0.0,False,999.0
U2234,Jan-2026,Standard,499.0,0.0,False,499.0
U2393,Nov-2025, Standard ,499.0,0.0,No,499.0
U2037,2026-01,Standard,499.0,20.0,FALSE,399.2
U2007,2025-12, Standard ,499.0,0.0,0,499.0
U1291,11/01/2025,Basic,199.0,0.0,False,199.0
U1049,2025-12, Standard ,499.0,0.0,0,499.0
U2191,01/01/2026,standard,499.0,0.0,False,499.0
U1549,Oct-2025, PREMIUM,999.0,10.0,FALSE,899.1
U2222,11/01/2025,Basic,199.0,0.0,FALSE,199.0
U1459,2025-12,STANDARD,499.0,0.0,False,499.0
U1996,2025-09,Standard,499.0,0.0,FALSE,499.0
U1725,Aug-2025,Basic,199.0,30.0,FALSE,139.3
U2193,12/01/2025,premium ,999.0,0.0,False,999.0
U1927,2025-10, Standard ,499.0,10.0,FALSE,449.1
U2475,09/01/2025,basic ,199.0,0.0,FALSE,199.0
U1846,Oct-2025,standard,499.0,0.0,No,499.0
 U2142 ,2025-08,STANDARD,499.0,0.0,No,499.0
U2001,Nov-2025,standard,499.0,0.0,FALSE,499.0
U2235,Jan-2026,Premium,999.0,0.0,No,999.0
U1710,08/01/2025, Standard ,499.0,0.0,FALSE,499.0
U1153,2025-11,Standard,499.0,0.0,0,499.0
U1081,12/01/2025,Premium,999.0,0.0,FALSE,999.0
U1816,Nov-2025,Basic,199.0,0.0,FALSE,199.0
U2020,2025-09,Premium,999.0,0.0,FALSE,999.0
U1344,Aug-2025,standard,499.0,0.0,FALSE,499.0
U1878,Nov-2025, PREMIUM,999.0,0.0,No,999.0
U2326,Oct-2025,STANDARD,499.0,0.0,No,499.0
U1204,10/01/2025,Basic,199.0,0.0,0,199.0
U1030,2025-10,Basic,199.0,0.0,False,199.0
U1113,2025-12,Premium,999.0,0.0,FALSE,999.0
U2460,2025-12,STANDARD,499.0,0.0,False,499.0
U1444,Dec-2025,basic ,199.0,20.0,False,159.2
U2118,11/01/2025, Standard ,499.0,0.0,False,499.0
U1429,Sep-2025,BASIC,199.0,0.0,No,199.0
U1421,10/01/2025,STANDARD,499.0,0.0,No,499.0
U1963,2025-09,Basic,199.0,0.0,0,199.0
U1991,01/01/2026,premium ,999.0,0.0,1,0.0
U1056,Oct-2025,Premium,999.0,0.0,0,999.0
U1547,12/01/2025,STANDARD,499.0,0.0,False,499.0
U1754,2025-11,BASIC,199.0,0.0,0,199.0
U1343,08/01/2025, PREMIUM,999.0,0.0,FALSE,999.0
U1402,Jan-2026,STANDARD,499.0,20.0,No,399.2
U1039,11/01/2025, Standard ,499.0,,No,499.0
U1644,2026-01,Basic,,10.0,No,179.1
U2412,Nov-2025,Standard,499.0,0.0,0,499.0
U1166,2025-12, PREMIUM,999.0,0.0,FALSE,999.0
U2176,2025-12, PREMIUM,999.0,20.0,FALSE,799.2
U1046,12/01/2025,Premium,999.0,0.0,No,999.0
 U1924 ,2026-01,STANDARD,499.0,30.0,False,349.3
U1416,2025-12, PREMIUM,999.0,0.0,FALSE,999.0
 U2476 ,01/01/2026,Basic,199.0,0.0,0,199.0
U2278,Oct-2025,Basic,199.0,0.0,False,199.0
U2352,10/01/2025,Basic,199.0,0.0,FALSE,199.0
U1988,2025-11,basic ,199.0,0.0,0,199.0
U1709,2025-09,Premium,999.0,20.0,FALSE,799.2
U1627,2025-12,STANDARD,499.0,10.0,False,449.1
U1467,Dec-2025,standard,499.0,0.0,FALSE,499.0
U2363,01/01/2026, PREMIUM,999.0,0.0,0,999.0
 U1899 ,2025-09,Standard,499.0,0.0,0,499.0
U1966,09/01/2025,Premium,999.0,0.0,FALSE,999.0
U2021,Aug-2025,Premium,999.0,0.0,FALSE,999.0
U1941,2026-01,STANDARD,499.0,0.0,0,499.0
U1539,10/01/2025,premium ,999.0,0.0,FALSE,999.0
U2463,Jan-2026,standard,499.0,0.0,No,499.0
U2453,Oct-2025,basic ,199.0,10.0,0,179.1
U1943,Oct-2025,Basic,199.0,0.0,False,
U1260,2025-12,Basic,199.0,0.0,FALSE,199.0
U1452,09/01/2025,standard,499.0,0.0,0,499.0
U1774,2025-11, Standard ,499.0,0.0,No,499.0
U1320,Oct-2025,Basic,199.0,20.0,1,0.0
U1082,2025-11, Standard ,499.0,,FALSE,499.0
U2420,2026-01,BASIC,199.0,0.0,False,199.0
U1515,2025-09,Basic,199.0,20.0,No,159.2
U2263,Jan-2026,Basic,199.0,10.0,False,179.1
U1798,10/01/2025,Standard,499.0,0.0,FALSE,499.0
U1123,Jan-2026,Basic,199.0,0.0,No,199.0
U1468,Dec-2025,BASIC,,0.0,False,
U1908,08/01/2025,Premium,999.0,0.0,False,999.0
 U1837 ,08/01/2025,Premium,999.0,0.0,False,999.0
U1062,2025-10,standard,499.0,0.0,0,499.0
U1548,2025-10,Basic,199.0,10.0,True,0.0
U1242,10/01/2025,standard,499.0,0.0,0,499.0
U2270,2025-12, Standard ,499.0,10.0,FALSE,449.1
U1931,Sep-2025,Basic,199.0,0.0,0,199.0
U1189,11/01/2025,Standard,499.0,0.0,No,499.0
U1004,2025-12,Basic,199.0,20.0,No,159.2
U1682,2025-08, PREMIUM,999.0,0.0,FALSE,999.0
U1899,2026-01, Standard ,499.0,10.0,0,449.1
U2031,08/01/2025,Premium,999.0,0.0,No,-1.0
U1236,2025-11,basic ,199.0,,0,199.0
U1959,Nov-2025,Standard,499.0,0.0,False,499.0
U1016,01/01/2026,basic ,199.0,0.0,FALSE,
U1699,Aug-2025,standard,499.0,0.0,FALSE,499.0
U2248,Nov-2025,basic ,199.0,0.0,FALSE,199.0
U1920,2025-09,standard,499.0,0.0,No,499.0
U1100,08/01/2025,premium ,999.0,0.0,False,999.0
U2352,2026-01,Basic,199.0,0.0,No,199.0
U2059,10/01/2025,standard,499.0,0.0,FALSE,499.0
U1145,2025-09,STANDARD,499.0,0.0,No,499.0
U1407,2025-09, Standard ,499.0,30.0,False,349.3
U1626,09/01/2025,Premium,999.0,0.0,FALSE,999.0
U1302,2025-09,basic ,199.0,0.0,No,199.0
U1390,2025-09,Basic,199.0,0.0,No,199.0
U1591,01/01/2026,Premium,999.0,0.0,No,999.0
U2260,2025-11,Premium,999.0,0.0,FALSE,999.0
U1819,09/01/2025,BASIC,199.0,0.0,No,199.0
U2001,2025-10,standard,499.0,0.0,No,499.0
U1647,Dec-2025,standard,499.0,0.0,No,499.0
U2422,09/01/2025,Basic,199.0,0.0,False,199.0
U1403,10/01/2025,Basic,199.0,0.0,FALSE,199.0
U1637,11/01/2025,premium ,999.0,0.0,False,999.0
U1474,Nov-2025,basic ,199.0,20.0,False,159.2
U2222,2025-08,STANDARD,499.0,0.0,0,499.0
U1488,Aug-2025,STANDARD,499.0,0.0,No,
U1520,12/01/2025,BASIC,199.0,30.0,False,139.3
U1118,Dec-2025,STANDARD,499.0,0.0,No,499.0
U1895,11/01/2025, Standard ,499.0,0.0,No,499.0
U2483,12/01/2025,BASIC,199.0,0.0,0,199.0
U1640,01/01/2026,Basic,199.0,0.0,No,199.0
U1403,2025-09,basic ,199.0,,False,199.0
U1923,11/01/2025,Basic,199.0,0.0,False,199.0
U1488,01/01/2026,STANDARD,499.0,0.0,0,499.0
U1303,12/01/2025,Standard,499.0,0.0,False,499.0
U1770,2025-08,standard,499.0,0.0,False,499.0
U2397,Jan-2026,basic ,199.0,30.0,No,139.3
U2002,2025-10,standard,499.0,0.0,False,499.0
U2252,Aug-2025,standard,499.0,0.0,No,499.0
U2479,01/01/2026,BASIC,199.0,30.0,FALSE,139.3
U2185,Dec-2025,Premium,999.0,0.0,0,
U1016,Nov-2025,BASIC,199.0,20.0,FALSE,159.2
U2151,01/01/2026,STANDARD,499.0,0.0,0,499.0
U1678,Dec-2025,Premium,999.0,10.0,0,899.1
U1128,01/01/2026,Basic,199.0,0.0,False,199.0
U2110,2026-01,Basic,199.0,0.0,FALSE,199.0
U2271,2025-12,standard,499.0,0.0,0,499.0
U1036,2025-09,Basic,199.0,30.0,False,139.3
U1022,Sep-2025, Standard ,499.0,20.0,No,399.2
U1193,2025-12,Basic,199.0,0.0,No,199.0
U1990,01/01/2026,standard,499.0,0.0,0,499.0
U1902,Oct-2025,BASIC,,0.0,False,199.0
U1424,Sep-2025,Standard,499.0,0.0,FALSE,499.0
U1687,10/01/2025, PREMIUM,999.0,0.0,No,999.0
U1880,09/01/2025,Premium,999.0,0.0,FALSE,999.0
U1270,Nov-2025,Basic,199.0,0.0,True,0.0
U1945,08/01/2025,Premium,999.0,0.0,0,999.0
U2056,01/01/2026,STANDARD,499.0,0.0,0,-1.0
 U1671 ,Nov-2025,Basic,199.0,0.0,No,199.0
U1708,Dec-2025,Premium,999.0,0.0,FALSE,999.0
U1285,2025-10,Basic,199.0,10.0,False,179.1
U2207,2025-10,Standard,499.0,0.0,FALSE,499.0
U1997,Aug-2025,Standard,499.0,0.0,No,499.0
U1405,2025-11,premium ,999.0,,No,999.0
U1800,09/01/2025,Premium,999.0,0.0,0,999.0
U2165,01/01/2026,Premium,999.0,0.0,0,999.0
U1362,Jan-2026,standard,499.0,0.0,FALSE,499.0
 U2123 ,10/01/2025, Standard ,499.0,0.0,False,499.0
U1499,Oct-2025,Premium,999.0,0.0,No,999.0
U1160,10/01/2025,standard,499.0,0.0,0,499.0
U1050,10/01/2025,STANDARD,499.0,20.0,FALSE,399.2
U1421,Sep-2025, Standard ,499.0,0.0,FALSE,499.0
U1619,2025-09,premium ,999.0,30.0,0,699.3
U1061,Jan-2026,basic ,199.0,0.0,False,199.0
U1309,10/01/2025,basic ,199.0,30.0,No,139.3
U1940,Dec-2025,Basic,199.0,0.0,False,199.0
U1011,Sep-2025, Standard ,499.0,0.0,FALSE,499.0
U1737,Oct-2025,premium ,999.0,30.0,No,699.3
U2410,2025-10,premium ,999.0,0.0,FALSE,999.0
U1465,2025-09, PREMIUM,999.0,0.0,False,999.0
U1483,2025-08,Basic,199.0,0.0,False,199.0
U2211,2025-12, Standard ,499.0,30.0,False,349.3
U2147,Sep-2025,Standard,499.0,0.0,No,499.0
U2075,12/01/2025,Basic,199.0,0.0,FALSE,199.0
U1746,08/01/2025,BASIC,199.0,0.0,False,199.0
U1408,12/01/2025,Standard,499.0,30.0,No,349.3
U1985,Jan-2026,Basic,199.0,0.0,FALSE,199.0
U1072,2025-10,Basic,199.0,0.0,False,199.0
U1441,Nov-2025,Basic,199.0,30.0,False,139.3
U1316,11/01/2025, Standard ,499.0,0.0,0,499.0
U1598,12/01/2025,Standard,499.0,10.0,0,449.1
U1125,2025-09,standard,499.0,20.0,No,399.2
U1693,Aug-2025,basic ,199.0,20.0,FALSE,159.2
U1705,12/01/2025,STANDARD,499.0,0.0,No,499.0
U2264,Jan-2026,Basic,199.0,0.0,No,199.0
U1579,11/01/2025,basic ,199.0,0.0,False,199.0
U1473,2025-08,Premium,999.0,0.0,0,999.0
U1777,Nov-2025,Basic,199.0,0.0,False,199.0
U1471,11/01/2025,Standard,499.0,0.0,No,499.0
U1581,08/01/2025,BASIC,199.0,0.0,No,199.0
U2302,2026-01,basic ,199.0,0.0,False,199.0
U1791,Jan-2026,Basic,199.0,0.0,No,199.0
U1300,11/01/2025,basic ,199.0,0.0,0,
U1675,Sep-2025,STANDARD,499.0,0.0,FALSE,499.0
U1074,Dec-2025,Standard,499.0,0.0,FALSE,499.0
U2353,Dec-2025,BASIC,199.0,0.0,False,199.0
U1001,2025-08,Premium,999.0,10.0,0,899.1
U2021,12/01/2025,Standard,499.0,0.0,No,499.0
U2061,08/01/2025,Premium,999.0,0.0,False,999.0
U1150,10/01/2025,Basic,199.0,0.0,No,199.0
U1832,12/01/2025, Standard ,499.0,30.0,No,349.3
U1011,2025-11, Standard ,499.0,0.0,0,499.0
U2002,2025-08, Standard ,499.0,0.0,No,499.0
U1784,Nov-2025,Premium,999.0,0.0,No,999.0
U2015,08/01/2025,Premium,999.0,0.0,No,999.0
U2086,Oct-2025,standard,499.0,0.0,0,499.0
U1453,2026-01,BASIC,199.0,0.0,No,199.0
U2192,Aug-2025, PREMIUM,999.0,,False,999.0
U1896,Dec-2025,basic ,199.0,20.0,FALSE,159.2
U2473,08/01/2025,Basic,199.0,0.0,0,199.0
U1801,Nov-2025,premium ,999.0,0.0,False,999.0
U2430,Aug-2025,Basic,199.0,0.0,0,199.0
U1880,Jan-2026, Standard ,499.0,0.0,No,499.0
U1410,2025-12,Basic,199.0,0.0,0,199.0
U1429,12/01/2025,basic ,199.0,,False,199.0
U2481,12/01/2025, Standard ,499.0,0.0,0,499.0
U1062,Nov-2025, Standard ,499.0,0.0,FALSE,499.0
U2470,2025-09,Basic,199.0,0.0,0,199.0
U1666,2026-01,Basic,199.0,30.0,FALSE,139.3
U1759,Dec-2025,STANDARD,499.0,0.0,0,499.0
U1259,12/01/2025,Basic,199.0,0.0,No,199.0
U2140,2025-10,BASIC,199.0,0.0,False,199.0
U1297,2025-12, PREMIUM,999.0,0.0,0,999.0
U1697,Nov-2025,BASIC,199.0,0.0,No,199.0
U1166,Nov-2025,Premium,999.0,0.0,0,999.0
U1994,Nov-2025,Basic,199.0,0.0,FALSE,199.0
U1906,2025-09,Standard,499.0,0.0,FALSE,499.0
U1787,2026-01, Standard ,499.0,0.0,No,499.0
U2361,2025-11,BASIC,199.0,0.0,No,199.0
U2038,2025-09,standard,499.0,0.0,No,499.0
U2317,2025-11,Basic,199.0,0.0,FALSE,199.0
U1796,11/01/2025, Standard ,499.0,0.0,FALSE,499.0
U1294,01/01/2026,Basic,199.0,0.0,0,199.0
U2118,Dec-2025, Standard ,,0.0,False,499.0
U1316,08/01/2025, Standard ,499.0,0.0,0,499.0
U1908,Nov-2025, PREMIUM,999.0,0.0,No,999.0
U1528,08/01/2025,premium ,999.0,0.0,No,999.0
U2024,Nov-2025,premium ,999.0,0.0,0,999.0
U1307,Aug-2025,basic ,199.0,0.0,0,199.0
U2371,10/01/2025,standard,499.0,30.0,No,349.3
U1385,10/01/2025,Premium,999.0,0.0,0,999.0
U1013,2025-08,premium ,999.0,0.0,No,999.0
U1201,2026-01,basic ,199.0,20.0,0,159.2
 U1598 ,Nov-2025,Premium,999.0,0.0,No,999.0
U2214,Jan-2026,Basic,199.0,0.0,0,199.0
U1537,10/01/2025,standard,499.0,0.0,No,
U1668,09/01/2025, Standard ,499.0,0.0,No,499.0
U2279,2025-11,STANDARD,499.0,0.0,FALSE,499.0
U2490,09/01/2025,Basic,199.0,0.0,0,199.0
U1108,10/01/2025,STANDARD,499.0,0.0,FALSE,499.0
U1310,10/01/2025,Basic,199.0,20.0,FALSE,159.2
U1003,Aug-2025,Premium,999.0,0.0,False,999.0
U2298,Jan-2026,standard,499.0,0.0,FALSE,499.0
U1768,10/01/2025,Premium,999.0,0.0,False,999.0
U1181,2025-11,Standard,499.0,10.0,TRUE,0.0
U1617,2025-11,Standard,499.0,0.0,FALSE,499.0
U2396,12/01/2025,BASIC,199.0,10.0,False,179.1
U1604,2025-08,standard,499.0,0.0,False,499.0
U1227,Aug-2025,basic ,199.0,0.0,False,199.0
U1512,08/01/2025,basic ,199.0,0.0,No,199.0
U1564,Jan-2026,Basic,199.0,20.0,0,
U1597,Aug-2025,Premium,999.0,10.0,0,899.1
U1893,Dec-2025,Basic,199.0,0.0,No,199.0
U1668,Aug-2025,STANDARD,499.0,0.0,FALSE,499.0
U1689,Oct-2025,Basic,199.0,0.0,0,199.0
U1057,2025-11,BASIC,199.0,0.0,0,199.0
U1428,08/01/2025,basic ,199.0,0.0,No,199.0
U2189,2025-11,standard,499.0,0.0,No,499.0
U1374,01/01/2026, Standard ,499.0,20.0,FALSE,399.2
U2089,2025-09,Premium,999.0,0.0,False,999.0
U2187,08/01/2025,BASIC,199.0,0.0,0,199.0
U2338,Sep-2025,BASIC,199.0,0.0,No,199.0
U2324,Sep-2025,Basic,199.0,0.0,False,199.0
U1130,01/01/2026,BASIC,199.0,20.0,False,159.2
U1592,09/01/2025,Premium,999.0,0.0,No,999.0
U2036,Jan-2026,STANDARD,499.0,0.0,FALSE,499.0
U1087,Nov-2025,STANDARD,499.0,0.0,False,
U1138,2026-01,basic ,,30.0,No,139.3
U1498,2025-12,standard,499.0,0.0,No,499.0
U1529,01/01/2026,standard,499.0,30.0,0,349.3
U1698,Nov-2025,standard,499.0,30.0,No,349.3
U1615,Sep-2025,standard,499.0,0.0,FALSE,499.0
U2440,09/01/2025,Premium,999.0,0.0,FALSE,999.0
 U1604 ,Dec-2025,Basic,199.0,0.0,False,199.0
U2386,08/01/2025,BASIC,199.0,0.0,No,199.0
U1075,2025-09,Standard,499.0,0.0,No,499.0
U2365,12/01/2025,Premium,999.0,0.0,0,999.0
U1465,01/01/2026,Premium,999.0,0.0,No,999.0
U1176,2026-01,standard,499.0,20.0,False,399.2
U1160,2025-09,STANDARD,499.0,0.0,No,499.0
U1792,2025-11,Basic,199.0,0.0,0,199.0
U1356,Aug-2025,BASIC,199.0,0.0,0,199.0
U2346,09/01/2025,BASIC,199.0,0.0,FALSE,199.0
U1125,2025-11,standard,499.0,20.0,No,399.2
U1915,2025-12,STANDARD,499.0,0.0,No,499.0
U1546,09/01/2025,Basic,199.0,0.0,No,199.0
U1861,11/01/2025,Basic,199.0,0.0,No,199.0
U1375,2026-01,STANDARD,499.0,0.0,FALSE,499.0
U2096,Dec-2025,BASIC,199.0,0.0,FALSE,199.0
U1673,11/01/2025,standard,499.0,0.0,FALSE,499.0
U1844,Jan-2026,basic ,199.0,10.0,FALSE,179.1
U1388,01/01/2026,BASIC,199.0,20.0,False,159.2
U1943,2025-12,basic ,199.0,0.0,False,199.0
U1508,08/01/2025,Premium,999.0,0.0,No,999.0
U2067,Sep-2025,Standard,499.0,0.0,FALSE,499.0
U2409,Sep-2025,STANDARD,499.0,,0,499.0
U1367,2025-09,Basic,,0.0,False,199.0
U1609,11/01/2025, Standard ,499.0,0.0,No,499.0
U1744,2026-01, PREMIUM,999.0,30.0,FALSE,699.3
U2333,2025-10,standard,499.0,0.0,No,499.0
U1091,Nov-2025,Standard,499.0,0.0,FALSE,499.0
U1382,12/01/2025,STANDARD,499.0,0.0,FALSE,499.0
U1233,10/01/2025,standard,499.0,0.0,0,499.0
U1312,Sep-2025,Premium,999.0,0.0,No,999.0
U2109,Nov-2025,standard,499.0,0.0,1,0.0
U2396,2025-10,basic ,199.0,0.0,False,199.0
U2039,Nov-2025,Premium,999.0,0.0,FALSE,999.0
U1117,Aug-2025,standard,,0.0,No,499.0
U1342,09/01/2025,Premium,999.0,0.0,No,999.0
U1369,Dec-2025,basic ,199.0,0.0,0,199.0
U1961,Nov-2025,standard,499.0,0.0,No,499.0
U2351,2026-01,STANDARD,499.0,20.0,No,399.2
U1635,11/01/2025,Premium,999.0,0.0,0,999.0
U1558,Aug-2025,basic ,199.0,0.0,No,199.0
U2363,Sep-2025,Premium,999.0,0.0,No,999.0
U2212,09/01/2025,BASIC,199.0,0.0,False,199.0
U1337,2025-10,BASIC,199.0,0.0,0,199.0
U1659,2026-01,Standard,499.0,0.0,No,499.0
U1610,08/01/2025,STANDARD,499.0,30.0,No,349.3
U1819,11/01/2025,BASIC,199.0,0.0,0,199.0
U2330,2025-10,BASIC,199.0,0.0,False,199.0
U1865,01/01/2026,basic ,199.0,10.0,No,179.1
U1438,2025-10,STANDARD,,0.0,FALSE,499.0
U2010,2025-09,Standard,499.0,0.0,0,499.0
U1032,2026-01,Basic,199.0,0.0,False,199.0
U1402,Sep-2025,STANDARD,499.0,0.0,0,499.0
U2398,Jan-2026, PREMIUM,999.0,0.0,No,999.0
U2242,09/01/2025,Standard,499.0,0.0,False,499.0
U1063,Dec-2025,Standard,499.0,0.0,0,499.0
U1661,Jan-2026,Basic,199.0,0.0,False,199.0
U2393,10/01/2025, Standard ,499.0,30.0,FALSE,349.3
 U1136 ,01/01/2026,Premium,999.0,0.0,True,0.0
U1382,Sep-2025, Standard ,499.0,0.0,No,499.0
U1204,2025-12,Basic,199.0,0.0,False,199.0
U2257,Nov-2025, Standard ,499.0,0.0,FALSE,
U1364,2026-01,Standard,499.0,0.0,Yes,0.0
U1861,2025-08,standard,499.0,0.0,0,499.0
U2026,Nov-2025,Premium,999.0,0.0,0,999.0
U2407,Sep-2025,STANDARD,499.0,0.0,No,499.0
U1641,Oct-2025,STANDARD,499.0,0.0,No,499.0
U1703,2025-08,premium ,999.0,0.0,FALSE,999.0
U2004,2025-08,STANDARD,,0.0,FALSE,499.0
U1927,2025-08, Standard ,499.0,20.0,No,399.2
U1258,Oct-2025,Premium,999.0,0.0,FALSE,999.0
U1494,Dec-2025, Standard ,499.0,0.0,1,
U1156,08/01/2025, Standard ,499.0,0.0,FALSE,499.0
U2056,10/01/2025,standard,499.0,0.0,No,499.0
U2213,Sep-2025,Standard,499.0,0.0,0,
U2046,09/01/2025,Premium,999.0,0.0,0,999.0
U1264,Jan-2026,basic ,199.0,0.0,False,199.0
U1750,08/01/2025, Standard ,499.0,10.0,No,449.1
U1577,2026-01, Standard ,499.0,10.0,FALSE,449.1
U1477,Sep-2025,basic ,199.0,,FALSE,199.0
U1930,Dec-2025,Standard,499.0,0.0,0,499.0
U1517,Nov-2025, Standard ,499.0,,False,499.0
U1941,2025-12, Standard ,499.0,0.0,False,499.0
U1256,09/01/2025,premium ,999.0,0.0,False,999.0
U2112,Oct-2025, Standard ,499.0,0.0,False,499.0
U1171,08/01/2025,STANDARD,499.0,0.0,False,499.0
U2037,08/01/2025,Standard,499.0,0.0,False,499.0
U2286,Nov-2025,Basic,199.0,0.0,False,199.0
U1179,11/01/2025,basic ,199.0,0.0,No,199.0
U1384,Oct-2025, Standard ,499.0,,0,499.0
U1163,10/01/2025,BASIC,199.0,0.0,FALSE,199.0
U2499,10/01/2025,Basic,199.0,0.0,0,199.0
U1714,2025-10, Standard ,499.0,0.0,No,499.0
U1337,Aug-2025,BASIC,199.0,0.0,FALSE,199.0
U2448,08/01/2025,STANDARD,499.0,0.0,False,499.0
U2207,12/01/2025,Standard,499.0,30.0,False,349.3
U2253,Oct-2025,BASIC,199.0,0.0,0,199.0
U1195,Sep-2025,Basic,199.0,0.0,0,
U2282,2026-01,Basic,199.0,20.0,0,159.2
U1661,Oct-2025,Standard,499.0,0.0,True,0.0
U1981,2025-12,BASIC,199.0,20.0,FALSE,159.2
U1046,Oct-2025,Premium,999.0,0.0,0,999.0
U1591,2025-12,premium ,999.0,0.0,No,999.0
U2411,Jan-2026, PREMIUM,999.0,0.0,No,999.0
U2065,Nov-2025,Premium,999.0,0.0,No,999.0
U2284,Oct-2025,Basic,199.0,0.0,No,199.0
U1754,Aug-2025,Basic,199.0,0.0,No,199.0
U2478,Oct-2025,basic ,199.0,0.0,FALSE,199.0
 U1740 ,12/01/2025,STANDARD,499.0,0.0,0,499.0
U1184,01/01/2026,standard,499.0,0.0,FALSE,499.0
U1083,08/01/2025,BASIC,199.0,0.0,No,199.0
U1260,11/01/2025,BASIC,199.0,0.0,FALSE,199.0
U1819,2025-12,BASIC,199.0,0.0,0,199.0
U1602,2025-10, Standard ,499.0,0.0,0,499.0
U2244,2025-09,Premium,999.0,0.0,False,999.0
U2119,Dec-2025,Basic,199.0,0.0,False,199.0
U2092,09/01/2025,Basic,199.0,0.0,FALSE,199.0
U2125,2025-10,standard,499.0,0.0,FALSE,499.0
U1950,08/01/2025,Basic,199.0,0.0,False,199.0
U1577,10/01/2025,standard,499.0,0.0,No,499.0
U1850,2025-12,Basic,199.0,20.0,1,0.0
U1112,11/01/2025,Basic,199.0,0.0,FALSE,199.0
U1362,08/01/2025,standard,499.0,0.0,FALSE,499.0
U1689,Aug-2025,basic ,199.0,0.0,FALSE,199.0
U1075,12/01/2025,Standard,499.0,0.0,False,499.0
U1128,11/01/2025,Basic,199.0,0.0,FALSE,199.0
U2318,12/01/2025,Basic,199.0,0.0,FALSE,199.0
 U1657 ,Nov-2025,Standard,499.0,10.0,No,449.1
U1331,10/01/2025,Premium,999.0,0.0,No,999.0
U1958,Dec-2025,standard,499.0,0.0,No,499.0
U2123,Jan-2026,BASIC,199.0,0.0,False,199.0
U2006,01/01/2026, Standard ,499.0,20.0,0,399.2
U1333,2025-12,premium ,999.0,0.0,No,999.0
U1767,2025-11, Standard ,499.0,0.0,Yes,0.0
U1803,2025-10,Basic,199.0,0.0,No,199.0
U2355,2025-12,premium ,999.0,0.0,No,999.0
U1124,2025-09, Standard ,499.0,0.0,Yes,0.0
U2256,09/01/2025,basic ,199.0,0.0,No,199.0
U2275,2026-01,STANDARD,499.0,0.0,Yes,0.0
U2157,10/01/2025,premium ,999.0,0.0,FALSE,999.0
U1951,08/01/2025,Basic,199.0,0.0,No,199.0
 U1796 ,12/01/2025,STANDARD,499.0,0.0,FALSE,499.0
U1217,Oct-2025,basic ,199.0,0.0,FALSE,199.0
U2465,01/01/2026,Standard,499.0,0.0,False,499.0
U2308,Oct-2025,standard,499.0,0.0,0,499.0
U1134,12/01/2025,Premium,999.0,0.0,FALSE,999.0
U1141,08/01/2025,basic ,199.0,20.0,False,159.2
U1174,12/01/2025,BASIC,199.0,0.0,0,199.0
U1405,Aug-2025,Premium,999.0,0.0,No,999.0
U1425,2025-12,premium ,999.0,0.0,False,999.0
U2148,Oct-2025, PREMIUM,999.0,10.0,0,899.1
U2166,12/01/2025, Standard ,499.0,0.0,Yes,0.0
U1970,08/01/2025, PREMIUM,999.0,0.0,0,999.0
U1943,Aug-2025,BASIC,199.0,0.0,FALSE,199.0
U1725,2026-01,BASIC,199.0,0.0,FALSE,199.0
U2461,10/01/2025,BASIC,199.0,0.0,FALSE,
 U1830 ,10/01/2025,basic ,199.0,0.0,False,199.0
U1213,10/01/2025,Standard,499.0,0.0,FALSE,499.0
U1491,2025-09, PREMIUM,999.0,0.0,True,0.0
U1736,2026-01,Standard,499.0,0.0,False,499.0
U2179,08/01/2025, Standard ,499.0,0.0,0,499.0
U1542,Oct-2025,Premium,999.0,20.0,No,799.2
U1169,Oct-2025, PREMIUM,999.0,0.0,FALSE,999.0
U1145,2025-12,standard,499.0,0.0,0,499.0
U1439,09/01/2025,Basic,199.0,10.0,FALSE,179.1
U2004,2025-09,STANDARD,499.0,20.0,No,399.2
U1087,2026-01,Standard,499.0,0.0,0,499.0
U1066,08/01/2025,Premium,999.0,0.0,0,999.0
U2405,2025-12,STANDARD,499.0,0.0,False,499.0
U1398,2025-08,standard,499.0,0.0,FALSE,499.0
U1977,2025-12,Basic,199.0,0.0,0,199.0
U1006,2025-12,Basic,199.0,30.0,No,139.3
U2034,12/01/2025, PREMIUM,999.0,0.0,0,999.0
U1631,2025-12, Standard ,499.0,10.0,FALSE,449.1
U1766,Aug-2025, Standard ,499.0,0.0,False,499.0
U2375,2026-01, Standard ,499.0,0.0,0,499.0
U2205,Dec-2025,Basic,199.0,0.0,0,199.0
U2344,2025-09,Basic,199.0,20.0,No,159.2
U1188,01/01/2026, PREMIUM,999.0,0.0,0,999.0
U2194,2025-12,Basic,199.0,0.0,False,199.0
U1784,09/01/2025,Premium,,0.0,No,999.0
U1731,2025-08, Standard ,499.0,0.0,No,499.0
U2399,2025-09, PREMIUM,999.0,0.0,FALSE,999.0
U1268,Jan-2026,STANDARD,499.0,0.0,0,499.0
U1870,11/01/2025,STANDARD,499.0,0.0,FALSE,499.0
U1603,Nov-2025,BASIC,199.0,0.0,True,0.0
U1956,2025-11,Premium,999.0,0.0,No,999.0
U1484,Dec-2025,Basic,,0.0,False,199.0
U1540,2025-12,BASIC,199.0,0.0,1,0.0
U1980,12/01/2025,Premium,999.0,0.0,0,999.0
U1824,01/01/2026,Basic,,0.0,FALSE,199.0
U1510,2025-09,Premium,999.0,0.0,False,999.0
U1749,11/01/2025,Standard,499.0,0.0,FALSE,499.0
U2361,2025-09,Basic,199.0,0.0,False,199.0
U2074,11/01/2025,basic ,199.0,0.0,No,199.0
U1846,Sep-2025, Standard ,499.0,0.0,False,499.0
U1061,2025-08,Standard,499.0,0.0,No,499.0
U2150,11/01/2025,Premium,999.0,0.0,FALSE,999.0
U1990,2025-11, Standard ,499.0,0.0,False,499.0
U1112,2025-12,BASIC,199.0,0.0,0,199.0
U1839,2025-09,BASIC,199.0,30.0,False,139.3
U1082,09/01/2025,STANDARD,499.0,20.0,FALSE,399.2
U1957,Nov-2025, Standard ,499.0,0.0,0,499.0
U1183,Dec-2025,Premium,999.0,0.0,False,999.0
U1534,2025-09,standard,499.0,,No,499.0
U1207,2025-09, PREMIUM,999.0,0.0,0,999.0
U1552,12/01/2025,Premium,999.0,0.0,0,999.0
U2163,09/01/2025,Basic,199.0,0.0,False,199.0
U1517,Aug-2025,Premium,999.0,0.0,0,999.0
U2400,Sep-2025,Standard,499.0,30.0,False,349.3
U1565,Aug-2025,BASIC,199.0,0.0,FALSE,199.0
U1669,Jan-2026,STANDARD,499.0,0.0,False,499.0
U2358,2026-01,Basic,199.0,0.0,0,199.0
U1065,2025-09,basic ,199.0,0.0,False,199.0
U1529,Sep-2025, PREMIUM,999.0,0.0,No,999.0
U2016,2025-12,premium ,999.0,10.0,FALSE,899.1
U2141,2025-11,premium ,999.0,0.0,No,999.0
U1365,Nov-2025, Standard ,499.0,0.0,0,499.0
U1119,Aug-2025,premium ,999.0,10.0,0,899.1
U1628,12/01/2025,STANDARD,499.0,0.0,FALSE,-1.0
U1477,2025-10,Basic,199.0,0.0,No,
U2013,2025-12,premium ,999.0,0.0,False,999.0
U1416,2025-09,Premium,999.0,0.0,False,999.0
U1154,01/01/2026,Premium,999.0,20.0,0,799.2
U2128,01/01/2026,Standard,499.0,0.0,FALSE,-1.0
U2143,08/01/2025,Standard,499.0,0.0,FALSE,499.0
U1040,09/01/2025,Basic,199.0,0.0,No,199.0
U2478,Nov-2025,Basic,199.0,30.0,FALSE,139.3
U1652,2026-01,Basic,199.0,0.0,FALSE,199.0
U1768,2025-08,Premium,999.0,0.0,0,999.0
U2426,Oct-2025,Standard,499.0,0.0,0,499.0
U2017,01/01/2026,Standard,499.0,0.0,FALSE,499.0
U1643,2025-11,Premium,999.0,0.0,False,999.0
U1216,11/01/2025,basic ,199.0,30.0,False,139.3
U1472,2025-10,standard,499.0,0.0,FALSE,499.0
U1886,2025-10,Premium,999.0,0.0,False,999.0
U2488,Nov-2025, Standard ,499.0,0.0,FALSE,499.0
U2281,Dec-2025,standard,499.0,,No,499.0
U1175,2025-09, PREMIUM,999.0,0.0,0,999.0
U1101,08/01/2025,Basic,199.0,0.0,False,199.0
U2279,01/01/2026,Standard,499.0,0.0,False,499.0
U1480,2025-08,Standard,499.0,0.0,No,499.0
U1099,Dec-2025,BASIC,199.0,0.0,0,199.0
U1058,11/01/2025, PREMIUM,999.0,0.0,No,
 U1495 ,Aug-2025,standard,499.0,0.0,FALSE,499.0
U2140,Nov-2025,BASIC,199.0,,FALSE,159.2
U2026,Oct-2025,Premium,999.0,0.0,FALSE,999.0
U2442,2025-08,Standard,499.0,0.0,True,0.0
U1449,Sep-2025,STANDARD,499.0,0.0,False,499.0
U2345,11/01/2025,standard,499.0,0.0,True,0.0
U2269,Jan-2026,STANDARD,499.0,0.0,FALSE,499.0
U1577,12/01/2025,Standard,499.0,0.0,No,499.0
U1528,01/01/2026,Premium,999.0,0.0,FALSE,999.0
U1704,Nov-2025,Premium,999.0,0.0,No,999.0
U2304,2025-10, Standard ,499.0,0.0,FALSE,499.0
U1242,09/01/2025,Standard,499.0,0.0,FALSE,499.0
U1546,2025-08,Basic,199.0,0.0,FALSE,199.0
U1057,2025-12,basic ,199.0,10.0,False,179.1
U1029,2026-01,standard,499.0,20.0,True,0.0
U1283,2025-10,premium ,999.0,0.0,False,999.0
U1981,2025-09,Basic,199.0,,FALSE,199.0
U1529,01/01/2026,standard,499.0,30.0,0,349.3
U1495,10/01/2025,Standard,499.0,0.0,No,499.0
U1122,11/01/2025,BASIC,199.0,,FALSE,199.0
U1525,2025-11,basic ,199.0,0.0,TRUE,0.0
U1152,Aug-2025,STANDARD,499.0,0.0,False,499.0
U1985,Nov-2025,BASIC,199.0,0.0,0,199.0
U1025,Jan-2026,basic ,199.0,0.0,FALSE,199.0
U1405,09/01/2025,premium ,999.0,0.0,False,999.0
U1952,Sep-2025,basic ,199.0,0.0,0,
U1156,11/01/2025, Standard ,499.0,30.0,No,349.3
U1424,Jan-2026, Standard ,499.0,0.0,No,499.0
U1489,2025-10,standard,499.0,0.0,No,499.0
U2268,2025-08,Premium,999.0,0.0,0,999.0
U1632,Oct-2025,Premium,999.0,0.0,0,999.0
U2331,2025-09, PREMIUM,999.0,0.0,FALSE,999.0
U1239,Nov-2025,STANDARD,499.0,0.0,FALSE,499.0
U1895,11/01/2025, Standard ,499.0,0.0,No,499.0
U2004,Dec-2025, Standard ,499.0,0.0,False,499.0
U1999,Dec-2025,Basic,199.0,0.0,FALSE,199.0
U1337,Nov-2025,basic ,199.0,10.0,False,179.1
U1764,2025-09, Standard ,499.0,30.0,False,349.3
U1523,2025-12,Basic,199.0,10.0,Yes,0.0
U1420,2026-01,Standard,499.0,0.0,0,499.0
U1200,12/01/2025,basic ,199.0,0.0,No,199.0
U1961,Aug-2025, Standard ,499.0,10.0,0,
U2497,09/01/2025, Standard ,499.0,0.0,FALSE,499.0
U2496,08/01/2025,premium ,999.0,0.0,0,999.0
U1031,Oct-2025,BASIC,199.0,30.0,No,139.3
 U2376 ,Dec-2025,Premium,999.0,0.0,True,0.0
U1787,Dec-2025,premium ,999.0,0.0,False,999.0
U1898,09/01/2025,STANDARD,499.0,0.0,FALSE,499.0
U2264,2025-09,Basic,199.0,0.0,False,199.0
U1646,2025-11,Basic,199.0,0.0,False,199.0
U2235,2025-10,premium ,999.0,0.0,FALSE,
U1439,Nov-2025,basic ,199.0,30.0,False,139.3
U1812,12/01/2025,Basic,199.0,0.0,No,199.0
U1637,2025-12,STANDARD,499.0,0.0,False,499.0
U1007,Jan-2026, Standard ,499.0,0.0,No,499.0
U1005,Dec-2025, Standard ,499.0,0.0,No,499.0
U1080,10/01/2025,standard,499.0,0.0,True,
U2275,2025-09,Standard,499.0,0.0,0,499.0
U1955,11/01/2025,BASIC,199.0,0.0,0,199.0
U2027,2026-01,Basic,199.0,0.0,No,199.0
U2161,2025-09,Premium,999.0,20.0,0,799.2
U1220,2025-10,basic ,199.0,0.0,False,199.0
U1370,10/01/2025, Standard ,499.0,0.0,False,499.0
U1782,12/01/2025,basic ,199.0,0.0,False,199.0
U1608,Aug-2025,Premium,999.0,0.0,FALSE,999.0
U2083,11/01/2025,STANDARD,499.0,20.0,False,399.2
U2419,11/01/2025,Premium,999.0,0.0,False,999.0
U2459,09/01/2025,Premium,999.0,0.0,No,999.0
U1656,2025-08,premium ,999.0,0.0,False,999.0
U1958,01/01/2026,basic ,199.0,0.0,False,199.0
U2381,Jan-2026,Basic,199.0,0.0,FALSE,199.0
U1047,11/01/2025,Premium,999.0,0.0,False,999.0
U1889,08/01/2025,Standard,499.0,0.0,False,499.0
U1560,Aug-2025,Standard,499.0,0.0,False,499.0
U1522,Sep-2025,Standard,499.0,0.0,FALSE,499.0
U2137,Nov-2025, PREMIUM,999.0,0.0,No,999.0
U2456,Aug-2025,BASIC,199.0,0.0,1,0.0
U2400,2025-10,Basic,199.0,0.0,No,199.0
U2148,11/01/2025, PREMIUM,,0.0,0,999.0
U2279,2025-08,Standard,499.0,10.0,Yes,0.0
U1405,10/01/2025,Premium,999.0,0.0,TRUE,0.0
U2120,Sep-2025,Basic,199.0,10.0,0,179.1
U2181,2026-01,basic ,199.0,0.0,0,199.0
U1833,01/01/2026, Standard ,499.0,0.0,No,499.0
U2390,2025-11,standard,499.0,,FALSE,499.0
U2089,2025-09,Premium,999.0,0.0,False,999.0
U1759,Nov-2025,STANDARD,499.0,0.0,No,499.0
U1173,2025-10,Basic,199.0,0.0,0,199.0
U1385,12/01/2025,Premium,999.0,30.0,0,699.3
U2148,12/01/2025,Premium,999.0,0.0,0,999.0
U2080,Oct-2025,BASIC,199.0,10.0,False,179.1
U2081,01/01/2026, PREMIUM,999.0,0.0,0,999.0
U1706,2025-10,Basic,199.0,0.0,No,199.0
U2169,08/01/2025,Standard,499.0,,False,499.0
U1545,Dec-2025,basic ,199.0,0.0,0,199.0
U2473,2026-01,Basic,199.0,0.0,FALSE,199.0
 U1301 ,11/01/2025,Standard,499.0,0.0,FALSE,499.0
U1796,09/01/2025, Standard ,499.0,30.0,0,349.3
U1786,Nov-2025,basic ,,0.0,False,199.0
U1992,Dec-2025,Basic,,0.0,False,199.0
U1625,2025-09,Basic,199.0,30.0,No,139.3
U1525,2026-01,Basic,199.0,0.0,0,199.0
U1234,2026-01,STANDARD,499.0,0.0,No,499.0
U1226,Dec-2025, Standard ,499.0,0.0,0,499.0
U1507,11/01/2025,STANDARD,499.0,0.0,0,499.0
U1804,09/01/2025,standard,499.0,0.0,False,499.0
U2302,2025-11,basic ,199.0,0.0,False,199.0
U1598,2025-09,Premium,999.0,0.0,No,999.0
U2092,2026-01,Basic,199.0,30.0,0,139.3
U1811,Aug-2025, Standard ,499.0,0.0,1,0.0
U1077,Aug-2025,standard,499.0,0.0,0,499.0
U1736,2025-08, Standard ,499.0,10.0,False,449.1
U2428,2025-12,Premium,999.0,20.0,0,799.2
U1163,09/01/2025,Basic,199.0,0.0,0,199.0
U1247,Oct-2025, Standard ,499.0,0.0,0,499.0
U2116,2025-08,standard,499.0,0.0,No,499.0
U1860,12/01/2025,Basic,199.0,30.0,0,139.3
U1959,10/01/2025,STANDARD,499.0,0.0,FALSE,499.0
U1112,Sep-2025,standard,499.0,0.0,FALSE,499.0
U1655,12/01/2025,standard,499.0,0.0,TRUE,0.0
U1025,Nov-2025,STANDARD,499.0,0.0,FALSE,499.0
U2395,10/01/2025,STANDARD,499.0,0.0,0,499.0
U1966,2026-01,Standard,499.0,0.0,No,499.0
U1557,Dec-2025,Basic,199.0,20.0,False,159.2
U1561,12/01/2025,standard,499.0,0.0,0,499.0
U2333,2026-01,Basic,199.0,0.0,0,199.0
U1263,Sep-2025,premium ,999.0,0.0,False,999.0
U1135,2025-11,STANDARD,499.0,0.0,0,499.0
U1447,11/01/2025,Standard,499.0,0.0,FALSE,499.0
U2359,Jan-2026,Basic,199.0,0.0,FALSE,199.0
U1328,2025-10,basic ,199.0,0.0,No,199.0
U1932,2025-10, PREMIUM,999.0,0.0,False,999.0
U2105,2025-08,Basic,199.0,0.0,0,199.0
U1349,12/01/2025,STANDARD,499.0,30.0,Yes,0.0
U2475,2025-10,BASIC,199.0,0.0,0,199.0
U1261,2025-11,basic ,199.0,0.0,No,199.0
 U1193 ,08/01/2025,BASIC,199.0,0.0,False,199.0
U1205,11/01/2025,Premium,,0.0,False,999.0
U1150,2025-11,Basic,199.0,0.0,False,199.0
U1963,2025-11,basic ,199.0,0.0,FALSE,199.0
U2285,Oct-2025,standard,499.0,0.0,True,0.0
U1472,2025-11,STANDARD,499.0,20.0,No,399.2
U1595,2025-09,Basic,199.0,0.0,No,199.0
U1773,2025-11,standard,499.0,0.0,FALSE,499.0
U1099,2025-11,basic ,199.0,0.0,TRUE,0.0
U1541,2025-10,BASIC,199.0,0.0,FALSE,199.0
U1239,2025-10, Standard ,499.0,0.0,FALSE,499.0
U2400,08/01/2025,STANDARD,499.0,0.0,0,499.0
U1167,2025-10,Standard,499.0,0.0,False,499.0
U1837,12/01/2025,Premium,999.0,0.0,No,999.0
U1802,Oct-2025,standard,499.0,20.0,0,399.2
U1535,Sep-2025,BASIC,,0.0,No,199.0
U1536,2025-10, PREMIUM,999.0,0.0,0,999.0
U1946,08/01/2025,BASIC,199.0,0.0,0,199.0
U1216,Dec-2025,basic ,199.0,0.0,0,199.0
U1974,09/01/2025,standard,499.0,,FALSE,349.3
U2204,2025-12, Standard ,499.0,0.0,False,499.0
U2054,Nov-2025,Basic,199.0,20.0,0,159.2
U1530,Aug-2025,premium ,999.0,0.0,False,999.0
U1148,Aug-2025,Premium,999.0,0.0,FALSE,999.0
U1664,Nov-2025,Basic,199.0,0.0,FALSE,199.0
U1461,2025-08,Premium,,0.0,0,999.0
U2243,2025-12,BASIC,199.0,0.0,False,199.0
U2339,10/01/2025,Standard,499.0,0.0,False,-1.0
U2226,Jan-2026,Basic,199.0,0.0,False,199.0
U1360,12/01/2025,Basic,199.0,0.0,FALSE,199.0
U1549,Dec-2025,Premium,999.0,0.0,FALSE,999.0
U1245,2025-12,BASIC,199.0,0.0,No,199.0
U2096,09/01/2025,basic ,199.0,30.0,FALSE,139.3
U1263,Oct-2025,Premium,999.0,0.0,0,999.0
U1026,2025-11,Premium,999.0,0.0,FALSE,999.0
U1009,2025-10,Premium,999.0,0.0,False,999.0
U2244,08/01/2025, PREMIUM,999.0,0.0,False,999.0
U1748,2025-10, Standard ,499.0,0.0,False,499.0
U1144,01/01/2026,Basic,199.0,0.0,False,199.0
U1618,08/01/2025,basic ,199.0,0.0,False,199.0
U2053,10/01/2025,standard,499.0,0.0,0,499.0
U2132,Nov-2025, Standard ,499.0,0.0,No,499.0
U2461,08/01/2025,basic ,199.0,0.0,0,199.0
U1597,Aug-2025,Premium,999.0,10.0,0,899.1
U2103,09/01/2025,standard,499.0,0.0,No,499.0
U2418,Nov-2025,basic ,199.0,0.0,No,199.0
U1586,2025-11,Basic,199.0,0.0,FALSE,199.0
U1159,2025-09, PREMIUM,999.0,20.0,FALSE,799.2
U2179,2025-09, Standard ,499.0,20.0,False,399.2
U2104,Jan-2026,Basic,199.0,0.0,FALSE,199.0
U1863,11/01/2025,Basic,199.0,20.0,0,159.2
U1877,2026-01,BASIC,199.0,0.0,No,199.0
U1904,2025-12,premium ,999.0,0.0,FALSE,999.0
U1215,Nov-2025,Basic,199.0,0.0,0,199.0
U1732,2025-09,basic ,199.0,0.0,False,199.0
U2455,2025-11,BASIC,199.0,0.0,False,
 U1876 ,Sep-2025,premium ,999.0,20.0,No,799.2
U1672,Aug-2025,basic ,199.0,0.0,0,
U1321,08/01/2025,Basic,199.0,0.0,False,199.0
 U1343 ,Nov-2025, PREMIUM,999.0,0.0,No,999.0
U1277,2025-12,standard,499.0,,FALSE,499.0
U1995,09/01/2025,Premium,999.0,0.0,FALSE,999.0
U2150,2025-09, PREMIUM,999.0,0.0,FALSE,999.0
U2221,2026-01,BASIC,199.0,0.0,0,199.0
U2302,2025-08,basic ,199.0,,False,199.0
U1165,Sep-2025,Premium,999.0,0.0,FALSE,999.0
U2348,2025-11,Standard,499.0,0.0,No,499.0
U2145,Jan-2026,Basic,199.0,0.0,0,199.0
U1896,11/01/2025,Basic,199.0,0.0,False,199.0
U1035,09/01/2025,BASIC,199.0,0.0,0,199.0
U1951,2026-01,Basic,199.0,0.0,0,199.0
U1371,Oct-2025,BASIC,199.0,0.0,No,199.0
U1978,2026-01,STANDARD,499.0,20.0,TRUE,0.0
U1372,2025-12,Basic,199.0,0.0,FALSE,199.0
U1122,Sep-2025,basic ,199.0,0.0,No,199.0
U2488,Jan-2026,Basic,199.0,10.0,No,179.1
U1028,Aug-2025,Basic,199.0,0.0,FALSE,199.0
U1857,12/01/2025,basic ,199.0,,0,199.0
U2089,01/01/2026,premium ,999.0,0.0,FALSE,999.0
U1210,Dec-2025,STANDARD,499.0,0.0,Yes,0.0
U1998,Sep-2025,BASIC,199.0,0.0,0,199.0
U1723,08/01/2025, Standard ,499.0,20.0,FALSE,399.2
U1763,01/01/2026,Standard,499.0,0.0,False,499.0
U1407,10/01/2025,Standard,499.0,0.0,No,499.0
U1763,Dec-2025, Standard ,499.0,0.0,False,499.0
U1747,2025-12,BASIC,199.0,0.0,0,199.0
U1611,12/01/2025,Basic,199.0,10.0,0,179.1
U1860,Nov-2025,Basic,199.0,20.0,False,159.2
U1135,2025-12,standard,499.0,0.0,0,499.0
U2195,2026-01,basic ,199.0,20.0,False,159.2
U1056,Nov-2025,Premium,999.0,10.0,FALSE,
U1974,Nov-2025,standard,499.0,0.0,No,499.0
U1855,Oct-2025,basic ,199.0,0.0,False,199.0
U1579,09/01/2025,Basic,199.0,0.0,0,199.0
U1704,09/01/2025,Premium,999.0,0.0,No,999.0
U1793,2026-01,BASIC,199.0,0.0,1,0.0
U1033,2025-08,basic ,199.0,0.0,False,199.0
U2056,2025-09,standard,499.0,0.0,No,499.0
U1108,2025-08,Standard,499.0,0.0,No,499.0
U1849,2025-09,BASIC,199.0,0.0,No,199.0
U1156,Oct-2025,standard,499.0,0.0,FALSE,499.0
U2445,11/01/2025,basic ,199.0,0.0,False,199.0
U1221,Dec-2025,BASIC,199.0,0.0,False,
U1952,Jan-2026,Basic,199.0,0.0,No,199.0
U1663,08/01/2025, PREMIUM,,,0,999.0
U1813,Aug-2025,Standard,499.0,0.0,No,499.0
U1252,01/01/2026,premium ,999.0,0.0,True,0.0
 U2435 ,Nov-2025,basic ,199.0,0.0,0,199.0
U2304,Nov-2025,STANDARD,499.0,0.0,FALSE,499.0
U1053,12/01/2025,basic ,199.0,30.0,FALSE,139.3
U2015,01/01/2026,BASIC,199.0,0.0,Yes,0.0
U2086,2025-08,standard,499.0,,False,
U1512,Nov-2025,Basic,199.0,0.0,No,199.0
U2350,2025-08,STANDARD,499.0,0.0,0,499.0
 U2452 ,Jan-2026,Premium,999.0,0.0,FALSE,999.0
U1697,10/01/2025,basic ,199.0,0.0,Yes,0.0
U1686,Aug-2025,STANDARD,499.0,0.0,False,499.0
U1061,2025-12,BASIC,199.0,0.0,FALSE,199.0
U2202,2025-10,Standard,499.0,0.0,No,499.0
U2189,2025-10, Standard ,499.0,0.0,False,499.0
U2340,2025-12, Standard ,499.0,0.0,False,499.0
U1484,Nov-2025,BASIC,199.0,0.0,FALSE,199.0
U1615,08/01/2025,Standard,499.0,0.0,FALSE,499.0
U1071,2025-12,BASIC,199.0,0.0,FALSE,199.0
U1720,Sep-2025,Premium,999.0,0.0,False,999.0
U2240,10/01/2025,premium ,999.0,30.0,False,699.3
U1142,10/01/2025, PREMIUM,999.0,0.0,No,999.0
U1641,2025-08,Standard,499.0,0.0,0,499.0
U1586,2025-10,standard,499.0,0.0,0,499.0
U1565,01/01/2026,Basic,199.0,0.0,FALSE,199.0
U2373,2026-01,Premium,999.0,0.0,FALSE,999.0
U1343,Jan-2026,Premium,999.0,0.0,No,999.0
U1038,11/01/2025,Basic,199.0,0.0,FALSE,199.0
U1221,11/01/2025,Basic,199.0,10.0,No,
U2498,Sep-2025,standard,499.0,0.0,FALSE,499.0
U1319,2025-10,Basic,199.0,0.0,No,199.0
U1531,2025-08,Standard,499.0,0.0,0,499.0
U2176,2025-09, PREMIUM,999.0,0.0,FALSE,999.0
U1223,2025-11,basic ,199.0,0.0,No,199.0
U1908,09/01/2025,Premium,999.0,,No,999.0
U1558,2025-12,Basic,199.0,0.0,0,199.0
U2178,11/01/2025,basic ,199.0,0.0,False,199.0
U1209,2025-12,BASIC,199.0,0.0,FALSE,199.0
U2231,Oct-2025,Basic,199.0,0.0,0,199.0
U1313,12/01/2025,Standard,499.0,0.0,FALSE,499.0
U1943,01/01/2026,BASIC,199.0,20.0,FALSE,159.2
U2340,2026-01,STANDARD,499.0,20.0,No,399.2
U1036,Aug-2025,basic ,199.0,0.0,No,199.0
U1131,2025-08,Premium,999.0,0.0,No,999.0
U1313,2025-09,Premium,999.0,0.0,0,999.0
U1944,Sep-2025,standard,499.0,0.0,No,499.0
U2161,Dec-2025, PREMIUM,999.0,0.0,0,999.0
U1237,Sep-2025,Premium,999.0,0.0,0,999.0
U1384,Jan-2026,Basic,199.0,0.0,No,199.0
U1350,2025-12,BASIC,199.0,0.0,FALSE,199.0
U2197,2025-08,Basic,199.0,0.0,No,199.0
U1518,09/01/2025,Premium,999.0,0.0,No,999.0
U2193,2025-10, PREMIUM,999.0,0.0,No,999.0
U1355,2025-09,premium ,999.0,0.0,0,999.0
U1891,2025-12, Standard ,499.0,0.0,FALSE,499.0
U2150,2026-01,Premium,999.0,0.0,No,999.0
 U1255 ,2025-11,basic ,199.0,0.0,False,199.0
U1957,2025-09, Standard ,499.0,0.0,False,499.0
U2218,08/01/2025,premium ,999.0,0.0,0,999.0
U2466,08/01/2025,Basic,199.0,0.0,FALSE,199.0
U1062,08/01/2025,STANDARD,499.0,0.0,No,499.0
U1025,10/01/2025,STANDARD,499.0,0.0,0,499.0
U1070,08/01/2025, PREMIUM,999.0,0.0,FALSE,999.0
U2105,Jan-2026,basic ,199.0,0.0,0,199.0
U1459,Jan-2026, Standard ,499.0,0.0,FALSE,499.0
U2491,Sep-2025,Standard,499.0,0.0,FALSE,499.0
U1622,2025-10,premium ,999.0,0.0,0,999.0
U1625,2025-12,Basic,199.0,0.0,False,199.0
U1631,08/01/2025,Standard,499.0,0.0,No,499.0
U1595,Jan-2026,basic ,199.0,0.0,No,199.0
U1446,12/01/2025,BASIC,199.0,0.0,No,199.0
 U1144 ,Oct-2025,STANDARD,499.0,0.0,No,499.0
U2035,09/01/2025,Basic,199.0,0.0,0,199.0
U2419,Dec-2025,Premium,999.0,0.0,No,999.0
U1232,01/01/2026, Standard ,499.0,0.0,FALSE,499.0
U1688,2025-11,standard,499.0,0.0,No,499.0
U1904,Sep-2025,Premium,999.0,0.0,0,999.0
U1120,2025-12,Basic,199.0,0.0,False,199.0
U2215,12/01/2025,Basic,199.0,0.0,FALSE,199.0
U1744,08/01/2025,premium ,999.0,0.0,FALSE,999.0
U1827,Dec-2025,Standard,499.0,0.0,TRUE,0.0
U1113,Oct-2025,premium ,,0.0,False,999.0
U2302,2025-10,basic ,199.0,0.0,FALSE,199.0
U2233,10/01/2025,Basic,199.0,30.0,False,139.3
U1361,Jan-2026, Standard ,499.0,30.0,0,349.3
U1289,12/01/2025,Premium,999.0,0.0,No,999.0
U2231,Nov-2025,basic ,199.0,0.0,FALSE,199.0
U2088,Jan-2026,Basic,199.0,20.0,0,159.2
U1863,08/01/2025,Basic,199.0,0.0,False,199.0
U1202,Jan-2026,basic ,199.0,20.0,False,159.2
U2353,Sep-2025,Basic,199.0,0.0,FALSE,199.0
U1217,12/01/2025,BASIC,199.0,0.0,No,199.0
U1169,2025-11,Premium,999.0,30.0,FALSE,699.3
U2036,2025-11,Premium,999.0,0.0,FALSE,999.0
U2409,2025-10,STANDARD,499.0,0.0,No,499.0
U2357,Sep-2025,STANDARD,499.0,30.0,No,349.3
U1741,Sep-2025,BASIC,199.0,0.0,0,199.0
U1691,10/01/2025,Standard,499.0,0.0,0,499.0
U2031,01/01/2026,STANDARD,499.0,0.0,False,499.0
U1184,12/01/2025,Standard,499.0,0.0,No,499.0
U2178,Jan-2026,Basic,199.0,30.0,FALSE,139.3
U1950,2025-12,Basic,199.0,0.0,False,199.0
U1222,2025-11,BASIC,199.0,0.0,Yes,0.0
U1968,Sep-2025,Basic,199.0,0.0,False,199.0
U2087,Aug-2025,STANDARD,499.0,0.0,False,499.0
U2387,2025-08, Standard ,499.0,0.0,0,499.0
U1867,12/01/2025,Basic,199.0,0.0,False,199.0
U1346,2025-10,Basic,199.0,0.0,False,199.0
U1143,09/01/2025,Basic,199.0,0.0,FALSE,199.0
U1190,Jan-2026,BASIC,,0.0,No,199.0
U1890,2025-10,standard,499.0,10.0,No,449.1
U1724,12/01/2025,basic ,199.0,20.0,FALSE,159.2
U1679,12/01/2025,standard,499.0,0.0,FALSE,499.0
U2360,Jan-2026,premium ,999.0,0.0,False,999.0
U1998,2025-10,basic ,199.0,0.0,No,199.0
U1901,2025-12, PREMIUM,999.0,0.0,0,999.0
U2013,10/01/2025,Premium,999.0,10.0,False,899.1
U1204,2025-11,BASIC,199.0,0.0,Yes,0.0
U2038,12/01/2025, Standard ,499.0,0.0,Yes,0.0
U2450,2025-10,premium ,999.0,0.0,False,999.0
U2224,2025-12,Basic,199.0,30.0,0,139.3
U1675,Aug-2025,STANDARD,499.0,0.0,False,499.0
U1707,01/01/2026,Basic,199.0,30.0,No,139.3
U1539,08/01/2025,Premium,999.0,0.0,FALSE,999.0
U2185,Sep-2025, PREMIUM,999.0,30.0,0,699.3
U1090,09/01/2025,premium ,999.0,0.0,No,999.0
 U2179 ,2025-11, Standard ,499.0,,False,449.1
U2238,01/01/2026,BASIC,199.0,,False,199.0
U1719,2025-08,Premium,999.0,0.0,FALSE,999.0
U1670,Aug-2025,standard,499.0,0.0,No,499.0
U2224,2025-08,Basic,199.0,,FALSE,199.0
U1058,12/01/2025,STANDARD,499.0,0.0,FALSE,499.0
U1419,Nov-2025, PREMIUM,999.0,,False,699.3
U2217,01/01/2026,STANDARD,499.0,30.0,False,349.3
U1812,09/01/2025, PREMIUM,999.0,0.0,No,999.0
U1750,2025-11,standard,499.0,0.0,0,499.0
U1612,09/01/2025, Standard ,499.0,0.0,No,499.0
U1571,2025-08, Standard ,499.0,0.0,0,499.0
U1199,2025-12,Basic,199.0,0.0,FALSE,199.0
U1858,12/01/2025, Standard ,499.0,10.0,0,449.1
U1330,11/01/2025,Basic,199.0,0.0,No,199.0
U2477,Sep-2025, PREMIUM,999.0,0.0,FALSE,999.0
U1801,2025-10,Premium,999.0,0.0,No,999.0
U1653,Oct-2025,STANDARD,499.0,0.0,False,499.0
U1477,08/01/2025,basic ,199.0,0.0,False,199.0
U1973,2025-08,BASIC,199.0,0.0,False,199.0
U2142,2025-09,standard,499.0,0.0,FALSE,499.0
U1509,10/01/2025,standard,499.0,0.0,False,499.0
U1777,Sep-2025,Basic,199.0,0.0,No,199.0
U1997,2025-12,Basic,199.0,0.0,No,199.0
U2082,09/01/2025,standard,499.0,0.0,No,499.0
U1381,01/01/2026,BASIC,199.0,0.0,FALSE,199.0
U2188,2025-11,basic ,199.0,0.0,FALSE,199.0
U1674,Nov-2025,basic ,199.0,0.0,FALSE,199.0
U1057,10/01/2025,BASIC,199.0,0.0,False,199.0
U1426,10/01/2025,STANDARD,499.0,0.0,False,499.0
 U1869 ,12/01/2025, Standard ,499.0,0.0,TRUE,0.0
U2113,12/01/2025, PREMIUM,999.0,20.0,0,799.2
U1185,11/01/2025,STANDARD,499.0,0.0,FALSE,499.0
U1273,11/01/2025,Basic,199.0,0.0,0,199.0
U1688,Jan-2026,STANDARD,499.0,0.0,0,499.0
U1361,2025-10,Standard,499.0,0.0,No,499.0
U1746,01/01/2026,BASIC,199.0,0.0,No,199.0
U2280,10/01/2025,premium ,999.0,0.0,0,
U2023,2025-08,standard,499.0,30.0,FALSE,349.3
U2175,2025-09,Basic,199.0,,False,199.0
U1567,2025-10,basic ,199.0,0.0,No,199.0
U1558,10/01/2025,Basic,199.0,0.0,0,199.0
U2136,09/01/2025,STANDARD,499.0,0.0,1,0.0
U1117,2025-12,STANDARD,499.0,0.0,False,499.0
U1161,Sep-2025,Standard,499.0,0.0,No,499.0
U2162,Nov-2025,Standard,499.0,0.0,1,0.0
U1204,08/01/2025,STANDARD,499.0,0.0,False,499.0
U1096,2025-11,BASIC,199.0,30.0,FALSE,139.3
U1071,Sep-2025,Basic,199.0,0.0,0,199.0
U2471,01/01/2026,standard,499.0,0.0,FALSE,499.0
U2060,12/01/2025,Basic,199.0,20.0,No,159.2
U2022,2025-10,Basic,199.0,0.0,No,199.0
U1480,2025-12,Basic,199.0,0.0,No,199.0
U1442,12/01/2025,Basic,199.0,0.0,0,199.0
U1097,Sep-2025, Standard ,,0.0,False,499.0
U1137,08/01/2025,Basic,199.0,0.0,False,199.0
U2372,08/01/2025,STANDARD,499.0,0.0,FALSE,499.0
U1179,09/01/2025,standard,499.0,0.0,False,499.0
U2433,2025-10,Standard,499.0,30.0,FALSE,349.3
U2039,2025-10,Premium,,0.0,False,999.0
U1499,11/01/2025,Premium,999.0,0.0,0,999.0
U1057,2025-08,Basic,199.0,0.0,False,199.0
U2025,01/01/2026,Basic,199.0,0.0,No,199.0
U1751,10/01/2025,Basic,199.0,0.0,0,199.0
U1932,2026-01,standard,499.0,0.0,0,499.0
U1569,Oct-2025,Basic,199.0,0.0,0,199.0
U1741,12/01/2025,Basic,,0.0,0,199.0
U1002,Nov-2025, PREMIUM,999.0,10.0,No,899.1
U1533,2025-08, PREMIUM,999.0,0.0,False,999.0
U1161,2025-08,Standard,499.0,0.0,False,499.0
U2196,11/01/2025,standard,,0.0,No,499.0
U2282,2025-08,Standard,499.0,0.0,No,499.0
U1210,11/01/2025,Standard,499.0,0.0,False,499.0
U2110,Sep-2025,Standard,499.0,0.0,No,499.0
U2369,08/01/2025,Basic,199.0,0.0,FALSE,199.0
U2022,Aug-2025,basic ,199.0,0.0,False,199.0
U2437,Nov-2025,Premium,999.0,0.0,FALSE,999.0
U1064,10/01/2025,Basic,199.0,0.0,No,199.0
U1246,2026-01,standard,499.0,0.0,FALSE,
U2018,09/01/2025,Premium,999.0,30.0,No,699.3
U1920,Nov-2025,Basic,199.0,0.0,FALSE,199.0
U2306,2026-01,standard,499.0,0.0,False,499.0
U2370,2025-09, PREMIUM,999.0,0.0,0,999.0
U1523,2026-01,Basic,199.0,0.0,FALSE,199.0
U1800,2026-01,Premium,999.0,20.0,No,799.2
U2208,2025-08,Premium,999.0,0.0,False,999.0
U1479,2026-01,Basic,,0.0,0,199.0
U1453,11/01/2025,BASIC,199.0,0.0,No,
U1927,11/01/2025,BASIC,199.0,20.0,0,
U1424,2025-10,Standard,499.0,30.0,False,349.3
U1487,Sep-2025,Basic,199.0,0.0,False,199.0
U1948,01/01/2026,BASIC,199.0,0.0,0,199.0
U1575,Oct-2025,basic ,199.0,0.0,0,199.0
U1346,12/01/2025,Basic,199.0,0.0,False,199.0
U2005,Aug-2025, Standard ,499.0,0.0,No,499.0
U2418,2025-12,Basic,199.0,0.0,No,199.0
U1411,2025-10,basic ,199.0,0.0,0,199.0
U2427,08/01/2025,BASIC,199.0,30.0,FALSE,139.3
U1960,Aug-2025,STANDARD,499.0,0.0,No,499.0
U1493,2025-11, PREMIUM,999.0,10.0,FALSE,899.1
U2446,2025-10,standard,499.0,0.0,FALSE,499.0
U1120,10/01/2025,Basic,199.0,0.0,0,199.0
U2024,09/01/2025,premium ,999.0,0.0,0,999.0
U2163,2025-08,standard,499.0,0.0,False,499.0
U1839,Jan-2026,BASIC,199.0,0.0,1,0.0
U1215,10/01/2025,basic ,199.0,0.0,0,199.0
U2434,Nov-2025,BASIC,199.0,0.0,FALSE,199.0
U2444,09/01/2025,Standard,499.0,0.0,FALSE,499.0
U1762,11/01/2025,Basic,199.0,,False,199.0
U1575,Aug-2025,Basic,199.0,0.0,FALSE,199.0
U1409,09/01/2025,standard,499.0,0.0,0,499.0
U1688,Aug-2025,premium ,999.0,0.0,0,999.0
U1284,Jan-2026,BASIC,199.0,0.0,0,199.0
U2149,2025-11,Premium,999.0,0.0,0,999.0
U2145,10/01/2025,Basic,199.0,10.0,False,179.1
U1650,Nov-2025,Premium,999.0,0.0,FALSE,999.0
U1541,2026-01,Basic,199.0,0.0,No,199.0
U1543,2025-09,Premium,999.0,10.0,0,899.1
U1244,Dec-2025, Standard ,499.0,0.0,False,-1.0
U1527,01/01/2026,Premium,999.0,0.0,FALSE,999.0
U2058,10/01/2025,BASIC,199.0,0.0,0,199.0
U2497,12/01/2025,basic ,199.0,20.0,False,159.2
U2415,10/01/2025,STANDARD,499.0,0.0,No,499.0
U1439,12/01/2025,BASIC,199.0,30.0,0,-1.0
U2401,2025-10,Premium,999.0,0.0,0,999.0
U2217,Dec-2025,standard,499.0,0.0,No,499.0
U1127,Jan-2026,Basic,199.0,0.0,1,0.0
U1041,2025-11, PREMIUM,999.0,0.0,False,999.0
U2286,Aug-2025,BASIC,199.0,0.0,No,
U2464,Dec-2025,Premium,999.0,0.0,False,999.0
U2397,Aug-2025, Standard ,499.0,0.0,No,499.0
U1580,2026-01,STANDARD,499.0,0.0,No,499.0
U1792,2025-12,Basic,199.0,0.0,FALSE,199.0
U1343,2025-10, PREMIUM,999.0,0.0,No,999.0
U1471,12/01/2025, Standard ,499.0,30.0,No,349.3
U1972,Jan-2026,Basic,199.0,30.0,No,139.3
U1660,09/01/2025,Standard,499.0,0.0,No,499.0
U2479,2025-11,Basic,199.0,10.0,0,179.1
U1737,2026-01,premium ,999.0,10.0,False,899.1
U1376,08/01/2025,standard,499.0,10.0,False,449.1
U1003,2025-09,Premium,999.0,0.0,0,999.0
U2178,2025-10,basic ,199.0,0.0,No,199.0
U2076,2025-12,STANDARD,499.0,0.0,No,499.0
U1278,Nov-2025,Premium,,0.0,False,999.0
U2066,2025-10,basic ,199.0,20.0,False,159.2
U1313,2025-08,Premium,999.0,0.0,No,999.0
U1996,2026-01,Basic,199.0,0.0,False,199.0
U1788,10/01/2025, Standard ,499.0,0.0,No,499.0
U2344,Jan-2026,Basic,199.0,10.0,No,179.1
U1987,01/01/2026,Standard,499.0,0.0,FALSE,499.0
U2345,Dec-2025,STANDARD,499.0,30.0,FALSE,349.3
U1726,Jan-2026,standard,499.0,0.0,No,499.0
U2102,Oct-2025,standard,499.0,0.0,False,499.0
U1866,Nov-2025, PREMIUM,999.0,0.0,0,999.0
U2461,11/01/2025,Basic,199.0,0.0,No,199.0
U2269,08/01/2025,standard,499.0,0.0,False,499.0
U1496,2025-12,basic ,199.0,0.0,FALSE,199.0
U1513,11/01/2025,Basic,199.0,10.0,False,179.1
U1149,10/01/2025,STANDARD,499.0,0.0,FALSE,499.0
U1681,Aug-2025,Premium,999.0,0.0,0,999.0
U1891,Sep-2025, Standard ,499.0,0.0,0,499.0
U2462,Aug-2025,basic ,199.0,0.0,0,199.0
U2000,Sep-2025,Premium,999.0,0.0,0,999.0
U2051,09/01/2025,Basic,199.0,0.0,False,199.0
U1093,12/01/2025,STANDARD,499.0,0.0,False,499.0
U2440,12/01/2025,STANDARD,499.0,0.0,1,0.0
U2440,01/01/2026,Basic,199.0,20.0,False,159.2
U1400,2025-10,standard,499.0,0.0,No,499.0
U1417,12/01/2025,Basic,199.0,0.0,0,199.0
U1675,2025-10,Standard,499.0,0.0,FALSE,499.0
U1545,Jan-2026,Basic,199.0,0.0,No,199.0
U2240,Jan-2026,Premium,999.0,0.0,False,999.0
U1313,2025-10,Premium,999.0,,0,699.3
U1314,Jan-2026,BASIC,199.0,10.0,No,179.1
U1531,2025-11,Standard,499.0,0.0,No,499.0
U1752,09/01/2025, Standard ,499.0,0.0,FALSE,499.0
U1714,Dec-2025,STANDARD,499.0,0.0,0,-1.0
U1642,Nov-2025, Standard ,499.0,0.0,No,499.0
U1151,10/01/2025,STANDARD,499.0,0.0,FALSE,499.0
U2125,2025-11,STANDARD,499.0,0.0,No,499.0
U1624,12/01/2025,standard,499.0,0.0,FALSE,499.0
U1043,10/01/2025, PREMIUM,999.0,0.0,FALSE,999.0
U1494,Nov-2025,Standard,499.0,0.0,0,499.0
U1297,2025-09, PREMIUM,999.0,,No,999.0
U1649,2025-08,Basic,199.0,0.0,0,199.0
U1280,Oct-2025,BASIC,199.0,0.0,0,199.0
U1674,08/01/2025,BASIC,199.0,0.0,0,199.0
U2200,12/01/2025,BASIC,199.0,0.0,0,199.0
U2166,Sep-2025,standard,499.0,0.0,No,499.0
U2075,2025-08,Basic,199.0,0.0,0,199.0
U1443,10/01/2025,BASIC,199.0,30.0,0,139.3
U1877,09/01/2025,basic ,199.0,0.0,False,199.0
U2090,2025-08,Basic,199.0,0.0,False,199.0
U2436,2026-01, Standard ,499.0,20.0,0,399.2
U1560,Nov-2025,Basic,199.0,20.0,No,159.2
U2190,Nov-2025,Basic,199.0,10.0,False,179.1
U2047,Nov-2025, Standard ,499.0,0.0,No,499.0
U1444,08/01/2025,Basic,199.0,0.0,FALSE,199.0
U1486,2025-08, Standard ,499.0,0.0,Yes,0.0
U1706,11/01/2025,Basic,199.0,0.0,0,199.0
U2304,Aug-2025,standard,,0.0,1,0.0
U1411,01/01/2026,Basic,199.0,0.0,0,199.0
U1866,2025-08,Premium,999.0,0.0,FALSE,999.0
U1853,Aug-2025,Standard,499.0,0.0,False,499.0
U2035,12/01/2025,Basic,199.0,0.0,No,199.0
U2362,Jan-2026,BASIC,199.0,0.0,False,199.0
U1311,Oct-2025, PREMIUM,999.0,10.0,FALSE,899.1
U2038,Aug-2025,Premium,999.0,0.0,FALSE,999.0
U1347,Sep-2025,Premium,999.0,20.0,No,799.2
U2430,01/01/2026,Basic,199.0,0.0,False,199.0
U1917,11/01/2025,Standard,499.0,0.0,No,499.0
U1811,Oct-2025, Standard ,499.0,0.0,0,499.0
U1895,08/01/2025,standard,499.0,0.0,FALSE,499.0
U1320,2025-09,Basic,199.0,0.0,No,199.0
U1608,2025-10,premium ,999.0,0.0,FALSE,999.0
U1287,2025-12,basic ,199.0,0.0,No,199.0
U1399,2025-09,Standard,499.0,0.0,No,499.0
U2400,Jan-2026,Basic,199.0,20.0,FALSE,159.2
U1169,Sep-2025, PREMIUM,999.0,0.0,No,999.0
U1277,09/01/2025,Standard,499.0,0.0,0,499.0
U1519,Jan-2026,BASIC,199.0,0.0,FALSE,199.0
U2173,2025-10, Standard ,499.0,0.0,TRUE,0.0
U2141,Aug-2025, PREMIUM,999.0,,0,999.0
U2424,2025-08,STANDARD,499.0,0.0,False,499.0
U1344,Oct-2025, Standard ,499.0,0.0,FALSE,499.0
U2293,01/01/2026,STANDARD,499.0,0.0,No,499.0
U2163,Jan-2026,basic ,199.0,0.0,False,199.0
U1841,2025-11,standard,499.0,0.0,FALSE,499.0
U2464,Aug-2025,Premium,999.0,0.0,FALSE,999.0
U1802,2025-08,standard,499.0,0.0,0,499.0
U2123,08/01/2025, Standard ,499.0,0.0,No,499.0
U1416,11/01/2025, PREMIUM,999.0,0.0,FALSE,999.0
U2332,Aug-2025, Standard ,499.0,20.0,0,399.2
U1876,11/01/2025,premium ,999.0,10.0,0,899.1
U2414,2025-10,Premium,999.0,0.0,FALSE,999.0
U1105,08/01/2025,Standard,499.0,0.0,0,499.0
U1815,09/01/2025, PREMIUM,999.0,0.0,False,999.0
U2183,11/01/2025,Basic,199.0,0.0,False,199.0
U1903,11/01/2025,standard,499.0,0.0,0,499.0
U1738,2025-08,Standard,499.0,0.0,No,499.0
U1395,Dec-2025,Premium,999.0,0.0,FALSE,999.0
U1939,01/01/2026,BASIC,199.0,0.0,0,199.0
U1417,Aug-2025,STANDARD,499.0,0.0,FALSE,499.0
U2212,10/01/2025,Basic,199.0,0.0,No,199.0
U2099,01/01/2026,STANDARD,499.0,0.0,FALSE,499.0
U1702,Jan-2026,Basic,199.0,30.0,True,0.0
U1929,2025-08,STANDARD,499.0,0.0,FALSE,499.0
U1496,Aug-2025,standard,499.0,20.0,False,399.2
U1898,10/01/2025, Standard ,499.0,0.0,No,499.0
U1792,Oct-2025,BASIC,199.0,0.0,1,0.0
U1326,2025-12,Standard,499.0,0.0,No,499.0
U1711,2025-12,Basic,199.0,0.0,False,199.0
U2477,12/01/2025,premium ,999.0,0.0,False,999.0
U2333,Nov-2025,Standard,499.0,0.0,False,499.0
U1718,2025-09,standard,499.0,0.0,0,499.0
U1910,Nov-2025,Basic,199.0,0.0,False,199.0
U1652,2025-12,Basic,199.0,,FALSE,199.0
U2206,01/01/2026,BASIC,199.0,0.0,False,199.0
U1039,09/01/2025,STANDARD,499.0,0.0,FALSE,499.0
U1068,Aug-2025,STANDARD,499.0,0.0,FALSE,499.0
U1327,2026-01,Basic,199.0,0.0,False,199.0
U1212,2026-01, Standard ,499.0,0.0,No,499.0
U2041,2025-08,standard,499.0,0.0,0,499.0
U1898,01/01/2026,Basic,199.0,0.0,No,199.0
U2232,11/01/2025,standard,499.0,20.0,FALSE,399.2
U1042,11/01/2025,premium ,999.0,0.0,False,999.0
U2027,11/01/2025,basic ,199.0,0.0,FALSE,199.0
U2182,10/01/2025,premium ,999.0,0.0,False,999.0
U2288,Sep-2025,standard,499.0,0.0,0,499.0
U2436,Oct-2025, Standard ,499.0,0.0,Yes,0.0
U1657,08/01/2025, Standard ,499.0,30.0,True,0.0
U1396,Aug-2025,STANDARD,499.0,0.0,No,499.0
U2164,11/01/2025,standard,499.0,0.0,No,499.0
U1943,Nov-2025,Basic,199.0,0.0,0,199.0
U1509,2025-08,STANDARD,499.0,30.0,FALSE,349.3
U2484,Jan-2026,STANDARD,499.0,0.0,No,499.0
U1465,Oct-2025, PREMIUM,999.0,0.0,FALSE,999.0
U2410,Nov-2025,premium ,999.0,0.0,FALSE,999.0
U2257,09/01/2025,standard,499.0,0.0,False,499.0
U2457,2025-08,Premium,999.0,0.0,FALSE,999.0
U2066,Sep-2025,Basic,199.0,0.0,False,199.0
U1008,Sep-2025,standard,499.0,0.0,0,499.0
U1776,2025-08,Basic,199.0,0.0,0,199.0
U2024,Jan-2026,Premium,999.0,0.0,FALSE,999.0
U2383,Sep-2025,Basic,199.0,0.0,0,199.0
U1278,12/01/2025,Premium,999.0,0.0,0,999.0
U1938,2025-10,Basic,199.0,0.0,FALSE,199.0
U1584,10/01/2025,basic ,199.0,0.0,0,199.0
U1302,2025-08,BASIC,199.0,0.0,No,199.0
U1056,2025-12,premium ,999.0,0.0,0,999.0
U1885,2025-12, Standard ,499.0,0.0,False,499.0
U1320,2026-01,BASIC,199.0,0.0,No,199.0
U1765,Aug-2025,Basic,199.0,0.0,False,199.0
U2370,01/01/2026, Standard ,499.0,0.0,False,499.0
U2177,2025-09,standard,499.0,0.0,0,499.0
U1300,2025-08,Basic,199.0,0.0,No,199.0
U2322,2025-08,Premium,999.0,0.0,No,999.0
U1380,Jan-2026,basic ,199.0,10.0,FALSE,179.1
 U1993 ,Aug-2025, Standard ,499.0,0.0,FALSE,499.0
U1943,2025-09,Basic,199.0,0.0,FALSE,199.0
U1856,Oct-2025,Basic,199.0,0.0,False,199.0
U1501,2025-08,Premium,999.0,0.0,False,999.0
U2040,Sep-2025,basic ,199.0,0.0,No,199.0
U1655,Sep-2025,Standard,499.0,0.0,No,499.0
U1816,Nov-2025,Basic,199.0,0.0,FALSE,199.0
U1109,Dec-2025,basic ,199.0,0.0,False,199.0
U1984,11/01/2025,STANDARD,499.0,0.0,No,499.0
U1962,Aug-2025,basic ,199.0,0.0,No,199.0
U1288,Nov-2025, Standard ,499.0,0.0,False,499.0
U1975,Sep-2025,standard,499.0,0.0,FALSE,499.0
U1242,11/01/2025,Standard,499.0,0.0,False,499.0
U1033,2025-12,Basic,199.0,10.0,False,179.1
U1130,2025-11,STANDARD,499.0,0.0,FALSE,499.0
U2336,Nov-2025,standard,499.0,0.0,FALSE,499.0
U1284,11/01/2025,BASIC,199.0,0.0,FALSE,199.0
U1415,2025-11,premium ,999.0,0.0,FALSE,-1.0
U1226,08/01/2025,STANDARD,499.0,0.0,0,499.0
U1389,Dec-2025,Standard,499.0,0.0,No,499.0
U2026,Jan-2026,premium ,999.0,0.0,No,999.0
U2063,01/01/2026,STANDARD,499.0,30.0,FALSE,349.3
U1405,01/01/2026,Standard,499.0,20.0,0,399.2
U1914,2026-01,STANDARD,499.0,0.0,0,499.0
U1896,Jan-2026,Basic,199.0,0.0,No,199.0
U2189,08/01/2025,standard,499.0,0.0,FALSE,499.0
U1220,2025-12,BASIC,199.0,0.0,No,199.0
U2457,Oct-2025,Premium,999.0,0.0,0,999.0
U2209,01/01/2026,Basic,199.0,20.0,False,159.2
U1181,2026-01,Standard,499.0,0.0,FALSE,499.0
U1401,08/01/2025,Premium,999.0,0.0,0,999.0
U1020,Sep-2025,Basic,199.0,0.0,No,199.0
U1001,12/01/2025, PREMIUM,999.0,0.0,0,-1.0
U2312,11/01/2025,basic ,199.0,0.0,0,199.0
U1335,Jan-2026,basic ,199.0,0.0,FALSE,199.0
U1784,12/01/2025, PREMIUM,999.0,30.0,0,699.3
U1495,Nov-2025, Standard ,499.0,0.0,0,499.0
U2330,Dec-2025,Basic,199.0,0.0,0,199.0
U1582,Sep-2025,basic ,199.0,0.0,False,199.0
U1831,Jan-2026, Standard ,499.0,0.0,FALSE,499.0
U1049,Sep-2025,standard,499.0,0.0,0,499.0
U2491,08/01/2025,STANDARD,499.0,0.0,No,499.0
U1341,2025-10,standard,499.0,0.0,False,499.0
U1796,Aug-2025, Standard ,499.0,0.0,0,499.0
U2348,2025-09, Standard ,,0.0,False,
U1960,Oct-2025, Standard ,499.0,0.0,0,499.0
U2035,Aug-2025,basic ,199.0,0.0,No,199.0
U1771,Oct-2025,premium ,999.0,0.0,False,999.0
U2497,08/01/2025, Standard ,499.0,30.0,0,349.3
U1604,09/01/2025, Standard ,499.0,0.0,No,499.0
U1160,11/01/2025, Standard ,499.0,0.0,No,499.0
U1049,Nov-2025,STANDARD,499.0,0.0,0,499.0
U2256,10/01/2025,Basic,199.0,0.0,FALSE,199.0
U1879,2025-08,STANDARD,499.0,20.0,No,399.2
U2297,12/01/2025,standard,499.0,20.0,No,399.2
U1931,11/01/2025,Basic,199.0,0.0,No,199.0
U1940,Aug-2025,Basic,199.0,,0,199.0
U1233,08/01/2025, Standard ,499.0,0.0,0,499.0
U1478,Dec-2025,Basic,199.0,0.0,0,199.0
U1956,2025-09, PREMIUM,999.0,0.0,No,999.0
U1281,2025-10,premium ,999.0,0.0,0,999.0
U1609,Jan-2026,standard,499.0,0.0,0,499.0
U1338,08/01/2025,STANDARD,499.0,0.0,0,499.0
U1206,2026-01,STANDARD,499.0,0.0,False,
U1828,08/01/2025, Standard ,499.0,0.0,0,499.0
U1376,12/01/2025,Standard,499.0,0.0,False,499.0
U2432,11/01/2025,Basic,199.0,0.0,FALSE,199.0
U1526,12/01/2025,Basic,199.0,30.0,FALSE,139.3
U1065,2025-11,Basic,199.0,0.0,FALSE,199.0
U2357,2025-11, Standard ,499.0,0.0,False,499.0
U1106,Aug-2025, PREMIUM,999.0,0.0,FALSE,999.0
U1859,08/01/2025,standard,499.0,0.0,No,499.0
U2022,2026-01,basic ,199.0,0.0,False,199.0
U1563,2025-11,standard,499.0,0.0,No,499.0
U1085,Sep-2025,premium ,999.0,0.0,False,999.0
U2398,11/01/2025, PREMIUM,999.0,20.0,No,799.2
U2433,2025-11,standard,499.0,30.0,False,349.3
U1213,2025-11, Standard ,,0.0,0,499.0
U2413,2025-09,Standard,499.0,0.0,No,
U1626,2025-10, PREMIUM,999.0,0.0,FALSE,999.0
U2215,09/01/2025,basic ,199.0,0.0,0,199.0
U2349,Sep-2025,Premium,999.0,0.0,False,999.0
U1647,Sep-2025,Standard,499.0,10.0,No,449.1
U1332,11/01/2025,Basic,199.0,0.0,False,199.0
U1938,Dec-2025,basic ,199.0,0.0,False,199.0
U1721,2025-09,BASIC,199.0,20.0,False,159.2
U1100,Jan-2026,Basic,199.0,0.0,FALSE,199.0
U2465,12/01/2025,Standard,499.0,0.0,No,499.0
U2157,09/01/2025, PREMIUM,999.0,0.0,False,999.0
U1885,Sep-2025,STANDARD,499.0,0.0,0,499.0
U1191,12/01/2025,premium ,999.0,0.0,0,999.0
U1044,09/01/2025,Premium,999.0,,No,999.0
U1347,2025-11, Standard ,499.0,0.0,0,499.0
U2200,08/01/2025,Basic,199.0,0.0,False,199.0
U1976,12/01/2025,Premium,999.0,0.0,False,999.0
U2272,2025-08,Premium,999.0,0.0,0,999.0
U2171,2025-08,premium ,999.0,0.0,False,999.0
U1875,Aug-2025,STANDARD,499.0,,0,499.0
U2173,Jan-2026, Standard ,499.0,0.0,FALSE,499.0
U1005,Jan-2026,BASIC,199.0,0.0,False,199.0
U1682,2025-11, PREMIUM,999.0,0.0,0,999.0
U2072,2025-10,standard,499.0,0.0,0,499.0
U2111,10/01/2025, PREMIUM,999.0,0.0,False,999.0
U2062,Oct-2025,Premium,999.0,0.0,0,999.0
U1067,2025-12,Standard,499.0,0.0,No,499.0
U1169,12/01/2025,Premium,999.0,0.0,FALSE,999.0
U1415,Dec-2025,Premium,999.0,0.0,No,999.0
U2174,2026-01,premium ,999.0,0.0,No,999.0
U1142,11/01/2025,premium ,999.0,0.0,False,999.0
U1911,2025-12,basic ,199.0,20.0,0,159.2
U2480,10/01/2025,Standard,499.0,0.0,0,499.0
U1990,2025-08,Standard,499.0,0.0,No,499.0
U2138,12/01/2025,standard,499.0,0.0,True,0.0
U1928,12/01/2025,Basic,199.0,0.0,No,199.0
U2240,11/01/2025,premium ,999.0,0.0,FALSE,999.0
U1781,2025-09,Standard,499.0,20.0,No,399.2
U1792,09/01/2025,Basic,199.0,0.0,FALSE,199.0
U1495,Nov-2025, Standard ,499.0,0.0,0,499.0
U1978,Nov-2025,STANDARD,499.0,30.0,FALSE,349.3
U2030,Aug-2025, PREMIUM,999.0,0.0,No,999.0
U1793,2025-12,Basic,199.0,0.0,FALSE,199.0
U2267,Nov-2025, PREMIUM,999.0,0.0,No,999.0
U1648,11/01/2025, Standard ,499.0,0.0,No,499.0
U1201,2025-10,Basic,199.0,0.0,No,199.0
U2410,12/01/2025,Premium,999.0,0.0,No,999.0
U2012,Oct-2025, Standard ,499.0,0.0,0,-1.0
U2119,Jan-2026,Basic,199.0,10.0,0,179.1
U1461,01/01/2026,premium ,999.0,0.0,No,999.0
U1002,12/01/2025, PREMIUM,999.0,0.0,No,999.0
U1280,12/01/2025,Basic,199.0,30.0,False,139.3
U1183,11/01/2025, PREMIUM,999.0,30.0,FALSE,699.3
U1128,2025-12,Basic,199.0,0.0,False,
U2054,10/01/2025,Basic,199.0,0.0,No,199.0
U2262,Aug-2025,Premium,999.0,0.0,0,999.0
U2391,2025-09,Standard,499.0,0.0,0,499.0
U1280,Aug-2025,basic ,199.0,0.0,FALSE,199.0
U1636,2025-08, PREMIUM,999.0,0.0,No,999.0
U2307,2025-10,STANDARD,499.0,0.0,False,499.0
U1327,09/01/2025,basic ,199.0,0.0,0,
 U1211 ,Nov-2025,Basic,199.0,0.0,False,199.0
U1470,10/01/2025,standard,499.0,0.0,FALSE,
U1928,01/01/2026,Basic,199.0,0.0,No,199.0
U1561,2026-01, Standard ,499.0,0.0,FALSE,499.0
U2024,09/01/2025,premium ,999.0,0.0,0,999.0
U2239,Aug-2025,premium ,999.0,20.0,False,799.2
U1163,11/01/2025,BASIC,199.0,30.0,0,139.3
U2049,11/01/2025,Premium,999.0,0.0,0,999.0
U1471,Oct-2025,STANDARD,499.0,0.0,True,0.0
U1380,2025-10,BASIC,199.0,0.0,No,
 U1734 ,09/01/2025,standard,499.0,0.0,No,499.0
U1611,09/01/2025,standard,499.0,0.0,False,499.0
U2380,01/01/2026,BASIC,199.0,30.0,No,139.3
U2471,2025-10,Standard,499.0,0.0,FALSE,499.0
U1575,2025-11,Basic,199.0,0.0,No,199.0
U2152,Nov-2025,standard,499.0,10.0,No,449.1
U1986,Sep-2025,Basic,199.0,0.0,0,199.0
 U2201 ,Nov-2025,STANDARD,499.0,0.0,False,499.0
U1246,12/01/2025,STANDARD,499.0,0.0,No,499.0
U1707,2025-12,STANDARD,499.0,20.0,FALSE,399.2
U2130,2025-10,Basic,199.0,0.0,0,199.0
U1246,2025-11,Standard,499.0,0.0,FALSE,499.0
U2153,Nov-2025, PREMIUM,999.0,0.0,0,999.0
U1324,2026-01,STANDARD,499.0,0.0,FALSE,499.0
U1268,09/01/2025, Standard ,499.0,0.0,False,499.0
U2214,2025-09,BASIC,199.0,0.0,False,199.0
U1304,2025-11,Premium,999.0,0.0,No,999.0
U2231,2025-12,basic ,199.0,10.0,0,179.1
U1308,11/01/2025,Basic,199.0,0.0,No,199.0
U2209,11/01/2025,Basic,199.0,0.0,FALSE,-1.0
U1169,Aug-2025,premium ,999.0,0.0,No,999.0
U1417,11/01/2025,Basic,199.0,0.0,True,0.0
U1712,Oct-2025,Basic,199.0,,0,199.0
U1356,09/01/2025,Basic,199.0,0.0,0,199.0
U1051,2025-11,premium ,999.0,0.0,False,999.0
U1287,11/01/2025, Standard ,499.0,0.0,FALSE,499.0
U1797,11/01/2025,Basic,199.0,30.0,FALSE,139.3
U2327,2025-12,Premium,999.0,30.0,False,699.3
U1068,Oct-2025, Standard ,499.0,0.0,0,499.0
U1821,11/01/2025,standard,499.0,0.0,False,
U1542,Sep-2025,Premium,999.0,0.0,False,999.0
U1685,2025-10,Standard,499.0,0.0,0,499.0
U2232,Sep-2025,standard,499.0,0.0,False,499.0
U2354,10/01/2025,basic ,199.0,0.0,FALSE,199.0
U2167,10/01/2025,Standard,499.0,30.0,0,349.3
U1233,01/01/2026,STANDARD,499.0,0.0,False,499.0
U2134,12/01/2025,basic ,199.0,0.0,No,199.0
U1208,12/01/2025,standard,499.0,0.0,FALSE,499.0
U2345,2025-09,standard,499.0,0.0,0,499.0
U1903,2025-12,Standard,499.0,0.0,FALSE,499.0
U1728,2025-08,Premium,999.0,0.0,No,999.0
U2269,Nov-2025,Standard,499.0,0.0,False,499.0
U1123,Oct-2025,basic ,199.0,0.0,0,
U1317,Dec-2025,Basic,199.0,0.0,False,199.0
U2482,Jan-2026,premium ,999.0,0.0,0,999.0
U2023,2026-01,Standard,499.0,30.0,No,349.3
U1696,Jan-2026,Standard,499.0,0.0,FALSE,-1.0
U1599,Sep-2025,Basic,199.0,0.0,False,199.0
U1772,2025-11, Standard ,499.0,0.0,No,499.0
U1795,2025-09,basic ,199.0,0.0,FALSE,199.0
U1369,11/01/2025,basic ,199.0,0.0,False,199.0
U1669,2025-08,standard,499.0,0.0,No,499.0
U1768,11/01/2025, PREMIUM,999.0,0.0,0,999.0
U2280,08/01/2025,premium ,999.0,,FALSE,999.0
U1433,Jan-2026,Basic,199.0,0.0,FALSE,199.0
U1533,Sep-2025, PREMIUM,999.0,0.0,False,999.0
U1823,2026-01,Basic,199.0,0.0,False,199.0
U1911,2025-10,basic ,199.0,0.0,No,199.0
U1412,Nov-2025,Standard,499.0,0.0,0,499.0
U1245,2026-01,BASIC,199.0,0.0,False,199.0
U1143,2026-01,basic ,199.0,20.0,FALSE,159.2
U1452,Dec-2025,standard,499.0,0.0,0,
U1602,08/01/2025, Standard ,499.0,0.0,0,499.0
U1031,Aug-2025,BASIC,199.0,0.0,0,199.0
U2365,2026-01,Premium,999.0,0.0,0,999.0
U2424,01/01/2026, Standard ,499.0,0.0,FALSE,499.0
U2223,2025-12,Premium,999.0,0.0,FALSE,999.0
U1451,2025-11,basic ,199.0,0.0,False,199.0
U1747,Nov-2025,basic ,199.0,0.0,False,199.0
U1232,08/01/2025,STANDARD,499.0,,No,499.0
U1587,Nov-2025,standard,499.0,0.0,No,499.0
U1726,Sep-2025,Standard,499.0,0.0,No,499.0
U1934,Aug-2025,Standard,499.0,0.0,FALSE,499.0
U1379,01/01/2026,BASIC,199.0,0.0,False,199.0
U1010,Jan-2026,BASIC,199.0,0.0,False,199.0
U2088,2025-09,Basic,199.0,30.0,False,139.3
U1857,2025-09,STANDARD,499.0,0.0,False,499.0
U1486,09/01/2025,STANDARD,499.0,0.0,FALSE,499.0
U1477,Jan-2026,Basic,199.0,0.0,0,199.0
U1860,Sep-2025,BASIC,199.0,0.0,No,199.0
U1726,2025-12, Standard ,499.0,0.0,No,499.0
U1312,Jan-2026,Premium,999.0,0.0,0,999.0
U1422,Nov-2025,premium ,999.0,0.0,False,999.0
U1658,Sep-2025,Premium,999.0,0.0,False,999.0
U2297,2025-08, Standard ,499.0,30.0,0,349.3
U1024,2025-10,basic ,199.0,0.0,False,199.0
U1998,08/01/2025,Basic,199.0,0.0,False,199.0
U2098,10/01/2025,STANDARD,499.0,0.0,No,499.0
U1560,2025-10,Basic,199.0,0.0,False,199.0
U1144,12/01/2025,Basic,,0.0,No,199.0
U1859,08/01/2025,standard,499.0,0.0,No,499.0
U1956,2026-01,Standard,499.0,0.0,0,499.0
U1151,08/01/2025, Standard ,499.0,20.0,TRUE,0.0
U2069,Oct-2025,Basic,199.0,0.0,0,199.0
U1714,Sep-2025, Standard ,499.0,0.0,False,499.0
U1577,2025-09,standard,499.0,0.0,FALSE,499.0
U1926,08/01/2025,STANDARD,499.0,0.0,0,499.0
U2255,09/01/2025, Standard ,499.0,0.0,FALSE,499.0
U1437,Dec-2025,BASIC,199.0,10.0,0,179.1
U1452,Oct-2025,STANDARD,499.0,0.0,FALSE,499.0
U1631,11/01/2025, Standard ,499.0,0.0,0,499.0
U1646,Jan-2026,basic ,199.0,20.0,FALSE,159.2
U1944,11/01/2025,STANDARD,499.0,0.0,0,499.0
U1251,2025-11,Basic,199.0,30.0,FALSE,139.3
U1833,2025-09,STANDARD,499.0,,0,499.0
U1585,Jan-2026, PREMIUM,999.0,30.0,0,699.3
U2496,Nov-2025,standard,499.0,0.0,1,0.0
U2164,Aug-2025,Standard,499.0,0.0,No,499.0
U1942,2025-08,basic ,199.0,0.0,False,199.0
U1314,Aug-2025,Basic,199.0,0.0,0,199.0
U2329,2025-12,Basic,199.0,0.0,No,199.0
U2010,2025-08,Standard,499.0,,0,499.0
U1745,2025-12,basic ,199.0,0.0,No,199.0
U2498,10/01/2025,Basic,199.0,0.0,0,199.0
U1078,08/01/2025,standard,499.0,0.0,No,499.0
U1948,Aug-2025,BASIC,199.0,20.0,False,159.2
U1552,Oct-2025,Premium,999.0,0.0,0,999.0
U1688,2025-12, Standard ,499.0,0.0,No,499.0
U2317,2025-10,Basic,199.0,0.0,0,199.0
U1035,Jan-2026,Basic,199.0,0.0,False,199.0
U2399,11/01/2025,premium ,999.0,0.0,FALSE,
U1633,01/01/2026,Premium,999.0,0.0,FALSE,999.0
U2401,12/01/2025,premium ,999.0,0.0,FALSE,999.0
U2472,08/01/2025, Standard ,499.0,0.0,False,499.0
 U1821 ,10/01/2025,STANDARD,499.0,0.0,No,499.0
U2029,2025-09,premium ,999.0,0.0,False,999.0
U2257,12/01/2025,basic ,199.0,20.0,False,159.2
U1984,Aug-2025,Standard,,0.0,False,499.0
U1259,Oct-2025,Basic,199.0,30.0,0,139.3
U1842,01/01/2026,basic ,199.0,0.0,No,199.0
U2082,Dec-2025,Basic,199.0,0.0,FALSE,
U1776,2025-09,BASIC,199.0,0.0,0,199.0
U1522,2025-12, Standard ,499.0,0.0,No,499.0
U2402,2025-10,STANDARD,499.0,10.0,No,449.1
U1512,Sep-2025,Basic,199.0,0.0,False,199.0
U1977,10/01/2025,BASIC,199.0,0.0,No,199.0
U1359,10/01/2025,Basic,199.0,0.0,0,199.0
U1014,Jan-2026,Standard,499.0,20.0,FALSE,399.2
U1687,Nov-2025,Premium,999.0,0.0,0,999.0
U1479,11/01/2025,Basic,199.0,0.0,FALSE,199.0
U2310,10/01/2025,Premium,999.0,0.0,No,999.0
U1049,01/01/2026, Standard ,499.0,20.0,No,399.2
U1967,08/01/2025,Basic,199.0,0.0,0,199.0
U1712,Sep-2025,Basic,199.0,0.0,0,199.0
U1976,01/01/2026,premium ,999.0,0.0,FALSE,999.0
U1666,Sep-2025,basic ,199.0,0.0,FALSE,199.0
U1414,2025-08,premium ,999.0,0.0,False,999.0
U2373,09/01/2025,Premium,999.0,,False,999.0
U1046,Jan-2026,Premium,999.0,0.0,False,999.0
U1666,2025-08,basic ,199.0,0.0,FALSE,199.0
U2424,11/01/2025,standard,499.0,0.0,0,499.0
U1050,2026-01,Standard,499.0,0.0,0,499.0
U2239,Oct-2025, PREMIUM,999.0,30.0,False,699.3
U2346,11/01/2025,Basic,199.0,0.0,No,199.0
U1853,11/01/2025,standard,499.0,0.0,No,499.0
U2319,2025-11,Basic,199.0,30.0,False,139.3
U1206,2025-10,STANDARD,499.0,0.0,0,499.0
U2390,Oct-2025, Standard ,499.0,0.0,False,499.0
U2064,Dec-2025,premium ,,0.0,FALSE,999.0
U1345,2026-01,BASIC,199.0,0.0,False,199.0
U2369,11/01/2025,Basic,199.0,10.0,0,179.1
U2241,2025-08,standard,499.0,0.0,FALSE,499.0
U1917,Jan-2026,Standard,499.0,0.0,False,499.0
U1472,2026-01,STANDARD,499.0,0.0,False,499.0
U1555,2025-08,basic ,199.0,0.0,False,199.0
U1236,Sep-2025,basic ,199.0,0.0,No,199.0
U2063,2025-09, Standard ,499.0,0.0,FALSE,499.0
U1128,2025-08,Basic,199.0,0.0,False,199.0
U1474,09/01/2025,standard,499.0,0.0,0,499.0
U2083,Sep-2025,STANDARD,499.0,0.0,No,499.0
U1005,2025-10,Standard,499.0,0.0,FALSE,499.0
U2011,Nov-2025,basic ,199.0,30.0,0,139.3
U1907,Oct-2025,Basic,199.0,20.0,False,159.2
U1610,Jan-2026, Standard ,499.0,10.0,No,449.1
U1023,2026-01,Premium,999.0,0.0,FALSE,999.0
U2428,2025-08,Premium,,0.0,False,999.0
U2282,Sep-2025,standard,499.0,0.0,No,
U2397,Nov-2025,BASIC,199.0,0.0,No,199.0
U1432,Dec-2025,Premium,999.0,0.0,FALSE,999.0
U1852,Nov-2025,Premium,999.0,0.0,False,999.0
U1760,2025-10,Basic,199.0,0.0,FALSE,199.0
U1903,Sep-2025,Standard,499.0,0.0,0,499.0
U1349,11/01/2025,Standard,499.0,0.0,FALSE,499.0
U2194,11/01/2025,Standard,499.0,0.0,FALSE,499.0
U1893,10/01/2025,Basic,199.0,0.0,FALSE,199.0
U1394,2025-10,premium ,999.0,0.0,False,999.0
U1292,2025-12,Basic,199.0,0.0,0,199.0
U1917,Oct-2025,standard,499.0,0.0,False,499.0
U1520,2026-01,Basic,199.0,0.0,0,199.0
U2038,Oct-2025,Standard,499.0,0.0,0,499.0
U1109,2025-10,Basic,199.0,0.0,FALSE,199.0
U1590,2025-12,basic ,199.0,0.0,No,199.0
U1478,08/01/2025,Basic,199.0,0.0,False,199.0
U2127,01/01/2026,Basic,199.0,0.0,True,0.0
U1309,11/01/2025,Basic,199.0,20.0,FALSE,159.2
U2477,Nov-2025, PREMIUM,999.0,0.0,False,999.0
U2403,2025-12,Basic,199.0,0.0,FALSE,199.0
U1725,Nov-2025,basic ,199.0,0.0,0,199.0
U2081,2025-08,premium ,999.0,0.0,False,999.0
U2452,12/01/2025,Premium,999.0,0.0,False,999.0
U2135,11/01/2025,BASIC,199.0,0.0,False,199.0
U1594,Sep-2025,STANDARD,499.0,0.0,0,499.0
U2496,01/01/2026,standard,499.0,0.0,FALSE,499.0
U2372,Sep-2025,standard,,0.0,No,499.0
U1601,Jan-2026,basic ,199.0,0.0,FALSE,199.0
U2424,12/01/2025, Standard ,499.0,0.0,FALSE,499.0
U1573,2025-10,basic ,199.0,0.0,No,199.0
U1595,08/01/2025,Basic,199.0,0.0,1,0.0
U2152,01/01/2026, Standard ,499.0,0.0,No,499.0
U1207,11/01/2025,premium ,999.0,0.0,False,999.0
U2320,2025-09,Basic,199.0,0.0,FALSE,199.0
U1004,11/01/2025,basic ,199.0,0.0,1,0.0
U1486,Dec-2025,standard,499.0,0.0,No,499.0
U1862,Nov-2025,standard,499.0,0.0,FALSE,499.0
U1342,10/01/2025,Premium,999.0,0.0,No,999.0
U1316,Jan-2026,standard,499.0,30.0,No,349.3
U2160,2025-08,Standard,499.0,0.0,No,499.0
U2266,Nov-2025,Basic,199.0,10.0,FALSE,179.1
U2457,2025-11, PREMIUM,999.0,10.0,False,
U1656,09/01/2025,premium ,999.0,0.0,False,-1.0
U1985,2025-09,Basic,199.0,0.0,No,199.0
U1713,2026-01,Basic,199.0,0.0,False,199.0
U1505,10/01/2025,standard,499.0,,FALSE,499.0
U1998,Nov-2025,Basic,199.0,0.0,0,199.0
U1245,2025-12,BASIC,199.0,0.0,No,199.0
U1357,Dec-2025,premium ,999.0,20.0,FALSE,799.2
U1160,11/01/2025, Standard ,499.0,0.0,No,499.0
U2259,2026-01, Standard ,499.0,30.0,FALSE,349.3
U2213,2025-11, Standard ,499.0,0.0,TRUE,0.0
U1961,Dec-2025, Standard ,499.0,0.0,FALSE,499.0
U1649,2025-10,Basic,199.0,0.0,FALSE,199.0
U1611,2025-11,basic ,199.0,0.0,False,199.0
U1095,2026-01,STANDARD,499.0,0.0,0,499.0
U1301,2026-01,basic ,199.0,0.0,FALSE,199.0
U2335,08/01/2025,premium ,999.0,0.0,No,999.0
U1109,01/01/2026,Basic,199.0,0.0,0,199.0
U2022,Nov-2025,Basic,199.0,0.0,0,199.0
U2452,Oct-2025,Premium,999.0,0.0,No,999.0
U2060,2025-09,basic ,199.0,0.0,No,199.0
U1224,11/01/2025, PREMIUM,999.0,30.0,No,699.3
U1576,2025-10,Standard,499.0,0.0,FALSE,499.0
U1193,2025-11,Basic,199.0,0.0,False,199.0
U1789,Sep-2025,standard,499.0,0.0,True,0.0
U1081,10/01/2025,premium ,999.0,0.0,FALSE,999.0
U2241,Dec-2025, Standard ,499.0,0.0,False,499.0
U1798,09/01/2025,standard,499.0,0.0,FALSE,499.0
U2453,2025-11,basic ,199.0,0.0,0,199.0
U1021,2025-11, Standard ,499.0,0.0,FALSE,499.0
U1012,2025-10, PREMIUM,999.0,0.0,FALSE,999.0
U1247,2025-12,Basic,199.0,0.0,FALSE,199.0
U1956,Aug-2025,premium ,999.0,0.0,0,999.0
U1890,Dec-2025,STANDARD,499.0,0.0,FALSE,499.0
U2310,Jan-2026, PREMIUM,999.0,0.0,False,999.0
U1466,2025-09,Premium,999.0,0.0,No,999.0
U1895,Sep-2025, Standard ,499.0,0.0,FALSE,499.0
U1877,10/01/2025,Basic,199.0,0.0,False,199.0
U1306,Dec-2025,BASIC,199.0,0.0,No,199.0
U2095,Nov-2025,Basic,199.0,0.0,False,199.0
U1904,Oct-2025,premium ,999.0,30.0,0,699.3
U2071,01/01/2026, Standard ,499.0,0.0,FALSE,499.0
U1906,Oct-2025,Standard,499.0,10.0,False,449.1
U1558,Nov-2025,Basic,199.0,0.0,FALSE,199.0
U1108,2025-12,STANDARD,499.0,0.0,FALSE,499.0
U2290,2025-11,Premium,999.0,0.0,No,-1.0
U1784,01/01/2026,Premium,999.0,0.0,0,999.0
U1436,Aug-2025,Premium,999.0,10.0,FALSE,899.1
U1482,08/01/2025,Standard,499.0,0.0,No,499.0
U2321,2026-01,basic ,199.0,0.0,No,199.0
U2287,2025-08,Basic,199.0,0.0,No,199.0
U1363,11/01/2025,standard,499.0,0.0,False,499.0
U1210,2026-01,Standard,499.0,0.0,False,499.0
U1436,09/01/2025,Premium,999.0,0.0,No,999.0
U2166,Jan-2026,Basic,199.0,30.0,No,139.3
U1184,Aug-2025,standard,499.0,0.0,FALSE,499.0
U1511,2025-10, Standard ,499.0,20.0,False,399.2
U2471,Nov-2025,STANDARD,,0.0,0,499.0
U1750,Jan-2026,STANDARD,499.0,0.0,FALSE,499.0
U1706,01/01/2026,Basic,199.0,0.0,TRUE,0.0
U1947,Aug-2025,Premium,999.0,0.0,No,999.0
U1388,09/01/2025,Basic,199.0,0.0,0,
U1073,01/01/2026,Standard,499.0,0.0,No,499.0
U2284,2025-09,Basic,199.0,10.0,False,179.1
U1929,2025-09,standard,499.0,0.0,FALSE,499.0
U1550,2025-12,STANDARD,499.0,0.0,0,499.0
U2043,11/01/2025,standard,499.0,20.0,No,399.2
U2189,01/01/2026,basic ,199.0,0.0,False,199.0
U2395,09/01/2025,Standard,499.0,0.0,FALSE,499.0
U2499,11/01/2025,Basic,199.0,0.0,0,199.0
U1234,2025-09,Premium,999.0,0.0,0,999.0
U1840,2026-01,basic ,199.0,0.0,0,199.0
U1570,2025-12,Basic,199.0,0.0,0,199.0
U2206,Nov-2025,STANDARD,499.0,10.0,0,449.1
U1358,2025-11,STANDARD,499.0,0.0,0,499.0
U1427,2025-09,Premium,999.0,0.0,0,999.0
U1077,12/01/2025,standard,499.0,0.0,0,499.0
U2315,2025-08,Premium,999.0,0.0,0,999.0
U2414,2026-01,Premium,999.0,0.0,1,0.0
U1817,2025-11,premium ,,0.0,FALSE,999.0
U2487,2025-10,Standard,499.0,0.0,False,499.0
U1968,08/01/2025, Standard ,499.0,0.0,FALSE,499.0
U2164,Oct-2025,STANDARD,499.0,,Yes,0.0
U2315,Dec-2025, Standard ,499.0,0.0,No,499.0
U1636,10/01/2025,Premium,999.0,0.0,False,999.0
U1464,2025-12,BASIC,199.0,0.0,FALSE,199.0
U1298,2025-12,premium ,999.0,0.0,FALSE,999.0
U1562,10/01/2025,Standard,,0.0,0,499.0
U1268,Oct-2025,Standard,499.0,0.0,False,499.0
U1220,09/01/2025,Basic,199.0,0.0,0,199.0
U1258,Aug-2025,premium ,999.0,0.0,No,999.0
U1599,11/01/2025,basic ,199.0,,0,179.1
U1900,2026-01,Basic,199.0,0.0,No,199.0
U2204,08/01/2025,Standard,499.0,0.0,0,499.0
U1193,Oct-2025,Basic,199.0,10.0,No,179.1
U1101,2025-10,BASIC,199.0,0.0,0,199.0
U2499,08/01/2025,Basic,199.0,0.0,No,199.0
U1873,2025-09,Premium,999.0,0.0,0,999.0
U1666,12/01/2025,Basic,199.0,10.0,FALSE,179.1
U2069,08/01/2025,Basic,199.0,0.0,No,199.0
U1310,Nov-2025,BASIC,199.0,0.0,0,199.0
U2236,2025-11,Premium,999.0,0.0,Yes,0.0
U1600,2025-08, PREMIUM,999.0,0.0,0,999.0
U1045,Oct-2025, PREMIUM,999.0,0.0,FALSE,999.0
U2488,Oct-2025,Standard,499.0,0.0,No,499.0
 U1488 ,09/01/2025,STANDARD,499.0,0.0,0,499.0
U2091,2025-12,Premium,999.0,0.0,No,999.0
U1240,11/01/2025,standard,499.0,0.0,False,
U2272,01/01/2026, PREMIUM,999.0,0.0,0,999.0
U1885,2025-10,STANDARD,499.0,0.0,0,499.0
U2075,2025-09,Basic,199.0,0.0,False,199.0
U2051,2026-01,basic ,199.0,0.0,False,199.0
U1454,2025-10,Premium,999.0,0.0,FALSE,999.0
U1993,Oct-2025,BASIC,199.0,0.0,0,199.0
U1060,2025-12,Basic,199.0,0.0,No,199.0
U1983,08/01/2025, Standard ,499.0,0.0,0,499.0
U1657,2025-12,STANDARD,499.0,0.0,FALSE,499.0
U2073,12/01/2025, PREMIUM,999.0,0.0,False,999.0
U1295,11/01/2025, Standard ,499.0,0.0,FALSE,499.0
U2059,08/01/2025,standard,499.0,0.0,0,499.0
U1011,2026-01,basic ,199.0,0.0,0,199.0
U1456,2025-09,Basic,199.0,0.0,0,199.0
U1772,2025-10,Standard,499.0,0.0,False,499.0
U2112,08/01/2025,standard,499.0,0.0,No,499.0
U1793,Sep-2025,Basic,199.0,0.0,FALSE,199.0
U1843,2025-08,Basic,199.0,0.0,No,199.0
U1897,08/01/2025,Premium,999.0,0.0,FALSE,999.0
U2368,Jan-2026, Standard ,499.0,0.0,0,499.0
U2063,10/01/2025,STANDARD,499.0,0.0,No,499.0
U1910,Oct-2025,STANDARD,499.0,30.0,No,349.3
U1699,11/01/2025,STANDARD,499.0,0.0,No,499.0
U1363,10/01/2025,STANDARD,499.0,0.0,No,499.0
U2192,Jan-2026, PREMIUM,999.0,0.0,0,999.0
U2254,2025-10,BASIC,199.0,0.0,0,199.0
U2069,2026-01,BASIC,199.0,0.0,0,199.0
U1119,09/01/2025,Premium,,0.0,No,999.0
U2153,Oct-2025,Premium,999.0,0.0,0,999.0
U1207,12/01/2025, PREMIUM,999.0,0.0,No,999.0
U2383,2026-01,Basic,199.0,0.0,FALSE,199.0
U1804,2025-08, Standard ,,0.0,0,499.0
U1795,2025-08,Basic,199.0,0.0,No,199.0
U1061,10/01/2025,BASIC,199.0,0.0,FALSE,199.0
U1829,2026-01,basic ,199.0,0.0,FALSE,199.0
U2169,10/01/2025,standard,499.0,20.0,FALSE,399.2
U1886,12/01/2025,Premium,999.0,0.0,0,999.0
U1825,2026-01,standard,499.0,0.0,False,499.0
U2210,2025-11,premium ,999.0,0.0,False,999.0
U1333,2025-08, PREMIUM,999.0,20.0,0,799.2
U1415,2025-10,premium ,999.0,0.0,FALSE,999.0
U1840,Oct-2025,basic ,199.0,0.0,0,199.0
U1254,Aug-2025,basic ,199.0,0.0,False,199.0
U2008,12/01/2025,BASIC,199.0,0.0,False,199.0
U1216,Oct-2025,Basic,199.0,0.0,0,199.0
U2460,Nov-2025,standard,499.0,0.0,0,499.0
U2296,08/01/2025,basic ,199.0,0.0,False,199.0
U2234,Nov-2025,standard,499.0,0.0,No,499.0
U1532,08/01/2025,Standard,499.0,20.0,False,399.2
U2487,01/01/2026, Standard ,499.0,10.0,FALSE,449.1
U1815,2025-08, PREMIUM,999.0,0.0,False,999.0
U1342,2025-12, PREMIUM,999.0,,FALSE,999.0
U1272,2025-08,STANDARD,499.0,0.0,False,499.0
U2306,Oct-2025, Standard ,499.0,0.0,Yes,0.0
U1994,2025-08,BASIC,199.0,0.0,0,199.0
U1987,Dec-2025,STANDARD,499.0,0.0,False,499.0
U2020,08/01/2025,Premium,999.0,20.0,0,799.2
U2457,Dec-2025,Premium,999.0,0.0,0,999.0
U1620,2025-08,Premium,999.0,0.0,False,999.0
U2352,Aug-2025,BASIC,199.0,0.0,False,199.0
U2149,2026-01,Premium,999.0,0.0,0,999.0
U1454,11/01/2025,Premium,999.0,30.0,FALSE,699.3
U1185,2025-12,STANDARD,499.0,10.0,False,449.1
U1017,Oct-2025, Standard ,499.0,0.0,No,499.0
U2023,2025-11, Standard ,499.0,0.0,FALSE,499.0
U1330,12/01/2025,basic ,199.0,,TRUE,0.0
U1974,12/01/2025,Standard,499.0,0.0,0,499.0
U1013,Dec-2025,premium ,999.0,0.0,False,999.0
U2151,2025-08,Standard,499.0,0.0,False,499.0
U1880,Aug-2025,premium ,999.0,0.0,FALSE,999.0
U2009,11/01/2025,standard,499.0,20.0,False,399.2
U1987,2025-08,Standard,499.0,0.0,FALSE,499.0
U1332,2025-10,BASIC,,20.0,FALSE,159.2
U1869,Aug-2025, Standard ,499.0,0.0,FALSE,499.0
U2248,2025-08,Basic,199.0,0.0,False,199.0
U1133,2025-11,Basic,199.0,0.0,FALSE,199.0
U1538,09/01/2025,Basic,199.0,0.0,False,199.0
U2046,08/01/2025,Premium,999.0,0.0,No,999.0
U1469,01/01/2026, Standard ,499.0,0.0,0,499.0
U1012,2025-11,premium ,999.0,0.0,No,999.0
U2089,2025-10, PREMIUM,999.0,0.0,No,999.0
U1251,2025-09,BASIC,199.0,0.0,No,199.0
U1132,12/01/2025,BASIC,199.0,0.0,FALSE,199.0
U1897,2025-11, Standard ,499.0,0.0,FALSE,499.0
U1268,Aug-2025,Standard,499.0,0.0,FALSE,499.0
U1193,Sep-2025,basic ,199.0,0.0,FALSE,199.0
U1732,Aug-2025,Basic,199.0,0.0,FALSE,199.0
U1593,Nov-2025,BASIC,199.0,0.0,TRUE,0.0
U2463,08/01/2025,standard,499.0,0.0,0,499.0
U1499,2025-08, PREMIUM,999.0,30.0,0,699.3
U1103,11/01/2025,basic ,199.0,0.0,0,-1.0
U1975,2026-01,standard,499.0,10.0,False,449.1
U2188,2025-09,STANDARD,,0.0,FALSE,499.0
U1587,10/01/2025, Standard ,499.0,0.0,0,499.0
U2488,Dec-2025, Standard ,499.0,0.0,No,499.0
U2481,Oct-2025,standard,499.0,0.0,0,499.0
U1491,2025-12,premium ,999.0,30.0,0,699.3
U1276,2025-10,Premium,999.0,0.0,FALSE,999.0
U1274,2025-08, PREMIUM,999.0,0.0,0,999.0
U2319,2026-01,Basic,199.0,,FALSE,179.1
U1478,Oct-2025,basic ,199.0,0.0,No,199.0
U1211,2025-08,basic ,199.0,0.0,False,199.0
U2022,09/01/2025,basic ,,0.0,FALSE,199.0
U1435,10/01/2025,premium ,999.0,0.0,No,999.0
U2096,Nov-2025,basic ,199.0,0.0,FALSE,199.0
U1875,2026-01,standard,499.0,10.0,TRUE,0.0
U1438,2025-12,STANDARD,499.0,0.0,FALSE,499.0
U2494,Nov-2025,basic ,199.0,0.0,TRUE,0.0
U1147,08/01/2025,BASIC,199.0,,0,199.0
U1410,2025-11,BASIC,199.0,0.0,FALSE,199.0
U1404,Nov-2025,basic ,199.0,0.0,FALSE,199.0
U1906,2025-11,standard,499.0,0.0,FALSE,499.0
U2340,09/01/2025,STANDARD,499.0,0.0,FALSE,499.0
U2410,2026-01,premium ,,20.0,No,799.2
U1355,Nov-2025,premium ,999.0,0.0,No,999.0
U1926,Oct-2025,basic ,199.0,10.0,False,179.1
U1728,2025-08,Premium,999.0,0.0,No,999.0
U1620,Dec-2025,premium ,999.0,0.0,FALSE,999.0
U1642,Dec-2025,STANDARD,499.0,0.0,False,499.0
U1539,2025-12,Premium,999.0,0.0,False,999.0
U1275,Dec-2025, Standard ,499.0,0.0,0,499.0
U2277,2025-11,standard,499.0,0.0,False,499.0
U1398,01/01/2026,Basic,199.0,0.0,FALSE,199.0
U1690,Dec-2025,BASIC,199.0,0.0,TRUE,0.0
U1104,01/01/2026, PREMIUM,999.0,0.0,False,999.0
U1204,Jan-2026,basic ,199.0,30.0,False,139.3
U2200,2025-11,basic ,199.0,0.0,FALSE,199.0
U1737,2025-11,Premium,999.0,0.0,FALSE,999.0
U1448,12/01/2025,BASIC,199.0,0.0,Yes,0.0
U2081,12/01/2025,Premium,999.0,,No,999.0
U1936,Dec-2025,Basic,199.0,0.0,No,199.0
U1410,10/01/2025,BASIC,199.0,0.0,FALSE,199.0
U1501,Jan-2026,Premium,999.0,0.0,0,999.0
U1367,Nov-2025,Basic,199.0,,FALSE,199.0
U1808,09/01/2025,Standard,499.0,0.0,FALSE,499.0
U1324,12/01/2025, Standard ,499.0,0.0,False,499.0
U1027,09/01/2025,Premium,999.0,0.0,False,999.0
U1174,2025-08,Basic,199.0,0.0,False,199.0
U1267,2025-10,Basic,199.0,0.0,No,199.0
U1763,Aug-2025, PREMIUM,999.0,0.0,0,999.0
 U2345 ,08/01/2025,STANDARD,499.0,0.0,No,499.0
U1813,Nov-2025,BASIC,199.0,0.0,True,0.0
U2309,2025-11,Basic,199.0,10.0,FALSE,179.1
U1603,10/01/2025,Basic,199.0,0.0,False,199.0
U1449,2025-08,STANDARD,499.0,0.0,No,499.0
U1265,11/01/2025,BASIC,199.0,0.0,No,199.0
U1061,09/01/2025,Standard,499.0,0.0,False,499.0
U2355,Oct-2025, PREMIUM,999.0,0.0,No,999.0
U2352,2025-11,Basic,199.0,0.0,False,199.0
U1987,11/01/2025,STANDARD,499.0,0.0,No,499.0
U1023,10/01/2025, PREMIUM,999.0,0.0,No,999.0
U1375,08/01/2025,premium ,999.0,30.0,False,699.3
U1681,2025-12,Premium,999.0,0.0,0,999.0
U1476,10/01/2025, Standard ,499.0,0.0,0,499.0
U2335,Nov-2025,Premium,999.0,0.0,No,999.0
U1785,08/01/2025,Basic,199.0,0.0,False,199.0
U1480,Sep-2025,Basic,199.0,0.0,False,199.0
U1013,10/01/2025, PREMIUM,999.0,10.0,FALSE,899.1
U1368,2026-01,Basic,199.0,0.0,0,199.0
U2101,2025-08,premium ,999.0,0.0,0,999.0
U1297,Oct-2025,Premium,999.0,30.0,0,699.3
U1803,Nov-2025,basic ,199.0,10.0,False,179.1
U1368,Nov-2025,Basic,199.0,0.0,0,199.0
U1404,2025-12,basic ,199.0,0.0,No,199.0
U2285,2025-11,STANDARD,499.0,30.0,0,349.3
U2311,2025-09, PREMIUM,999.0,10.0,1,0.0
U1504,2025-12,premium ,999.0,10.0,FALSE,899.1
U1229,08/01/2025,Basic,199.0,0.0,FALSE,199.0
U2036,09/01/2025,premium ,999.0,0.0,False,
U2461,2026-01,Basic,199.0,10.0,No,179.1
U1797,Dec-2025,basic ,199.0,0.0,Yes,
U1684,Aug-2025, PREMIUM,999.0,0.0,False,999.0
U2068,09/01/2025, Standard ,499.0,,0,499.0
U1628,2025-11,standard,499.0,0.0,0,499.0
U2463,2025-10,STANDARD,499.0,0.0,FALSE,499.0
U2494,2025-09,Basic,199.0,0.0,0,199.0
U2227,Oct-2025,basic ,199.0,0.0,0,199.0
U2434,2026-01,Basic,199.0,0.0,FALSE,199.0
U1383,01/01/2026,Basic,199.0,,Yes,0.0
U1188,Sep-2025,premium ,999.0,0.0,No,999.0
U1204,Jan-2026,basic ,199.0,30.0,False,139.3
U1133,Sep-2025,BASIC,199.0,0.0,FALSE,199.0
U1794,Jan-2026,premium ,999.0,0.0,No,999.0
U1682,Sep-2025,premium ,999.0,0.0,0,999.0
U2486,2026-01,standard,499.0,0.0,False,499.0
U1497,2025-11,Premium,999.0,0.0,0,-1.0
U2434,Oct-2025,basic ,199.0,0.0,0,199.0
U2093,11/01/2025,Premium,999.0,0.0,0,999.0
U1376,2025-10,standard,499.0,0.0,No,499.0
U1220,2025-08,Basic,199.0,0.0,FALSE,199.0
U2327,10/01/2025,Premium,999.0,30.0,No,699.3
U1175,08/01/2025,Premium,999.0,30.0,0,699.3
U2466,2026-01,basic ,199.0,0.0,No,199.0
U2369,01/01/2026,Basic,199.0,0.0,No,199.0
U2318,Oct-2025,premium ,999.0,0.0,0,999.0
U1241,Sep-2025, Standard ,499.0,0.0,False,499.0
U1725,Oct-2025,Basic,,30.0,No,139.3
U1279,2025-10,Basic,199.0,0.0,FALSE,199.0
U2211,Sep-2025,STANDARD,499.0,0.0,False,499.0
U1434,11/01/2025,Basic,199.0,0.0,0,199.0
U1669,Oct-2025,STANDARD,499.0,0.0,FALSE,499.0
U1602,2026-01, Standard ,499.0,0.0,No,499.0
U2366,01/01/2026,BASIC,199.0,0.0,0,199.0
U1053,2025-09,Basic,199.0,0.0,FALSE,199.0
U2490,Oct-2025,Basic,199.0,0.0,FALSE,199.0
U1415,Jan-2026,Premium,999.0,20.0,0,799.2
U1938,2026-01,basic ,199.0,30.0,1,0.0
U1026,Aug-2025,Premium,999.0,10.0,False,899.1
U1046,Sep-2025,Premium,999.0,30.0,No,699.3
U1317,Oct-2025,Standard,499.0,10.0,0,449.1
U1628,2026-01,Standard,499.0,10.0,False,449.1
U1711,2025-12,Basic,199.0,0.0,False,199.0
U1348,2025-10,BASIC,199.0,0.0,False,199.0
U1845,Oct-2025,Basic,199.0,0.0,FALSE,199.0
U1648,12/01/2025,standard,499.0,10.0,False,449.1
U1324,2025-08,premium ,999.0,20.0,0,799.2
U2405,2025-10,Premium,999.0,20.0,No,799.2
U2368,Nov-2025,standard,499.0,0.0,FALSE,499.0
U1787,09/01/2025,Premium,999.0,0.0,0,999.0
U1894,2025-12,Standard,499.0,0.0,False,499.0
U2087,Nov-2025,STANDARD,499.0,0.0,0,499.0
U1773,Dec-2025,Standard,499.0,0.0,0,499.0
U2473,Dec-2025,Basic,199.0,0.0,True,0.0
U1900,11/01/2025,basic ,199.0,0.0,No,199.0
U1643,08/01/2025,Premium,999.0,0.0,No,999.0
U1552,09/01/2025,Premium,999.0,0.0,False,999.0
U1196,Oct-2025,STANDARD,499.0,0.0,No,499.0
U2437,12/01/2025,premium ,999.0,0.0,FALSE,
U2016,Aug-2025,Premium,999.0,0.0,0,999.0
U1272,2025-09,STANDARD,499.0,0.0,No,499.0
U1092,2025-12,BASIC,199.0,0.0,False,199.0
 U2381 ,Jan-2026,Basic,199.0,0.0,FALSE,199.0
U2393,2025-08,premium ,999.0,0.0,No,999.0
U1371,08/01/2025,BASIC,199.0,0.0,0,
U1228,Oct-2025, PREMIUM,999.0,0.0,FALSE,999.0
U1578,Aug-2025,STANDARD,499.0,0.0,FALSE,499.0
U2032,09/01/2025,standard,499.0,0.0,FALSE,
U2445,Sep-2025,basic ,199.0,0.0,False,199.0
U2245,2025-09,Basic,199.0,0.0,No,199.0
U1845,Sep-2025,basic ,199.0,0.0,No,199.0
U2310,11/01/2025, PREMIUM,999.0,30.0,0,699.3
U1743,2026-01,basic ,199.0,0.0,No,199.0
 U1022 ,Oct-2025,STANDARD,499.0,10.0,FALSE,449.1
U2211,01/01/2026,basic ,199.0,0.0,No,199.0
U1107,Oct-2025,standard,499.0,0.0,0,499.0
U1040,2025-10,Basic,199.0,0.0,FALSE,199.0
U2264,Nov-2025,BASIC,199.0,0.0,0,199.0
U1917,Dec-2025, Standard ,499.0,0.0,0,499.0
U2234,10/01/2025, Standard ,499.0,0.0,FALSE,499.0
U1962,Sep-2025,basic ,199.0,0.0,FALSE,199.0
U1892,2025-11,premium ,999.0,0.0,No,999.0
U2168,2026-01, Standard ,499.0,0.0,False,499.0
U1992,Nov-2025,BASIC,199.0,0.0,No,199.0
U1748,12/01/2025,Standard,499.0,0.0,FALSE,499.0
U1935,Sep-2025,Basic,199.0,0.0,No,199.0
U1767,2026-01,STANDARD,499.0,30.0,False,349.3
U1594,2025-08, Standard ,499.0,0.0,FALSE,499.0
U2133,Nov-2025,Premium,,0.0,0,999.0
U1567,08/01/2025,Basic,199.0,0.0,False,199.0
U1592,Aug-2025,premium ,999.0,0.0,False,999.0
U1790,Nov-2025,basic ,199.0,0.0,No,199.0
U1112,Jan-2026,basic ,,0.0,False,199.0
U1464,2026-01,Basic,199.0,0.0,0,199.0
U1271,2026-01, PREMIUM,999.0,10.0,FALSE,899.1
U1629,01/01/2026,BASIC,199.0,0.0,No,199.0
U2095,Dec-2025,Basic,199.0,0.0,FALSE,199.0
U1663,2025-10,premium ,999.0,0.0,False,999.0
U2442,2026-01,BASIC,199.0,0.0,0,199.0
U1749,Oct-2025,Standard,499.0,0.0,0,499.0
U1643,01/01/2026,Premium,999.0,0.0,No,999.0
U1871,2025-08,Basic,199.0,0.0,No,199.0
U2220,Oct-2025,STANDARD,499.0,0.0,FALSE,499.0
U1729,Aug-2025,Basic,199.0,0.0,0,199.0
U1770,2025-11,Basic,199.0,30.0,1,0.0
U1152,Oct-2025,STANDARD,499.0,0.0,0,499.0
U2328,09/01/2025,Basic,199.0,0.0,False,199.0
U2267,08/01/2025,premium ,999.0,0.0,0,999.0
U1176,Aug-2025, PREMIUM,999.0,0.0,No,999.0
U1211,2025-10,Basic,199.0,0.0,FALSE,199.0
U2285,2026-01,Standard,499.0,0.0,1,0.0
 U2064 ,11/01/2025, PREMIUM,999.0,0.0,FALSE,
U2176,Aug-2025, PREMIUM,999.0,0.0,FALSE,999.0
U1787,11/01/2025,Premium,999.0,0.0,FALSE,999.0
U2004,Jan-2026,STANDARD,499.0,0.0,False,499.0
U2333,Sep-2025, Standard ,499.0,30.0,No,349.3
U2265,Oct-2025,BASIC,199.0,0.0,FALSE,199.0
U1825,Dec-2025,Standard,499.0,0.0,0,499.0
U1533,Oct-2025, PREMIUM,999.0,0.0,1,0.0
U2223,Jan-2026, PREMIUM,999.0,0.0,FALSE,999.0
U1776,12/01/2025,basic ,199.0,20.0,False,159.2
U1567,12/01/2025,basic ,199.0,0.0,No,199.0
U1759,01/01/2026,Standard,499.0,0.0,FALSE,499.0
U1397,Oct-2025,Standard,499.0,0.0,False,499.0
U1678,Nov-2025, PREMIUM,999.0,0.0,No,999.0
U1241,Oct-2025,Standard,499.0,0.0,0,499.0
U1645,2026-01,Standard,499.0,0.0,FALSE,499.0
U1373,2025-11,standard,499.0,0.0,No,499.0
U1248,2025-08, Standard ,499.0,0.0,False,
U1394,2025-08,premium ,999.0,0.0,False,999.0
U1182,Aug-2025,BASIC,199.0,0.0,No,199.0
U2400,11/01/2025,BASIC,199.0,0.0,FALSE,199.0
U2226,08/01/2025,BASIC,199.0,0.0,False,199.0
U1360,09/01/2025,Basic,199.0,0.0,FALSE,199.0
U2450,2025-08,Premium,999.0,,FALSE,699.3
U2232,01/01/2026,basic ,199.0,30.0,No,139.3
U1939,10/01/2025,premium ,999.0,0.0,False,
U1840,11/01/2025,BASIC,199.0,20.0,False,159.2
U1914,2025-12,standard,499.0,0.0,FALSE,499.0
U1579,12/01/2025,basic ,199.0,0.0,False,199.0
U1448,12/01/2025,BASIC,199.0,0.0,Yes,0.0
U2313,Oct-2025, Standard ,499.0,0.0,No,499.0
U1700,11/01/2025,STANDARD,499.0,0.0,0,499.0
U1116,2025-10, Standard ,499.0,0.0,No,499.0
U2283,09/01/2025,Premium,999.0,0.0,No,999.0
U2381,08/01/2025,Basic,199.0,0.0,0,199.0
U1776,Nov-2025,basic ,199.0,10.0,0,179.1
U2431,Sep-2025,STANDARD,499.0,0.0,False,499.0
U1694,Aug-2025,basic ,199.0,0.0,False,199.0
U1354,09/01/2025,basic ,199.0,0.0,0,199.0
U1886,11/01/2025,Premium,999.0,0.0,No,999.0
U2001,09/01/2025,Standard,499.0,0.0,False,499.0
U2011,09/01/2025,STANDARD,499.0,0.0,No,499.0
U2357,Jan-2026,basic ,199.0,0.0,FALSE,199.0
U2122,2025-12,basic ,199.0,0.0,FALSE,199.0
U1483,09/01/2025,Basic,199.0,0.0,True,0.0
U1874,2025-08,basic ,199.0,0.0,FALSE,199.0
U1831,Sep-2025,STANDARD,499.0,30.0,No,349.3
U1834,09/01/2025,BASIC,199.0,0.0,No,199.0
U1343,2025-09,premium ,999.0,0.0,False,999.0
U1854,Sep-2025,basic ,199.0,0.0,False,199.0
U1697,Sep-2025,BASIC,199.0,30.0,FALSE,139.3
U1994,09/01/2025,BASIC,199.0,0.0,False,199.0
U2238,Oct-2025, Standard ,499.0,0.0,No,499.0
 U1154 ,Nov-2025,Premium,999.0,0.0,False,999.0
U2029,2025-11, PREMIUM,999.0,0.0,No,999.0
U1168,Sep-2025,Premium,999.0,0.0,No,999.0
U2299,2025-08,Basic,199.0,0.0,False,
U1664,Oct-2025,Basic,199.0,0.0,FALSE,199.0
U1346,2025-11,Basic,199.0,30.0,0,139.3
U1282,Oct-2025,Basic,199.0,0.0,0,199.0
U1895,10/01/2025, Standard ,499.0,0.0,FALSE,499.0
U2324,Nov-2025,Basic,199.0,0.0,FALSE,199.0
U1483,11/01/2025,BASIC,,0.0,False,199.0
U1126,10/01/2025,premium ,999.0,0.0,0,999.0
U2076,10/01/2025, Standard ,499.0,0.0,False,499.0
U2427,2025-09,BASIC,199.0,0.0,No,199.0
U1285,11/01/2025,BASIC,199.0,0.0,0,199.0
U1078,10/01/2025,STANDARD,499.0,0.0,1,0.0
U1301,Oct-2025,STANDARD,,10.0,No,449.1
U1289,11/01/2025,premium ,,0.0,False,999.0
U1072,11/01/2025,Basic,199.0,0.0,FALSE,199.0
U2056,Nov-2025,standard,499.0,0.0,0,499.0
U1115,12/01/2025,BASIC,199.0,0.0,False,199.0
U1962,Oct-2025,BASIC,199.0,20.0,FALSE,159.2
U1315,09/01/2025,BASIC,,0.0,No,199.0
U2076,2026-01,STANDARD,499.0,0.0,0,499.0
U1055,Jan-2026,BASIC,199.0,0.0,0,199.0
U1804,Nov-2025, Standard ,499.0,0.0,False,499.0
U1564,2025-11,BASIC,199.0,0.0,False,199.0
U1234,10/01/2025,Premium,999.0,0.0,0,999.0
U1807,Dec-2025,standard,499.0,30.0,False,349.3
U2445,01/01/2026,BASIC,199.0,0.0,False,199.0
U1554,12/01/2025,BASIC,199.0,0.0,0,199.0
U1814,2025-12,Basic,199.0,20.0,0,159.2
U1941,Sep-2025,standard,499.0,0.0,False,499.0
U1133,2025-08,Basic,199.0,0.0,FALSE,199.0
U1582,Dec-2025,basic ,199.0,0.0,False,199.0
U1332,Sep-2025,BASIC,199.0,0.0,False,199.0
U1914,Oct-2025,STANDARD,499.0,0.0,False,499.0
U2190,09/01/2025,BASIC,199.0,0.0,FALSE,199.0
U1679,Jan-2026,standard,499.0,0.0,No,499.0
U1358,Dec-2025,standard,499.0,10.0,FALSE,449.1
U2433,2025-09, Standard ,499.0,0.0,No,499.0
U1893,2025-09,Basic,199.0,30.0,0,139.3
U1506,2025-08,Premium,999.0,0.0,False,999.0
U1868,09/01/2025, PREMIUM,999.0,0.0,No,999.0
U1629,Dec-2025,Basic,199.0,10.0,0,179.1
U1543,10/01/2025,Premium,999.0,0.0,FALSE,999.0
U2078,10/01/2025,Basic,199.0,0.0,FALSE,199.0
U1629,10/01/2025,Basic,199.0,0.0,FALSE,199.0
U2089,Nov-2025,Premium,999.0,0.0,0,999.0
U1632,2025-12, PREMIUM,999.0,0.0,False,999.0
 U1276 ,2025-11,premium ,999.0,0.0,No,999.0
U1922,2025-08,Standard,499.0,0.0,FALSE,499.0
U2447,08/01/2025,basic ,199.0,0.0,No,199.0
U1045,Jan-2026,Premium,999.0,20.0,No,799.2
U2354,2025-08,BASIC,199.0,,FALSE,199.0
U1612,2025-11,BASIC,199.0,0.0,Yes,0.0
U2135,Sep-2025,Basic,199.0,0.0,FALSE,199.0
U1035,2025-08,Basic,199.0,0.0,False,199.0
U1937,2025-11,BASIC,199.0,20.0,FALSE,159.2
U1653,Dec-2025,Standard,499.0,0.0,TRUE,0.0
U2363,08/01/2025, PREMIUM,999.0,0.0,FALSE,999.0
U2403,09/01/2025,Basic,199.0,0.0,FALSE,199.0
U2109,08/01/2025,standard,499.0,0.0,0,499.0
U1407,2025-12,standard,499.0,20.0,False,399.2
U1817,09/01/2025,Premium,999.0,30.0,0,699.3
U1238,01/01/2026,Basic,199.0,30.0,No,139.3
U2367,Dec-2025,Premium,999.0,0.0,0,999.0
U2394,2025-10,Basic,199.0,0.0,0,199.0
U1453,11/01/2025,BASIC,199.0,0.0,No,
U1853,10/01/2025,STANDARD,499.0,0.0,0,499.0
U1510,Jan-2026, Standard ,499.0,0.0,FALSE,499.0
U1385,Nov-2025,Premium,999.0,0.0,No,999.0
U1967,2025-12,Basic,199.0,0.0,FALSE,199.0
U2133,2025-08, PREMIUM,999.0,20.0,0,799.2
U1585,2025-11,Premium,999.0,0.0,No,999.0
U1513,2026-01,basic ,,0.0,0,199.0
U1160,2025-08,Premium,999.0,0.0,FALSE,999.0
U1789,12/01/2025,Standard,499.0,20.0,False,399.2
U1517,10/01/2025, Standard ,499.0,0.0,FALSE,499.0
U1878,01/01/2026, PREMIUM,999.0,30.0,False,699.3
U2245,2025-11,BASIC,199.0,0.0,0,
U1659,2025-11,premium ,999.0,0.0,0,999.0
U2373,Nov-2025,Premium,999.0,0.0,0,
U1129,2025-12,BASIC,199.0,0.0,0,199.0
U2283,Jan-2026, PREMIUM,999.0,0.0,0,999.0
U1826,01/01/2026,Premium,999.0,0.0,FALSE,999.0
U1186,Jan-2026,Basic,199.0,0.0,No,199.0
U2273,2025-11,Standard,499.0,0.0,TRUE,0.0
U1723,2025-09, Standard ,499.0,0.0,FALSE,499.0
U1220,2025-08,Basic,199.0,0.0,FALSE,199.0
U1105,2025-09,standard,499.0,0.0,0,499.0
U1353,12/01/2025,Premium,999.0,0.0,No,999.0
U1040,Nov-2025,basic ,199.0,0.0,No,
U2341,Nov-2025, Standard ,499.0,,No,499.0
U2156,12/01/2025, Standard ,499.0,0.0,No,499.0
U1333,Jan-2026,premium ,999.0,0.0,False,999.0
U1946,2025-11,basic ,199.0,30.0,FALSE,139.3
U2084,Oct-2025,STANDARD,499.0,0.0,No,499.0
U1231,Sep-2025, PREMIUM,999.0,0.0,FALSE,999.0
U2143,Oct-2025,Standard,499.0,0.0,False,499.0
U1748,2025-11, Standard ,499.0,0.0,FALSE,499.0
U2107,01/01/2026,basic ,199.0,0.0,FALSE,199.0
 U2179 ,2025-12,BASIC,199.0,0.0,False,199.0
U2016,2025-10, PREMIUM,999.0,0.0,0,999.0
U1404,Aug-2025,basic ,199.0,0.0,No,199.0
U1246,2025-09,Premium,999.0,0.0,False,999.0
 U2379 ,08/01/2025,Premium,999.0,0.0,FALSE,999.0
U1330,2025-08,basic ,199.0,30.0,0,139.3
U1421,12/01/2025, Standard ,499.0,0.0,0,
U1277,2025-11, Standard ,499.0,0.0,False,499.0
U1334,09/01/2025,basic ,199.0,0.0,False,199.0
U1303,2025-11,STANDARD,499.0,20.0,1,0.0
U1756,2025-11,Standard,499.0,0.0,FALSE,499.0
U2380,09/01/2025,BASIC,199.0,0.0,0,199.0
U1251,Oct-2025,Basic,199.0,0.0,No,199.0
U2120,Aug-2025,basic ,199.0,20.0,0,159.2
U2167,2025-09, Standard ,499.0,20.0,0,399.2
U1974,01/01/2026,Standard,499.0,20.0,FALSE,399.2
U1773,Aug-2025, Standard ,499.0,0.0,FALSE,499.0
U1719,2025-12,Premium,999.0,0.0,FALSE,999.0
U1543,2025-11,Premium,999.0,10.0,FALSE,899.1
U1416,08/01/2025,Premium,999.0,0.0,0,999.0
U2009,09/01/2025,standard,499.0,0.0,0,499.0
U1556,2025-12,STANDARD,499.0,20.0,No,399.2
U1912,Jan-2026,standard,499.0,30.0,False,349.3
U1114,09/01/2025,Basic,199.0,0.0,False,199.0
U1541,11/01/2025,BASIC,199.0,0.0,False,199.0
U2110,08/01/2025,Standard,499.0,0.0,No,499.0
U1242,01/01/2026,standard,499.0,0.0,False,499.0
U2450,2025-12,Premium,999.0,0.0,0,999.0
U1118,Nov-2025,STANDARD,499.0,0.0,No,499.0
U1248,2025-12,Standard,499.0,0.0,No,499.0
U2316,2025-11, PREMIUM,999.0,10.0,0,899.1
U2344,Oct-2025,Basic,199.0,0.0,0,199.0
U1043,12/01/2025,Premium,999.0,20.0,0,799.2
U2019,11/01/2025,Basic,199.0,0.0,False,199.0
U1287,2025-09, PREMIUM,999.0,0.0,FALSE,999.0
U1786,2026-01,Basic,199.0,0.0,No,199.0
U1959,12/01/2025,Standard,499.0,0.0,0,499.0
U1254,Dec-2025,basic ,199.0,0.0,No,199.0
U1867,Oct-2025,STANDARD,499.0,0.0,False,499.0
U1447,01/01/2026,Standard,499.0,20.0,FALSE,399.2
U2495,Sep-2025,basic ,199.0,0.0,FALSE,199.0
U1721,12/01/2025,BASIC,199.0,0.0,FALSE,199.0
U1283,2025-12,premium ,999.0,0.0,No,999.0
U1743,2025-09,Standard,499.0,0.0,False,499.0
U2130,2025-09,basic ,199.0,0.0,No,199.0
U1155,10/01/2025,Premium,999.0,0.0,No,999.0
U1269,10/01/2025,Premium,999.0,0.0,No,999.0
U1224,Aug-2025,Premium,999.0,0.0,No,999.0
U1926,11/01/2025,BASIC,199.0,0.0,FALSE,199.0
U2356,10/01/2025,Premium,999.0,0.0,False,999.0
U1255,01/01/2026,basic ,199.0,0.0,FALSE,199.0
U1513,Oct-2025,BASIC,199.0,0.0,False,199.0
U1311,2026-01,Premium,999.0,30.0,FALSE,699.3
U1183,2025-09,Premium,999.0,0.0,False,999.0
U1342,01/01/2026,Premium,999.0,0.0,No,-1.0
U2147,Oct-2025,STANDARD,499.0,0.0,FALSE,499.0
U1859,Sep-2025,Standard,499.0,0.0,FALSE,499.0
U2093,12/01/2025,premium ,999.0,0.0,No,999.0
U1432,08/01/2025,premium ,999.0,10.0,FALSE,899.1
U1651,2026-01,premium ,999.0,30.0,0,699.3
U1409,2025-12,Basic,199.0,20.0,False,159.2
U1131,Oct-2025,Premium,999.0,,FALSE,999.0
U2069,2025-12,basic ,199.0,10.0,FALSE,179.1
U2290,Dec-2025, PREMIUM,999.0,0.0,0,999.0
U1234,08/01/2025,Premium,999.0,0.0,No,999.0
U1293,01/01/2026, PREMIUM,999.0,0.0,False,999.0
U2117,09/01/2025,basic ,199.0,0.0,0,199.0
U2359,12/01/2025,STANDARD,499.0,0.0,FALSE,499.0
U1780,01/01/2026,Basic,199.0,30.0,0,139.3
U2471,2025-08, Standard ,499.0,0.0,0,499.0
U2460,Oct-2025,STANDARD,499.0,0.0,FALSE,499.0
U2343,2025-08,standard,499.0,,No,499.0
U2487,2025-09,STANDARD,499.0,0.0,False,499.0
U2489,12/01/2025, PREMIUM,999.0,0.0,False,999.0
U2097,Dec-2025, Standard ,499.0,0.0,FALSE,
U1410,Sep-2025,basic ,199.0,0.0,No,
U1140,Oct-2025, Standard ,499.0,0.0,True,0.0
U1708,10/01/2025, PREMIUM,999.0,,False,999.0
U1380,08/01/2025,BASIC,,0.0,0,199.0
 U2232 ,10/01/2025, Standard ,499.0,0.0,0,499.0
U1521,2025-11,STANDARD,,0.0,FALSE,499.0
U1618,2025-11,Basic,199.0,0.0,FALSE,199.0
U1452,11/01/2025,STANDARD,499.0,10.0,No,449.1
U1012,Jan-2026,premium ,999.0,0.0,FALSE,999.0
U1648,2026-01,STANDARD,,0.0,FALSE,499.0
U2114,2025-09,Premium,999.0,,False,699.3
U1139,2025-09, PREMIUM,999.0,0.0,False,999.0
U1009,Dec-2025,premium ,999.0,0.0,0,999.0
U2291,01/01/2026,BASIC,199.0,0.0,FALSE,199.0
U1103,12/01/2025,Basic,199.0,0.0,No,199.0
U1932,2025-08, PREMIUM,999.0,0.0,No,999.0
U1620,2025-09, PREMIUM,999.0,0.0,0,999.0
U2462,Jan-2026,Basic,199.0,0.0,False,199.0
U1022,2025-12,Standard,499.0,0.0,False,499.0
U1600,2025-12,premium ,999.0,0.0,No,999.0
U2497,Nov-2025,BASIC,199.0,0.0,1,0.0
U1050,11/01/2025, Standard ,499.0,0.0,FALSE,499.0
U1538,2025-08,Basic,199.0,0.0,0,199.0
U2242,2025-11,standard,,0.0,1,0.0
U1020,2025-11,BASIC,199.0,0.0,0,199.0
U1613,2025-08,standard,499.0,0.0,1,0.0
U1111,01/01/2026,Premium,999.0,30.0,FALSE,699.3
U1838,01/01/2026,Basic,199.0,0.0,0,199.0
U1319,2025-09,basic ,199.0,30.0,No,139.3
U2077,2025-09,Basic,199.0,0.0,No,199.0
U2144,2025-09,BASIC,199.0,0.0,False,199.0
U1492,2025-08,standard,499.0,10.0,False,449.1
U2481,2025-08,standard,499.0,0.0,No,499.0
U2375,12/01/2025, Standard ,499.0,0.0,FALSE,499.0
U1323,Sep-2025,basic ,199.0,10.0,0,179.1
U1698,12/01/2025,standard,499.0,0.0,FALSE,499.0
U1241,11/01/2025,Standard,499.0,0.0,0,499.0
U2321,Oct-2025,BASIC,199.0,0.0,0,199.0
U1105,Jan-2026, Standard ,499.0,0.0,FALSE,499.0
U1325,Sep-2025,basic ,199.0,0.0,No,
U1817,2025-10,Premium,999.0,0.0,No,999.0
U2129,Jan-2026,Premium,999.0,0.0,False,999.0
U1225,08/01/2025, Standard ,499.0,0.0,0,499.0
U1476,2025-11,Standard,499.0,0.0,0,499.0
U2331,Aug-2025, PREMIUM,999.0,0.0,0,999.0
U2000,Jan-2026,Premium,999.0,30.0,0,699.3
U1589,2025-11, PREMIUM,999.0,,False,999.0
U2294,10/01/2025, Standard ,499.0,0.0,False,499.0
U1323,10/01/2025,basic ,199.0,10.0,No,179.1
U2307,01/01/2026,BASIC,199.0,0.0,False,199.0
U1072,2026-01,BASIC,199.0,30.0,0,139.3
U1855,08/01/2025,Basic,199.0,0.0,FALSE,199.0
U1982,Oct-2025, PREMIUM,999.0,0.0,False,999.0
U2115,2025-08,BASIC,199.0,0.0,No,199.0
U1055,10/01/2025,Basic,199.0,0.0,No,199.0
U1550,2025-09,standard,499.0,0.0,No,499.0
U2493,Nov-2025,STANDARD,499.0,0.0,No,499.0
U1342,11/01/2025,Premium,999.0,0.0,0,999.0
U2197,11/01/2025,basic ,199.0,0.0,No,199.0
U2220,Jan-2026,basic ,199.0,30.0,No,139.3
U1904,11/01/2025,premium ,999.0,0.0,0,999.0
U2006,2025-11,Premium,999.0,0.0,TRUE,0.0
U1268,11/01/2025,STANDARD,499.0,0.0,FALSE,499.0
U1830,Aug-2025,BASIC,199.0,0.0,No,199.0
U1331,Jan-2026,Premium,999.0,10.0,False,899.1
U1219,Sep-2025,Premium,999.0,0.0,0,999.0
U1311,08/01/2025,Premium,999.0,0.0,No,999.0
U2056,2025-08, Standard ,499.0,0.0,False,499.0
U1283,Aug-2025, PREMIUM,999.0,0.0,0,999.0
U2459,11/01/2025,Premium,999.0,0.0,No,999.0
U1083,2025-12,BASIC,199.0,0.0,FALSE,199.0
U1847,01/01/2026, Standard ,499.0,20.0,False,399.2
U2030,Sep-2025,Premium,999.0,0.0,No,999.0
U2126,Dec-2025,Basic,199.0,0.0,FALSE,199.0
U1464,Sep-2025,basic ,199.0,10.0,FALSE,179.1
U2135,12/01/2025,basic ,199.0,10.0,False,179.1
U1826,Aug-2025, PREMIUM,999.0,0.0,False,999.0
U2082,08/01/2025, Standard ,499.0,0.0,0,499.0
U2181,Aug-2025,basic ,199.0,0.0,0,199.0
U1524,Aug-2025,Standard,499.0,0.0,False,499.0
U2131,Oct-2025, Standard ,499.0,0.0,TRUE,0.0
U2019,12/01/2025,Basic,199.0,10.0,False,179.1
U1477,2025-11,Basic,199.0,0.0,False,199.0
U2414,12/01/2025,premium ,999.0,0.0,FALSE,999.0
U1212,10/01/2025,standard,499.0,0.0,False,499.0
U1050,12/01/2025,STANDARD,499.0,0.0,0,499.0
U2006,Dec-2025,Premium,999.0,0.0,FALSE,999.0
U1622,2025-12, PREMIUM,999.0,0.0,FALSE,999.0
U2474,2025-11,standard,499.0,0.0,No,499.0
U1617,12/01/2025,BASIC,199.0,,0,179.1
U1163,2026-01,Basic,199.0,0.0,No,199.0
U2379,09/01/2025,Premium,999.0,30.0,No,699.3
U1852,Dec-2025,premium ,999.0,0.0,1,0.0
U1884,2025-12,Basic,199.0,0.0,0,199.0
U1978,Dec-2025,Standard,499.0,20.0,No,399.2
U1856,08/01/2025,basic ,199.0,0.0,FALSE,
U1020,2025-10,Basic,199.0,0.0,No,199.0
U1242,Aug-2025, Standard ,499.0,0.0,0,
U1647,01/01/2026, Standard ,499.0,30.0,0,349.3
U1746,Dec-2025,Basic,199.0,0.0,No,199.0
U2340,2025-11, Standard ,499.0,0.0,0,499.0
U1918,2025-10,STANDARD,,0.0,No,499.0
U1223,Jan-2026,Basic,199.0,0.0,0,199.0
U1320,12/01/2025,BASIC,199.0,,0,139.3
U1208,Sep-2025,standard,499.0,0.0,0,499.0
U1846,Nov-2025,standard,,30.0,FALSE,349.3
U2042,Oct-2025,BASIC,199.0,,No,199.0
U2391,2025-11,STANDARD,499.0,30.0,0,349.3
U1053,01/01/2026,basic ,199.0,10.0,0,
U2058,2025-11,basic ,199.0,,No,199.0
U1709,10/01/2025,Standard,499.0,10.0,FALSE,449.1
U1504,Nov-2025,Premium,999.0,0.0,True,0.0
U1380,2025-11,basic ,199.0,0.0,FALSE,199.0
U1863,2026-01,Basic,199.0,20.0,FALSE,159.2
U2421,2025-08,STANDARD,499.0,0.0,No,499.0
U1613,11/01/2025,Standard,499.0,0.0,FALSE,
U2170,Sep-2025,Premium,999.0,0.0,No,999.0
U1004,01/01/2026,Basic,199.0,,FALSE,199.0
U2099,09/01/2025, Standard ,499.0,,0,499.0
U1444,Oct-2025,Basic,199.0,30.0,False,139.3
U1152,2025-09,STANDARD,499.0,0.0,0,499.0
U1033,09/01/2025,Basic,199.0,10.0,False,179.1
U2122,Oct-2025,Basic,199.0,0.0,FALSE,199.0
U2206,Oct-2025,Standard,499.0,0.0,FALSE,499.0
U2417,2025-12,Premium,999.0,0.0,TRUE,0.0
U2293,Oct-2025, Standard ,499.0,0.0,False,499.0
U2473,Sep-2025,basic ,199.0,0.0,FALSE,199.0
U1632,Nov-2025, PREMIUM,999.0,0.0,False,999.0
U1993,Jan-2026,BASIC,199.0,0.0,0,199.0
U2335,09/01/2025,Premium,999.0,0.0,False,999.0
U1951,2025-10,Basic,199.0,0.0,False,199.0
U1987,09/01/2025, Standard ,499.0,20.0,False,399.2
U2271,10/01/2025,Standard,499.0,0.0,No,499.0
U1958,2025-11,STANDARD,499.0,0.0,No,499.0
U2493,2025-09,premium ,999.0,0.0,No,999.0
U1393,2025-08, Standard ,499.0,0.0,0,499.0
U1735,08/01/2025, Standard ,499.0,10.0,False,449.1
U2228,2026-01,STANDARD,499.0,0.0,No,499.0
U1851,11/01/2025,premium ,999.0,0.0,No,999.0
U1082,2025-10,standard,499.0,0.0,FALSE,499.0
U1959,2025-09,standard,499.0,0.0,False,499.0
U1146,01/01/2026, Standard ,499.0,0.0,0,499.0
U1612,Dec-2025,BASIC,199.0,0.0,FALSE,199.0
U2274,2025-10, PREMIUM,999.0,0.0,False,999.0
U2207,11/01/2025,standard,499.0,0.0,FALSE,499.0
U1396,10/01/2025,STANDARD,499.0,,No,499.0
U2328,12/01/2025,Basic,199.0,0.0,False,199.0
U2151,2025-11,STANDARD,499.0,30.0,1,
U2482,10/01/2025, PREMIUM,999.0,0.0,0,999.0
U1294,12/01/2025,basic ,199.0,0.0,False,199.0
U2138,Nov-2025,Standard,499.0,20.0,0,399.2
 U2221 ,Aug-2025,basic ,199.0,0.0,0,199.0
U1816,10/01/2025,Basic,199.0,0.0,FALSE,199.0
U2275,Nov-2025,Standard,499.0,0.0,FALSE,499.0
U1519,Oct-2025,standard,499.0,0.0,FALSE,499.0
U1855,Sep-2025,Basic,199.0,10.0,No,179.1
U2122,Aug-2025,basic ,199.0,0.0,No,199.0
U1027,01/01/2026,Premium,999.0,0.0,0,999.0
U2480,2025-08,STANDARD,499.0,10.0,False,449.1
U1133,10/01/2025,basic ,199.0,0.0,No,199.0
U1969,Aug-2025,BASIC,199.0,0.0,0,199.0
U2413,2025-08, Standard ,499.0,0.0,0,499.0
U2405,Aug-2025,premium ,999.0,0.0,False,999.0
U2342,Jan-2026,BASIC,199.0,0.0,0,199.0
U1922,2026-01,STANDARD,499.0,0.0,No,499.0
U1645,Dec-2025,Standard,499.0,0.0,False,499.0
U1870,08/01/2025,STANDARD,,0.0,0,499.0
U1015,08/01/2025,STANDARD,499.0,0.0,No,499.0
U1795,01/01/2026,BASIC,199.0,20.0,No,159.2
U1275,2025-08,Premium,999.0,0.0,0,999.0
U2413,Nov-2025,STANDARD,499.0,10.0,No,449.1
U1650,09/01/2025,Premium,999.0,20.0,FALSE,799.2
U2229,10/01/2025,Basic,199.0,20.0,0,159.2
U2300,2025-08,Basic,199.0,0.0,False,-1.0
U1100,Sep-2025,premium ,999.0,0.0,False,999.0
U1151,2025-09,Standard,499.0,0.0,No,499.0
U1609,2025-10,Premium,999.0,0.0,False,999.0
U1693,12/01/2025,Basic,199.0,0.0,0,199.0
U1868,10/01/2025,Premium,999.0,0.0,FALSE,999.0
U1429,08/01/2025,Basic,199.0,0.0,FALSE,199.0
U1197,Nov-2025,basic ,199.0,0.0,FALSE,199.0
U2485,2025-09,standard,499.0,0.0,FALSE,499.0
U1491,10/01/2025, PREMIUM,999.0,0.0,No,999.0
U1218,Dec-2025,premium ,999.0,0.0,0,999.0
U1092,2025-08,basic ,199.0,0.0,0,199.0
U2328,2025-11,basic ,199.0,0.0,FALSE,199.0
U1494,Jan-2026,STANDARD,499.0,0.0,1,0.0
U2413,2026-01, Standard ,499.0,0.0,No,499.0
U2369,Sep-2025,basic ,199.0,0.0,FALSE,199.0
U1279,11/01/2025,basic ,199.0,0.0,No,199.0
U1900,08/01/2025,Basic,199.0,0.0,FALSE,199.0
U2463,2025-12,STANDARD,499.0,0.0,0,499.0
U2115,2026-01,BASIC,199.0,,FALSE,199.0
U2061,2026-01,Premium,999.0,0.0,False,999.0
U1629,2025-11,BASIC,199.0,0.0,False,199.0
U2321,2025-08,basic ,199.0,30.0,No,139.3
U1848,11/01/2025,BASIC,199.0,,False,199.0
U1283,11/01/2025, PREMIUM,999.0,0.0,No,999.0
U1848,2025-12,Basic,199.0,0.0,FALSE,199.0
U1215,2025-12,basic ,199.0,,FALSE,179.1
U1913,Jan-2026,Basic,199.0,0.0,0,199.0
U1240,Sep-2025, Standard ,499.0,20.0,No,399.2
U1245,2025-11,BASIC,199.0,0.0,No,199.0
U1963,2025-12,BASIC,199.0,0.0,No,199.0
U2145,Nov-2025,basic ,199.0,0.0,0,199.0
U1438,2025-09, Standard ,499.0,0.0,0,499.0
U1983,2025-11,standard,499.0,0.0,No,499.0
U2379,Jan-2026,Premium,999.0,0.0,True,0.0
U1448,09/01/2025,BASIC,199.0,0.0,0,199.0
U1769,Jan-2026,Basic,199.0,20.0,No,159.2
U1821,08/01/2025,STANDARD,499.0,0.0,0,499.0
U1253,Jan-2026,Basic,199.0,0.0,No,199.0
U1070,Nov-2025,Premium,999.0,0.0,False,999.0
U2497,Oct-2025,STANDARD,499.0,0.0,No,499.0
U2067,08/01/2025, Standard ,499.0,0.0,0,499.0
U1422,Aug-2025,Premium,999.0,0.0,0,999.0
U1722,Dec-2025,basic ,199.0,10.0,0,179.1
U1051,09/01/2025, PREMIUM,999.0,0.0,FALSE,999.0
U1586,2025-12,basic ,,0.0,No,199.0
U1112,Oct-2025,Basic,199.0,0.0,False,199.0
U2317,Aug-2025,Basic,199.0,20.0,False,159.2
U2454,Nov-2025,STANDARD,499.0,0.0,0,499.0
 U1498 ,10/01/2025,Standard,499.0,10.0,0,449.1
U1389,10/01/2025, Standard ,499.0,0.0,False,499.0
U1743,Aug-2025, Standard ,499.0,0.0,No,499.0
U1371,09/01/2025,BASIC,199.0,0.0,False,199.0
U1976,Sep-2025,premium ,999.0,20.0,False,799.2
 U2376 ,2025-11,Premium,,10.0,No,899.1
U2481,2026-01, Standard ,499.0,0.0,0,499.0
U2312,2026-01,BASIC,199.0,0.0,False,199.0
U1899,2025-12,STANDARD,499.0,0.0,False,499.0
U2165,12/01/2025, PREMIUM,999.0,0.0,No,999.0
U1812,01/01/2026,BASIC,199.0,0.0,False,199.0
U1894,2025-08, PREMIUM,999.0,0.0,FALSE,999.0
U1437,11/01/2025,Basic,199.0,,0,199.0
U1174,2026-01,basic ,199.0,0.0,No,199.0
U2378,10/01/2025,standard,499.0,0.0,No,499.0
U2386,Jan-2026,basic ,199.0,0.0,No,199.0
U1635,Sep-2025,premium ,,0.0,No,999.0
U1914,2025-09, Standard ,499.0,0.0,FALSE,499.0
U1148,Nov-2025, PREMIUM,,0.0,False,999.0
U1658,Jan-2026,Premium,999.0,10.0,No,899.1
U1324,2025-10,premium ,999.0,,0,799.2
U1151,Nov-2025, Standard ,499.0,0.0,No,499.0
U1765,Sep-2025,Basic,199.0,0.0,0,199.0
U1880,Nov-2025,Premium,999.0,0.0,No,999.0
U1680,Aug-2025,Standard,499.0,0.0,No,499.0
U2456,Oct-2025,basic ,199.0,0.0,No,199.0
U1066,Dec-2025,Premium,999.0,0.0,False,999.0
U2436,Sep-2025,standard,499.0,0.0,FALSE,499.0
U2210,2025-10,Premium,999.0,10.0,FALSE,899.1
 U2377 ,2025-10,Basic,199.0,30.0,No,139.3
U1751,12/01/2025,Basic,199.0,0.0,0,199.0
U1373,2025-10,Standard,499.0,0.0,FALSE,499.0
U1889,2025-10,STANDARD,499.0,0.0,0,499.0
U1374,2025-09,Standard,499.0,0.0,False,499.0
U1391,09/01/2025,STANDARD,499.0,20.0,FALSE,399.2
U2180,08/01/2025,Basic,199.0,0.0,0,199.0
U1083,10/01/2025,Basic,199.0,0.0,No,199.0
U1387,Sep-2025, Standard ,499.0,0.0,FALSE,499.0
U2394,01/01/2026,Basic,199.0,10.0,FALSE,179.1
U2224,2025-09,Basic,199.0,0.0,0,199.0
U1814,2026-01,basic ,199.0,0.0,False,199.0
 U2128 ,12/01/2025,STANDARD,499.0,10.0,FALSE,449.1
U1690,10/01/2025,Basic,199.0,0.0,0,199.0
U2289,Nov-2025,BASIC,199.0,10.0,No,179.1
U1663,12/01/2025,STANDARD,499.0,0.0,FALSE,499.0
U1321,Nov-2025,Basic,199.0,0.0,0,199.0
U1690,Nov-2025,basic ,199.0,0.0,No,199.0
U1271,2025-11,Premium,999.0,0.0,Yes,0.0
U1003,Jan-2026, PREMIUM,999.0,0.0,False,999.0
U1226,Sep-2025,Standard,499.0,0.0,False,
U2194,Oct-2025,STANDARD,499.0,0.0,False,499.0
U2057,09/01/2025,standard,499.0,0.0,False,499.0
U2483,01/01/2026,BASIC,199.0,30.0,False,139.3
U1652,2025-08,BASIC,199.0,0.0,No,199.0
U1965,09/01/2025,Premium,999.0,0.0,FALSE,999.0
U1872,2025-11,Standard,499.0,0.0,FALSE,499.0
 U1238 ,11/01/2025,Standard,499.0,0.0,False,499.0
U1716,Jan-2026,premium ,999.0,0.0,0,999.0
U1724,10/01/2025,Basic,199.0,0.0,0,199.0
U1462,Sep-2025,Premium,999.0,0.0,0,999.0
U1935,2025-10,Basic,199.0,0.0,No,199.0
U1646,10/01/2025,Basic,199.0,0.0,FALSE,199.0
U1638,Nov-2025,standard,499.0,0.0,0,499.0
U1351,2025-08,standard,499.0,0.0,No,499.0
U1667,2025-10,Premium,999.0,,No,999.0
U1727,Aug-2025, PREMIUM,999.0,0.0,No,999.0
U2421,10/01/2025,Basic,199.0,0.0,No,199.0
U2002,2026-01,standard,499.0,0.0,FALSE,499.0
U2475,11/01/2025,Basic,199.0,0.0,False,199.0
U1217,2025-09,Basic,199.0,0.0,0,199.0
U1624,01/01/2026,standard,499.0,0.0,0,499.0
U1412,2025-10,STANDARD,499.0,0.0,FALSE,499.0
U1584,Sep-2025,basic ,199.0,0.0,0,199.0
U1915,2025-09, Standard ,499.0,0.0,0,499.0
U1751,Jan-2026,BASIC,199.0,0.0,0,199.0
U2006,Oct-2025,premium ,999.0,,No,999.0
U2235,12/01/2025, PREMIUM,999.0,0.0,0,999.0
U1379,12/01/2025,Basic,199.0,10.0,False,179.1
U1699,Dec-2025,standard,499.0,30.0,False,349.3
U1561,2025-08,Standard,499.0,0.0,FALSE,499.0
U1987,09/01/2025, Standard ,499.0,20.0,False,399.2
U1825,08/01/2025, Standard ,499.0,30.0,No,349.3
U1282,12/01/2025,Basic,199.0,0.0,0,199.0
 U2212 ,2025-11,Basic,199.0,0.0,False,199.0
U1764,Nov-2025,basic ,199.0,0.0,No,
U1934,Dec-2025,Standard,499.0,0.0,0,499.0
U1157,2026-01,Basic,199.0,10.0,False,179.1
U1120,11/01/2025,Basic,199.0,0.0,Yes,0.0
U2309,2025-10,Basic,199.0,0.0,0,199.0
U2044,2025-11,basic ,199.0,0.0,False,199.0
U1962,Nov-2025,BASIC,199.0,0.0,False,199.0
U1214,Nov-2025,basic ,199.0,0.0,False,199.0
U1734,12/01/2025,standard,499.0,20.0,No,399.2
U1806,10/01/2025,STANDARD,499.0,0.0,0,499.0
U1027,Oct-2025,Premium,999.0,0.0,FALSE,999.0
U1222,08/01/2025,Standard,499.0,0.0,False,499.0
U1893,2025-08,Basic,199.0,0.0,FALSE,199.0
U1831,2025-08,STANDARD,499.0,0.0,FALSE,499.0
U1435,Sep-2025,premium ,999.0,0.0,False,999.0
U1428,Sep-2025,Basic,,0.0,1,0.0
U2251,2025-09,STANDARD,499.0,0.0,No,499.0
U1218,Sep-2025, PREMIUM,999.0,0.0,FALSE,999.0
U1953,01/01/2026,BASIC,199.0,0.0,False,199.0
U1868,2025-11,Premium,999.0,30.0,0,699.3
U1794,2025-12, PREMIUM,999.0,0.0,No,999.0
U1318,2025-12,Basic,199.0,20.0,0,159.2
U2392,Dec-2025, PREMIUM,999.0,0.0,0,999.0
U1960,Nov-2025,Standard,499.0,0.0,0,499.0
U1856,2025-09,BASIC,199.0,0.0,FALSE,199.0
U1322,10/01/2025,basic ,199.0,0.0,False,199.0
U1493,08/01/2025,Premium,999.0,10.0,No,899.1
U2421,Dec-2025,BASIC,199.0,,TRUE,0.0
U1439,01/01/2026,Basic,199.0,0.0,0,199.0
U2315,2025-10,Premium,999.0,0.0,0,999.0
U1310,01/01/2026,basic ,199.0,0.0,No,199.0
U1063,2025-10,STANDARD,499.0,0.0,No,499.0
 U1605 ,09/01/2025, Standard ,499.0,0.0,0,499.0
U1363,Sep-2025,Standard,499.0,0.0,False,499.0
U1779,2025-12, PREMIUM,999.0,0.0,No,999.0
U1164,2025-08,BASIC,199.0,0.0,No,199.0
U1610,Nov-2025,Standard,499.0,0.0,FALSE,499.0
U1792,2026-01,BASIC,199.0,0.0,0,199.0
U1554,09/01/2025,Basic,199.0,0.0,0,199.0
U1003,11/01/2025, PREMIUM,999.0,0.0,No,999.0
U1378,09/01/2025,standard,499.0,0.0,0,499.0
U1497,09/01/2025,premium ,999.0,0.0,0,999.0
U2172,11/01/2025, PREMIUM,999.0,0.0,FALSE,999.0
U1742,Jan-2026,standard,499.0,0.0,FALSE,499.0
U2403,Aug-2025,BASIC,199.0,20.0,False,159.2
U2202,2026-01, Standard ,499.0,10.0,No,449.1
U1340,Nov-2025,Basic,199.0,0.0,0,199.0
U1790,2025-10,Basic,199.0,0.0,False,199.0
U1132,2025-11,Basic,199.0,0.0,FALSE,199.0
U1042,2026-01,premium ,999.0,,0,999.0
U1250,11/01/2025,STANDARD,499.0,0.0,1,0.0
U2159,Sep-2025,Premium,999.0,0.0,0,999.0
U1337,09/01/2025,Basic,199.0,0.0,FALSE,199.0
U2306,11/01/2025,Standard,499.0,0.0,No,499.0
U2052,Aug-2025,standard,499.0,0.0,FALSE,499.0
U1719,11/01/2025,Premium,999.0,0.0,No,999.0
U1924,2025-09,standard,499.0,0.0,0,499.0
U1515,10/01/2025,Basic,199.0,0.0,False,199.0
U1534,Aug-2025,standard,499.0,0.0,No,499.0
U1057,2026-01,Basic,199.0,0.0,No,199.0
U2072,Nov-2025,STANDARD,499.0,10.0,False,
U1551,2025-12,basic ,199.0,20.0,False,159.2
U1947,01/01/2026,premium ,999.0,20.0,0,799.2
U1205,10/01/2025, PREMIUM,999.0,0.0,FALSE,999.0
U1889,2026-01,Standard,499.0,0.0,No,499.0
U1729,Jan-2026,Basic,199.0,0.0,0,199.0
U1717,Oct-2025,STANDARD,499.0,0.0,FALSE,-1.0
U1492,2025-10,standard,499.0,0.0,0,499.0
U1138,Nov-2025,basic ,199.0,0.0,0,199.0
U1499,Jan-2026, PREMIUM,999.0,0.0,No,999.0
U2003,2025-11,Basic,199.0,0.0,0,199.0
U2399,01/01/2026, PREMIUM,999.0,0.0,FALSE,999.0
U1068,Nov-2025, Standard ,499.0,0.0,False,
U1652,Oct-2025,Basic,199.0,0.0,0,199.0
U2255,Aug-2025, Standard ,499.0,0.0,No,499.0
U2449,2025-10,Premium,999.0,0.0,0,999.0
U2378,12/01/2025,Standard,499.0,0.0,0,499.0
U1298,01/01/2026,premium ,999.0,20.0,0,799.2
U1466,01/01/2026,Premium,999.0,0.0,0,999.0
U1170,2025-11,Basic,199.0,0.0,TRUE,0.0
U1713,2025-12,Basic,199.0,30.0,0,139.3
U1288,12/01/2025, Standard ,499.0,0.0,0,499.0
U1608,Jan-2026,STANDARD,499.0,0.0,False,
U1472,2025-08,standard,499.0,0.0,0,499.0
U1370,2025-09,STANDARD,499.0,0.0,0,499.0
U1613,2025-10, Standard ,499.0,,No,499.0
U1774,Oct-2025,STANDARD,499.0,0.0,False,499.0
U1490,2025-10,Premium,999.0,0.0,FALSE,999.0
U1264,2025-08,Basic,199.0,0.0,No,199.0
U1351,2025-10,Basic,199.0,20.0,No,159.2
U2479,12/01/2025,Basic,199.0,0.0,False,199.0
U2356,2025-09, PREMIUM,999.0,0.0,FALSE,999.0
U2191,Nov-2025,standard,,0.0,0,499.0
U1159,2026-01,Premium,999.0,0.0,Yes,0.0
U1190,Oct-2025,Standard,499.0,0.0,0,499.0
U1187,Sep-2025, PREMIUM,999.0,0.0,0,999.0
U1445,12/01/2025,STANDARD,499.0,0.0,FALSE,499.0
U1287,Oct-2025,premium ,999.0,0.0,FALSE,999.0
U2071,Oct-2025,Standard,499.0,0.0,False,499.0
U2009,08/01/2025,Standard,499.0,0.0,False,499.0
U1091,08/01/2025,STANDARD,499.0,0.0,FALSE,499.0
U1534,Dec-2025,Standard,499.0,20.0,No,399.2
U1606,09/01/2025, Standard ,499.0,10.0,0,449.1
U1702,10/01/2025,Basic,199.0,0.0,No,199.0
U1509,2025-09,Standard,499.0,0.0,0,499.0
U1570,08/01/2025,basic ,199.0,0.0,0,199.0
U1082,2025-12,STANDARD,499.0,0.0,0,499.0
U1843,2025-09,Basic,199.0,0.0,False,199.0
U1621,2025-10, PREMIUM,999.0,20.0,No,799.2
U2041,2025-11,standard,499.0,10.0,0,449.1
U1739,Oct-2025,Standard,499.0,10.0,TRUE,0.0
U1902,09/01/2025,basic ,199.0,0.0,FALSE,199.0
U1167,Dec-2025, Standard ,499.0,10.0,0,449.1
U1676,2025-10,basic ,199.0,0.0,False,199.0
U1634,2025-11,premium ,999.0,0.0,No,999.0
U1424,Nov-2025,Standard,499.0,0.0,1,0.0
U1136,Sep-2025,Premium,999.0,0.0,FALSE,999.0
U1430,2026-01, PREMIUM,999.0,0.0,False,999.0
U1509,01/01/2026,STANDARD,499.0,0.0,0,499.0
U1527,2025-12,Premium,999.0,,Yes,0.0
U2175,2025-08,BASIC,199.0,20.0,0,159.2
U2089,Aug-2025,Premium,999.0,0.0,No,999.0
U1403,Dec-2025,basic ,199.0,0.0,False,199.0
U1852,2026-01,premium ,999.0,0.0,FALSE,999.0
U2263,08/01/2025,basic ,199.0,,No,
U2204,Jan-2026,Standard,499.0,0.0,False,499.0
U2156,2025-09, Standard ,499.0,0.0,No,499.0
U2447,2026-01,Basic,199.0,0.0,False,199.0
U1937,2025-12,basic ,199.0,0.0,0,199.0
U1914,11/01/2025, Standard ,499.0,30.0,No,349.3
U2334,Dec-2025,Standard,499.0,0.0,0,499.0
U1932,12/01/2025,standard,499.0,20.0,False,
U1837,2025-10,Premium,999.0,0.0,False,999.0
U1491,Aug-2025, PREMIUM,999.0,,No,999.0
U1059,01/01/2026,standard,499.0,10.0,False,449.1
U1920,Oct-2025,STANDARD,499.0,0.0,FALSE,499.0
U1706,2025-08,Basic,199.0,0.0,False,199.0
U2132,10/01/2025,STANDARD,499.0,0.0,0,499.0
U2264,Dec-2025,Basic,199.0,0.0,0,199.0
U1209,2025-08,BASIC,199.0,0.0,FALSE,199.0
U1234,11/01/2025,STANDARD,499.0,0.0,0,499.0
U1158,2025-10,premium ,999.0,0.0,False,999.0
U1683,2025-08,premium ,999.0,0.0,0,999.0
U1593,12/01/2025,Basic,199.0,0.0,No,199.0
U1774,Jan-2026,Basic,199.0,0.0,False,199.0
U1588,Aug-2025,Standard,499.0,0.0,No,499.0
U2086,2025-11,standard,499.0,0.0,No,499.0
U1067,08/01/2025,premium ,999.0,0.0,No,999.0
U2219,2025-11,premium ,999.0,0.0,FALSE,999.0
U1044,08/01/2025,premium ,999.0,0.0,False,999.0
U1422,Dec-2025,Premium,999.0,0.0,True,0.0
U2248,Sep-2025,BASIC,199.0,0.0,0,199.0
U1288,08/01/2025, Standard ,499.0,10.0,No,449.1
U1150,2026-01,Basic,199.0,0.0,False,199.0
U2481,09/01/2025,Standard,499.0,0.0,0,499.0
U1463,2026-01, Standard ,499.0,0.0,No,499.0
U1298,2025-09, PREMIUM,999.0,0.0,0,999.0
U1485,2025-10,Basic,199.0,0.0,0,199.0
U1709,11/01/2025,Standard,499.0,10.0,False,449.1
U1560,Jan-2026,basic ,199.0,0.0,0,199.0
 U1001 ,Sep-2025,Premium,999.0,0.0,0,999.0
U1099,Jan-2026,Basic,199.0,0.0,FALSE,199.0
U1414,2025-10,premium ,999.0,0.0,FALSE,999.0
U1416,2025-12, PREMIUM,999.0,0.0,FALSE,999.0
U1157,2025-12,Basic,199.0,0.0,True,0.0
U1279,2025-08,STANDARD,499.0,0.0,False,499.0
U1303,01/01/2026,Standard,499.0,0.0,TRUE,0.0
U1730,09/01/2025,Basic,199.0,0.0,False,199.0
 U1576 ,11/01/2025,STANDARD,499.0,0.0,False,499.0
U1676,08/01/2025,Basic,199.0,0.0,False,199.0
U1843,Oct-2025,Basic,,0.0,False,199.0
U1760,08/01/2025,Basic,199.0,0.0,False,199.0
U2322,12/01/2025,premium ,999.0,10.0,No,899.1
U1275,Oct-2025,Premium,999.0,10.0,False,899.1
U1568,08/01/2025,STANDARD,499.0,0.0,False,499.0
U1198,2026-01,BASIC,199.0,30.0,0,139.3
U2138,2025-09,standard,499.0,30.0,No,
 U1093 ,01/01/2026, Standard ,499.0,0.0,FALSE,499.0
U1611,01/01/2026,basic ,199.0,0.0,No,199.0
U1363,2026-01,standard,499.0,0.0,FALSE,499.0
U2184,2026-01,standard,499.0,20.0,0,399.2
U1686,11/01/2025,Basic,199.0,0.0,FALSE,199.0
U2192,09/01/2025,premium ,999.0,0.0,FALSE,999.0
U1736,2025-10,standard,499.0,0.0,FALSE,499.0
U1879,2025-10,standard,499.0,0.0,FALSE,499.0
U2079,2025-11,Premium,999.0,0.0,0,999.0
U1639,2025-12,Premium,999.0,30.0,0,699.3
U1318,10/01/2025, Standard ,499.0,0.0,FALSE,499.0
U2047,2025-08,Standard,499.0,0.0,0,499.0
U1571,Nov-2025,standard,499.0,0.0,0,499.0
U1832,2026-01,Basic,199.0,,False,199.0
U2139,11/01/2025, PREMIUM,999.0,0.0,False,999.0
U1006,10/01/2025,BASIC,199.0,0.0,0,199.0
U2025,2025-09,Basic,199.0,30.0,1,0.0
U1854,2025-08,basic ,199.0,0.0,No,199.0
U2119,09/01/2025,BASIC,199.0,0.0,False,199.0
U1107,2025-09, Standard ,499.0,0.0,False,499.0
U2266,12/01/2025,BASIC,199.0,,FALSE,199.0
U2033,Jan-2026, PREMIUM,999.0,30.0,TRUE,0.0
U2109,2025-09, Standard ,499.0,0.0,False,499.0
U2480,2025-12,standard,499.0,0.0,No,499.0
U1427,Aug-2025,premium ,999.0,0.0,FALSE,999.0
U1073,2025-08,STANDARD,499.0,0.0,FALSE,499.0
U1083,Nov-2025,Basic,199.0,0.0,0,199.0
U1363,Dec-2025,STANDARD,499.0,0.0,No,499.0
U1681,01/01/2026,STANDARD,499.0,0.0,FALSE,-1.0
U1866,12/01/2025,standard,499.0,0.0,FALSE,499.0
U2314,2025-09,Premium,999.0,0.0,False,-1.0
U1921,Nov-2025,Basic,199.0,30.0,0,139.3
U1639,11/01/2025, PREMIUM,999.0,0.0,0,999.0
U1356,Dec-2025,basic ,199.0,0.0,No,199.0
U2108,11/01/2025, Standard ,499.0,0.0,0,499.0
U2178,09/01/2025,Basic,199.0,0.0,False,199.0
U1106,Sep-2025, PREMIUM,999.0,0.0,FALSE,999.0
U1102,Aug-2025,Standard,499.0,0.0,FALSE,499.0
U1110,Oct-2025,Basic,199.0,0.0,False,199.0
U2402,Aug-2025,standard,499.0,0.0,FALSE,499.0
U1971,Dec-2025,Premium,999.0,0.0,False,999.0
U1653,Nov-2025,STANDARD,499.0,20.0,FALSE,399.2
U1430,Aug-2025,premium ,999.0,0.0,False,999.0
U1700,Aug-2025,Standard,499.0,0.0,FALSE,499.0
 U1329 ,12/01/2025,basic ,199.0,0.0,True,0.0
U1670,12/01/2025,Standard,,0.0,False,499.0
U1881,2025-12, PREMIUM,999.0,0.0,FALSE,999.0
U1613,2026-01, Standard ,499.0,20.0,FALSE,399.2
U1090,2025-08, PREMIUM,999.0,0.0,FALSE,999.0
U2378,Jan-2026,STANDARD,499.0,0.0,0,499.0
U1722,2026-01,basic ,199.0,30.0,0,139.3
 U1231 ,2025-08, PREMIUM,999.0,0.0,No,999.0
U1177,Sep-2025,STANDARD,499.0,0.0,False,499.0
U1310,2025-12,BASIC,199.0,0.0,No,199.0
U1316,2025-09,STANDARD,499.0,0.0,False,499.0
U2140,Sep-2025,basic ,199.0,0.0,No,199.0
U1860,Oct-2025,basic ,,0.0,False,199.0
U2163,10/01/2025,Basic,199.0,0.0,0,199.0
U2121,Jan-2026,Basic,199.0,0.0,No,199.0
U1661,Jan-2026,Basic,199.0,0.0,False,199.0
U1339,2025-12, Standard ,499.0,0.0,False,
U1747,2026-01,BASIC,199.0,30.0,0,139.3
U1459,09/01/2025, PREMIUM,,0.0,No,999.0
U1557,Oct-2025,Basic,199.0,0.0,FALSE,199.0
U1382,Sep-2025, Standard ,499.0,0.0,No,499.0
U2435,2026-01,Basic,199.0,0.0,No,199.0
U2492,2026-01,Basic,199.0,0.0,Yes,0.0
U1025,2025-12,Basic,199.0,0.0,FALSE,199.0
U2262,Oct-2025,Premium,999.0,10.0,No,899.1
U1448,2025-11,BASIC,199.0,0.0,No,199.0
U1176,Oct-2025, Standard ,499.0,,False,499.0
U1584,01/01/2026,basic ,199.0,0.0,0,199.0
U2190,Jan-2026,Basic,199.0,0.0,No,199.0
U2214,2025-12,Basic,199.0,0.0,False,199.0
U1171,Oct-2025,BASIC,199.0,0.0,FALSE,199.0
U1972,2025-09,basic ,199.0,0.0,Yes,-1.0
U1790,2025-08,basic ,199.0,0.0,False,-1.0
U2385,10/01/2025,Premium,999.0,0.0,No,999.0
U1335,11/01/2025,basic ,199.0,0.0,FALSE,199.0
U1481,Oct-2025,Standard,499.0,0.0,TRUE,0.0
U1933,08/01/2025,Premium,999.0,0.0,False,999.0
U2377,Aug-2025,Basic,199.0,20.0,No,159.2
U2312,Sep-2025,BASIC,199.0,0.0,FALSE,199.0
U2170,01/01/2026,premium ,999.0,0.0,True,0.0
U1318,11/01/2025,Basic,199.0,0.0,No,199.0
U1266,2025-08,Standard,499.0,20.0,No,399.2
U1653,Sep-2025, Standard ,499.0,0.0,No,499.0
U1775,Oct-2025,Premium,999.0,0.0,FALSE,999.0
U2040,Nov-2025,basic ,199.0,0.0,0,199.0
U2308,2025-09, Standard ,499.0,0.0,No,499.0
U1137,11/01/2025,basic ,199.0,0.0,FALSE,199.0
U1813,2025-12,basic ,199.0,0.0,FALSE,199.0
U1304,2025-09,Premium,999.0,0.0,No,999.0
U1583,01/01/2026,Basic,199.0,0.0,No,199.0
U2268,2025-10,Premium,999.0,0.0,False,999.0
U1178,2025-09, Standard ,499.0,10.0,False,449.1
U1570,Sep-2025,Basic,199.0,,False,199.0
U1744,Oct-2025, PREMIUM,999.0,0.0,FALSE,999.0
U2081,10/01/2025,Premium,999.0,0.0,True,0.0
U1978,08/01/2025,Standard,499.0,0.0,0,499.0
U1412,Nov-2025,Standard,499.0,0.0,0,499.0
U1085,12/01/2025,premium ,999.0,0.0,0,999.0
U1244,2025-11, Standard ,499.0,0.0,TRUE,0.0
U2251,Nov-2025,Standard,499.0,0.0,FALSE,499.0
U1409,01/01/2026,BASIC,199.0,0.0,No,199.0
 U1730 ,2025-12,BASIC,199.0,30.0,No,139.3
U2271,Nov-2025, Standard ,499.0,0.0,FALSE,499.0
U2358,2025-10,Basic,199.0,0.0,FALSE,199.0
U1849,Nov-2025,BASIC,199.0,0.0,No,199.0
 U2443 ,Nov-2025,Basic,199.0,20.0,No,159.2
U2316,01/01/2026,premium ,999.0,10.0,No,899.1
U1891,01/01/2026,Standard,499.0,0.0,0,499.0
U2422,Nov-2025,basic ,199.0,20.0,FALSE,159.2
U1080,08/01/2025,standard,499.0,0.0,0,499.0
U2408,Jan-2026,Premium,999.0,0.0,False,999.0
 U1495 ,2026-01,STANDARD,499.0,0.0,No,499.0
U1087,09/01/2025, Standard ,499.0,0.0,0,499.0
U2015,2025-12,STANDARD,499.0,0.0,No,499.0
U1745,Oct-2025,Basic,199.0,0.0,0,199.0
 U1065 ,2026-01,basic ,199.0,0.0,No,199.0
U2098,2025-11, Standard ,499.0,0.0,False,499.0
U1780,12/01/2025,Basic,199.0,10.0,0,179.1
U2155,2025-12,Basic,199.0,0.0,False,199.0
U1501,Dec-2025, PREMIUM,999.0,0.0,0,999.0
U1881,2025-10,Premium,999.0,0.0,No,999.0
U2072,Dec-2025,STANDARD,499.0,0.0,FALSE,499.0
U1863,Oct-2025,Basic,199.0,0.0,No,199.0
U1370,2025-11, Standard ,499.0,0.0,0,499.0
U1938,2025-09,BASIC,199.0,0.0,FALSE,199.0
U1980,Oct-2025,premium ,999.0,10.0,FALSE,899.1
U2245,2025-12,BASIC,199.0,0.0,FALSE,199.0
U1290,Dec-2025, PREMIUM,999.0,0.0,No,999.0
U2240,2025-09,Premium,999.0,0.0,No,999.0
U1316,2025-12,Standard,499.0,0.0,No,499.0
U1860,2026-01,BASIC,199.0,0.0,False,199.0
U1782,2025-10,Basic,199.0,0.0,False,199.0
U1162,2025-08,Premium,999.0,0.0,0,
U1645,Nov-2025, Standard ,499.0,0.0,FALSE,499.0
U1883,01/01/2026,BASIC,199.0,10.0,FALSE,179.1
U1387,10/01/2025,STANDARD,499.0,0.0,No,499.0
U1828,2025-12,Standard,499.0,0.0,No,499.0
U1421,01/01/2026,STANDARD,499.0,0.0,False,499.0
U1031,2026-01,BASIC,199.0,0.0,False,199.0
U1935,2026-01,Basic,199.0,0.0,0,199.0
U1880,2025-10, PREMIUM,999.0,0.0,FALSE,999.0
U1890,2026-01,Basic,199.0,0.0,FALSE,199.0
U2010,2025-11,standard,,0.0,No,-1.0
U1306,Nov-2025,BASIC,199.0,30.0,False,139.3
U1532,12/01/2025, Standard ,499.0,0.0,0,499.0
U1110,2025-11,Basic,199.0,10.0,No,179.1
U1664,09/01/2025,Basic,199.0,0.0,FALSE,199.0
U1779,2026-01,Premium,999.0,0.0,FALSE,999.0
U1827,08/01/2025,Standard,499.0,0.0,FALSE,499.0
U2082,01/01/2026,Basic,199.0,0.0,FALSE,
U2070,2025-08,STANDARD,499.0,0.0,No,499.0
U2090,2025-09,Basic,199.0,0.0,No,199.0
U1552,09/01/2025,Premium,999.0,0.0,False,999.0
U2406,Oct-2025,basic ,199.0,0.0,0,199.0
U1259,11/01/2025,Basic,199.0,0.0,0,199.0
U1503,01/01/2026,standard,499.0,0.0,No,499.0
U1247,Aug-2025,STANDARD,499.0,0.0,No,499.0
U1554,Nov-2025,Basic,199.0,0.0,FALSE,199.0
U2260,Sep-2025, PREMIUM,999.0,0.0,0,999.0
U2176,11/01/2025,Premium,999.0,0.0,No,999.0
U1130,Oct-2025, Standard ,499.0,0.0,No,499.0
U1734,10/01/2025,standard,499.0,10.0,FALSE,449.1
 U2265 ,2025-11,Basic,199.0,0.0,0,199.0
U2467,2025-11,Basic,199.0,0.0,FALSE,199.0
U1485,08/01/2025,BASIC,,0.0,FALSE,199.0
U1521,Jan-2026,Standard,499.0,0.0,No,499.0
U1734,11/01/2025, Standard ,499.0,0.0,FALSE,499.0
U1098,09/01/2025,Basic,199.0,0.0,No,199.0
U2478,08/01/2025,STANDARD,499.0,0.0,False,499.0
U2447,Oct-2025,Basic,199.0,30.0,No,139.3
U1765,Nov-2025,BASIC,199.0,0.0,FALSE,199.0
U2377,2025-09,Basic,199.0,0.0,No,199.0
U1774,Sep-2025,STANDARD,499.0,0.0,FALSE,499.0
U1127,2025-12,Basic,199.0,30.0,FALSE,139.3
U1828,Sep-2025, Standard ,499.0,0.0,0,499.0
U2244,2025-12,premium ,999.0,0.0,No,999.0
U2307,08/01/2025,standard,499.0,0.0,False,499.0
U1721,11/01/2025,BASIC,199.0,0.0,No,199.0
U1953,2025-12,Basic,199.0,0.0,0,199.0
U1521,Sep-2025,standard,499.0,30.0,No,349.3
U2277,Dec-2025,standard,499.0,0.0,0,499.0
U2475,2026-01,Basic,199.0,0.0,FALSE,199.0
U1251,2026-01,Basic,199.0,0.0,Yes,0.0
U1347,01/01/2026,standard,499.0,0.0,False,499.0
U2041,09/01/2025,standard,499.0,0.0,Yes,-1.0
U2078,2025-09,BASIC,199.0,0.0,No,199.0
U1850,01/01/2026,BASIC,199.0,0.0,True,0.0
U2041,2025-08,standard,499.0,0.0,0,499.0
U1507,09/01/2025,STANDARD,499.0,0.0,0,499.0
U1510,2025-11,standard,499.0,20.0,False,399.2
U1340,2025-12,basic ,199.0,20.0,FALSE,
U2241,2025-11, Standard ,499.0,0.0,FALSE,499.0
U2044,Aug-2025,basic ,199.0,0.0,False,199.0
U2442,2025-10,BASIC,199.0,,False,
U2312,08/01/2025,basic ,199.0,0.0,No,199.0
U1311,08/01/2025,Premium,999.0,0.0,No,999.0
U2132,01/01/2026,standard,499.0,0.0,False,499.0
U1405,12/01/2025,STANDARD,499.0,20.0,No,399.2
U1811,12/01/2025, Standard ,499.0,0.0,0,499.0
U1937,2025-10,Basic,199.0,0.0,FALSE,199.0
U1946,10/01/2025,Basic,199.0,0.0,No,-1.0
U2001,Jan-2026,STANDARD,499.0,0.0,True,0.0
U1538,12/01/2025,Basic,199.0,20.0,False,159.2
U1984,Sep-2025,standard,499.0,0.0,No,499.0
U1757,Aug-2025,STANDARD,499.0,30.0,0,349.3
U1845,11/01/2025,BASIC,199.0,0.0,False,199.0
U1281,11/01/2025,premium ,,0.0,No,999.0
U1511,11/01/2025,standard,499.0,0.0,No,499.0
U2108,Dec-2025,basic ,199.0,20.0,No,159.2
U1124,Dec-2025, Standard ,499.0,0.0,0,499.0
U1390,11/01/2025,BASIC,199.0,0.0,No,199.0
U2454,09/01/2025,Standard,499.0,0.0,FALSE,499.0
U1847,10/01/2025, Standard ,499.0,0.0,0,499.0
U2406,01/01/2026,basic ,199.0,0.0,False,199.0
U1671,09/01/2025,basic ,199.0,0.0,False,199.0
U1458,2025-11,Basic,199.0,0.0,0,199.0
U2017,Nov-2025,standard,499.0,0.0,No,499.0
U1607,11/01/2025,basic ,199.0,10.0,No,179.1
U1727,12/01/2025, PREMIUM,999.0,,0,999.0
U1773,10/01/2025,STANDARD,499.0,,FALSE,499.0
U1758,01/01/2026,Premium,999.0,0.0,No,999.0
U1753,11/01/2025,standard,499.0,0.0,Yes,0.0
U1250,09/01/2025,Standard,499.0,0.0,False,499.0
U2404,10/01/2025,STANDARD,499.0,10.0,False,449.1
U2187,Jan-2026,Basic,199.0,0.0,0,199.0
U2299,2025-09,Basic,199.0,10.0,False,179.1
U2215,Nov-2025,BASIC,199.0,0.0,FALSE,199.0
U2097,2026-01,STANDARD,499.0,30.0,No,349.3
U2333,2025-08,STANDARD,499.0,0.0,False,499.0
U2285,Sep-2025,Standard,499.0,0.0,FALSE,499.0
U1000,2026-01,BASIC,199.0,0.0,FALSE,199.0
U1436,2026-01,Premium,999.0,0.0,No,999.0
U2466,2025-10,Basic,199.0,0.0,0,199.0
U1558,2026-01,Basic,199.0,30.0,False,139.3
U1713,11/01/2025, Standard ,499.0,0.0,0,499.0
U2138,08/01/2025,standard,499.0,0.0,False,499.0
U1006,Jan-2026,basic ,199.0,0.0,False,199.0
U1971,08/01/2025,Premium,999.0,0.0,No,999.0
U1090,2025-11,premium ,999.0,0.0,False,999.0
U1125,Jan-2026,Basic,199.0,0.0,Yes,0.0
U2452,11/01/2025,premium ,999.0,0.0,No,999.0
U1224,12/01/2025,Premium,999.0,0.0,0,999.0
U1075,11/01/2025, Standard ,499.0,0.0,FALSE,499.0
U1922,2025-10,standard,499.0,0.0,FALSE,499.0
U1303,2025-10,Standard,499.0,0.0,False,499.0
U1839,Oct-2025,Basic,199.0,0.0,False,199.0
U1833,2025-10,Standard,499.0,0.0,No,499.0
U2078,2026-01,BASIC,199.0,0.0,No,199.0
U1049,Oct-2025, Standard ,499.0,0.0,FALSE,499.0
U2410,08/01/2025,Premium,999.0,0.0,False,999.0
U2021,Jan-2026,BASIC,199.0,30.0,0,139.3
U2104,10/01/2025,basic ,199.0,20.0,No,159.2
U1043,Sep-2025,premium ,999.0,0.0,FALSE,999.0
U1614,Oct-2025,Standard,499.0,0.0,FALSE,499.0
U1139,2025-12, PREMIUM,999.0,0.0,False,999.0
U1335,09/01/2025,BASIC,199.0,0.0,FALSE,199.0
U1212,2025-09, Standard ,499.0,0.0,0,499.0
U2297,2025-11,STANDARD,499.0,0.0,False,499.0
U1160,12/01/2025,STANDARD,499.0,0.0,1,0.0
U1348,2025-12,Basic,199.0,0.0,0,199.0
U1165,2026-01, PREMIUM,999.0,0.0,0,999.0
U2284,Nov-2025,BASIC,199.0,0.0,FALSE,199.0
U1050,2025-09, Standard ,499.0,0.0,0,
U2275,12/01/2025,standard,499.0,0.0,FALSE,499.0
U1590,Aug-2025,Basic,199.0,0.0,No,199.0
U2019,2025-08,basic ,199.0,0.0,FALSE,199.0
U2035,Nov-2025,BASIC,199.0,0.0,False,199.0
U2103,09/01/2025,standard,499.0,0.0,No,499.0
U2244,2025-11,Premium,999.0,10.0,0,899.1
U1412,08/01/2025, Standard ,499.0,0.0,No,499.0
U2486,2025-09,standard,499.0,0.0,FALSE,499.0
U2115,12/01/2025,Basic,199.0,30.0,0,139.3
U1168,08/01/2025,Premium,999.0,0.0,0,999.0
U1887,Dec-2025,STANDARD,499.0,0.0,FALSE,499.0
U1617,Sep-2025, Standard ,499.0,0.0,FALSE,499.0
U1717,2026-01,standard,499.0,10.0,0,449.1
U2489,2025-11,Premium,999.0,0.0,No,999.0
U1735,12/01/2025,Basic,199.0,10.0,False,179.1
U1381,09/01/2025, Standard ,499.0,0.0,Yes,0.0
U2114,Dec-2025,Premium,999.0,20.0,FALSE,799.2
U1377,Jan-2026,basic ,199.0,20.0,FALSE,159.2
U1654,09/01/2025,BASIC,199.0,30.0,False,139.3
U1103,08/01/2025,standard,499.0,0.0,FALSE,499.0
U2367,2025-10,Premium,999.0,0.0,TRUE,0.0
U1100,Dec-2025,basic ,199.0,0.0,0,199.0
U1750,10/01/2025,STANDARD,499.0,10.0,No,449.1
U1634,10/01/2025,Premium,999.0,0.0,FALSE,999.0
U1965,11/01/2025,Premium,999.0,0.0,No,999.0
U1935,11/01/2025,Basic,199.0,0.0,0,199.0
U1934,2026-01,Standard,499.0,0.0,FALSE,499.0
U1096,2025-12,BASIC,199.0,0.0,0,199.0
U2439,11/01/2025,basic ,199.0,0.0,FALSE,199.0
U1463,2025-09,standard,499.0,0.0,No,499.0
U1537,11/01/2025,basic ,199.0,0.0,0,199.0
U2464,2025-09,Premium,999.0,0.0,0,999.0
U1768,2026-01,STANDARD,499.0,30.0,FALSE,349.3
U1608,2025-11, PREMIUM,999.0,20.0,False,799.2
U1029,12/01/2025, Standard ,499.0,30.0,False,349.3
U2331,12/01/2025,Standard,499.0,20.0,True,0.0
U2051,Nov-2025,BASIC,199.0,0.0,No,199.0
 U2183 ,01/01/2026,Basic,199.0,20.0,False,159.2
U1175,2025-12,Premium,999.0,30.0,FALSE,699.3
U1780,11/01/2025,Basic,199.0,0.0,No,199.0
U1088,2025-10,Premium,999.0,0.0,False,999.0
U1812,Aug-2025, PREMIUM,999.0,0.0,FALSE,999.0
U1216,09/01/2025,BASIC,199.0,0.0,No,199.0
U2402,Nov-2025, Standard ,499.0,0.0,0,499.0
U1201,2025-09,BASIC,199.0,0.0,No,199.0
U1396,12/01/2025,standard,499.0,0.0,False,499.0
U2097,2025-09,Standard,499.0,0.0,No,499.0
U2044,Sep-2025,Basic,199.0,0.0,False,199.0
U2242,2025-08,Standard,499.0,0.0,False,
U1921,Aug-2025,BASIC,199.0,0.0,FALSE,199.0
U2420,2025-08,standard,499.0,0.0,False,499.0
U2062,2025-12,STANDARD,499.0,0.0,0,499.0
U1392,2025-09, Standard ,499.0,0.0,0,499.0
U1434,2025-08,standard,499.0,0.0,False,499.0
U1291,2025-09,BASIC,199.0,0.0,False,199.0
U2157,01/01/2026,premium ,999.0,0.0,False,999.0
U2203,Dec-2025, Standard ,499.0,0.0,No,499.0
U2338,2026-01,BASIC,199.0,0.0,FALSE,199.0
U1312,Aug-2025,Premium,999.0,0.0,False,999.0
U2055,08/01/2025,premium ,999.0,0.0,0,999.0
U2407,2025-08, Standard ,499.0,0.0,False,499.0
U1440,01/01/2026,standard,499.0,0.0,FALSE,499.0
U1950,Nov-2025,Basic,199.0,0.0,0,199.0
U1932,Sep-2025,Premium,999.0,0.0,False,999.0
U1442,Jan-2026,Basic,199.0,30.0,No,139.3
U1830,Jan-2026,Basic,199.0,10.0,False,179.1
U1869,Jan-2026,Standard,499.0,0.0,False,499.0
U1258,09/01/2025,Premium,999.0,0.0,False,999.0
U1098,12/01/2025,basic ,199.0,30.0,No,139.3
U1115,2025-08,BASIC,199.0,0.0,0,199.0
U1158,Jan-2026, PREMIUM,999.0,0.0,No,999.0
U2136,Oct-2025, Standard ,499.0,0.0,0,499.0
U2149,Sep-2025,Premium,,0.0,FALSE,999.0
U1701,Oct-2025,Basic,199.0,0.0,FALSE,199.0
U1088,2025-11,Premium,999.0,10.0,False,899.1
U1809,12/01/2025,standard,499.0,0.0,0,499.0
U1026,Dec-2025,Premium,999.0,10.0,FALSE,899.1
U1161,10/01/2025,STANDARD,499.0,0.0,False,499.0
U1237,Dec-2025,premium ,999.0,0.0,FALSE,999.0
U1385,2026-01,Premium,999.0,0.0,FALSE,999.0
U2096,Oct-2025,basic ,199.0,30.0,FALSE,139.3
U2427,Oct-2025,basic ,199.0,0.0,False,199.0
U1265,08/01/2025,basic ,199.0,0.0,FALSE,199.0
U1827,Jan-2026,basic ,199.0,0.0,FALSE,199.0
U2028,09/01/2025,Premium,999.0,0.0,0,999.0
U2075,01/01/2026,basic ,199.0,10.0,False,179.1
U1126,2026-01,basic ,199.0,30.0,FALSE,
U2169,2026-01,Standard,499.0,30.0,No,349.3
U1428,2025-11,BASIC,199.0,0.0,FALSE,199.0
U1350,2025-08,BASIC,199.0,0.0,False,199.0
U1406,08/01/2025,premium ,999.0,0.0,No,999.0
U1240,2025-12,standard,499.0,0.0,Yes,0.0
U2308,Aug-2025,standard,499.0,0.0,FALSE,499.0
U1476,Dec-2025,Standard,499.0,0.0,0,499.0
U1598,Aug-2025,premium ,999.0,0.0,No,999.0
U1692,Dec-2025,Standard,499.0,0.0,No,499.0
U2126,2025-09,Basic,199.0,0.0,False,199.0
U2004,2025-11,STANDARD,499.0,0.0,FALSE,499.0
U1131,Jan-2026,premium ,999.0,30.0,False,699.3
U2113,Aug-2025, PREMIUM,999.0,0.0,False,999.0
U2337,2025-10, PREMIUM,999.0,0.0,0,999.0
U2292,09/01/2025,Basic,199.0,0.0,No,199.0
U1229,2025-11,BASIC,199.0,0.0,False,199.0
U1499,2025-12, PREMIUM,999.0,0.0,No,999.0
U1332,Jan-2026,basic ,199.0,20.0,False,159.2
U1619,10/01/2025,Premium,999.0,0.0,False,999.0
U1305,2025-11, PREMIUM,999.0,0.0,No,999.0
U1684,2025-09, PREMIUM,999.0,0.0,FALSE,999.0
U2456,12/01/2025,Basic,199.0,0.0,False,199.0
U2086,09/01/2025,standard,499.0,0.0,No,499.0
U1430,2025-12,Premium,999.0,0.0,False,999.0
U1803,2025-12,Basic,199.0,0.0,True,0.0
U2487,12/01/2025, Standard ,499.0,30.0,FALSE,349.3
U1793,Nov-2025,Basic,199.0,0.0,FALSE,199.0
U1887,Sep-2025,standard,499.0,0.0,No,499.0
U1601,08/01/2025,Basic,199.0,0.0,0,199.0
U1206,11/01/2025,Standard,499.0,10.0,False,449.1
U2304,2025-12, Standard ,499.0,0.0,FALSE,-1.0
U2014,11/01/2025,Basic,199.0,0.0,No,199.0
U1261,08/01/2025,Basic,199.0,0.0,0,199.0
U2214,2025-11,Basic,199.0,0.0,0,199.0
U1124,Oct-2025,Standard,499.0,0.0,1,0.0
U1491,Nov-2025,premium ,999.0,30.0,False,699.3
U1277,Jan-2026,Standard,499.0,20.0,FALSE,399.2
U1647,Aug-2025,standard,499.0,0.0,FALSE,499.0
U2393,2026-01,basic ,199.0,0.0,No,199.0
U1829,08/01/2025,Basic,199.0,0.0,0,-1.0
U1417,10/01/2025,STANDARD,499.0,0.0,No,499.0
U1549,Aug-2025,premium ,999.0,0.0,0,999.0
U1237,Jan-2026, PREMIUM,999.0,10.0,False,899.1
U1544,2025-11,standard,499.0,20.0,TRUE,0.0
U2033,2025-12,premium ,999.0,10.0,0,899.1
U1701,2025-09,basic ,199.0,,No,199.0
U1529,Dec-2025,standard,499.0,30.0,0,349.3
U1543,08/01/2025,Premium,999.0,0.0,0,999.0
U1051,2025-10,Premium,999.0,0.0,True,0.0
U1992,2025-10,Standard,499.0,0.0,FALSE,499.0
U1489,01/01/2026,basic ,199.0,,0,139.3
U1056,Aug-2025, PREMIUM,999.0,0.0,0,
U1308,2025-08,BASIC,199.0,0.0,No,199.0
U2061,10/01/2025,premium ,999.0,0.0,No,
U1229,12/01/2025,Basic,199.0,0.0,FALSE,-1.0
U1266,01/01/2026,standard,499.0,0.0,False,499.0
U1292,Jan-2026,BASIC,199.0,20.0,Yes,
U2404,2025-12,Standard,499.0,,FALSE,499.0
U2027,Oct-2025,Basic,199.0,0.0,False,199.0
U1965,08/01/2025, PREMIUM,999.0,20.0,No,799.2
U1984,01/01/2026,basic ,199.0,0.0,False,199.0
U2124,2026-01, Standard ,499.0,0.0,False,499.0
U2262,Sep-2025,Premium,999.0,0.0,False,999.0
U1154,2025-09,premium ,999.0,0.0,FALSE,999.0
U2273,Dec-2025,Basic,199.0,0.0,No,199.0
U1831,Oct-2025,Standard,499.0,0.0,True,0.0
U1205,Jan-2026, PREMIUM,999.0,0.0,FALSE,999.0
U1196,Sep-2025,Standard,499.0,0.0,0,499.0
U1750,2025-09,STANDARD,499.0,,False,349.3
U1747,Sep-2025, Standard ,499.0,0.0,False,499.0
U2290,Sep-2025,premium ,999.0,0.0,False,999.0
U1798,Dec-2025,STANDARD,499.0,0.0,FALSE,499.0
U1532,2026-01,STANDARD,499.0,0.0,No,499.0
U1287,01/01/2026,basic ,199.0,0.0,0,199.0
U2325,12/01/2025,premium ,999.0,0.0,False,999.0
U1019,2025-09,Premium,999.0,0.0,FALSE,999.0
U1344,11/01/2025, Standard ,499.0,0.0,Yes,0.0
U1847,09/01/2025,Standard,,0.0,FALSE,499.0
 U1321 ,2025-10,BASIC,199.0,0.0,No,199.0
U2359,Sep-2025, Standard ,499.0,0.0,FALSE,499.0
U1403,2026-01,Basic,199.0,0.0,FALSE,199.0
U1769,08/01/2025,Basic,199.0,0.0,False,199.0
U1036,Dec-2025,Basic,199.0,0.0,FALSE,199.0
U1757,10/01/2025,STANDARD,499.0,0.0,True,0.0
U2334,Oct-2025,standard,499.0,0.0,False,499.0
U1977,09/01/2025,basic ,199.0,0.0,No,199.0
U1813,2025-09,standard,499.0,0.0,False,499.0
U2493,2025-08,Premium,999.0,0.0,False,999.0
U1007,11/01/2025,standard,499.0,0.0,FALSE,499.0
U2083,Jan-2026,Standard,499.0,0.0,FALSE,499.0
U1766,2025-11,Standard,499.0,0.0,No,499.0
U2306,2025-08,standard,499.0,0.0,FALSE,499.0
U1710,Dec-2025,Standard,499.0,0.0,FALSE,499.0
U2324,01/01/2026,basic ,199.0,0.0,FALSE,199.0
U1513,08/01/2025,STANDARD,499.0,0.0,No,499.0
U2120,10/01/2025,basic ,199.0,0.0,No,199.0
U1111,11/01/2025,premium ,999.0,10.0,TRUE,
U2083,Oct-2025,Standard,499.0,0.0,0,499.0
U1345,09/01/2025,Basic,199.0,0.0,FALSE,199.0
U1662,Oct-2025,basic ,199.0,0.0,No,199.0
U2115,09/01/2025,Basic,199.0,0.0,False,199.0
U1449,11/01/2025,basic ,199.0,20.0,0,159.2
U2468,01/01/2026,Basic,199.0,0.0,FALSE,199.0
U1788,01/01/2026, Standard ,499.0,0.0,0,499.0
U1361,2025-08,Standard,499.0,0.0,FALSE,499.0
U2385,Jan-2026, PREMIUM,999.0,0.0,No,999.0
U2395,Dec-2025,Basic,199.0,0.0,False,
 U2380 ,Aug-2025,Basic,199.0,30.0,FALSE,139.3
U1662,12/01/2025,Basic,199.0,0.0,No,199.0
U1141,01/01/2026,basic ,199.0,0.0,0,199.0
U1294,Oct-2025,BASIC,199.0,0.0,False,199.0
U2105,Dec-2025,BASIC,199.0,0.0,No,199.0
U1593,2025-08,Basic,199.0,30.0,FALSE,139.3
U1302,12/01/2025,Basic,199.0,0.0,0,199.0
U1431,Aug-2025,STANDARD,499.0,0.0,0,499.0
U1098,Aug-2025,BASIC,199.0,0.0,False,199.0
U2122,2025-09,BASIC,199.0,0.0,False,199.0
U2411,Dec-2025, PREMIUM,999.0,0.0,No,999.0
U1936,10/01/2025, Standard ,499.0,0.0,No,499.0
U1500,2025-09,standard,499.0,0.0,0,499.0
 U1676 ,09/01/2025,Basic,199.0,0.0,False,199.0
U2449,2026-01,standard,499.0,30.0,No,349.3
U1386,Aug-2025,Premium,999.0,0.0,False,999.0
U1552,01/01/2026,Premium,999.0,0.0,FALSE,999.0
U1401,Sep-2025,Premium,999.0,20.0,0,799.2
U1507,Oct-2025,Standard,499.0,0.0,0,499.0
U2280,2026-01,Premium,999.0,0.0,True,
U2349,08/01/2025,Premium,999.0,0.0,0,999.0
U2072,Sep-2025,Standard,499.0,0.0,FALSE,499.0
U2337,Nov-2025,STANDARD,499.0,0.0,0,499.0
U1966,Nov-2025, PREMIUM,999.0,0.0,No,999.0
U1528,Sep-2025,Premium,999.0,0.0,0,999.0
U1469,2025-12,premium ,999.0,,False,999.0
U1861,01/01/2026,BASIC,199.0,0.0,No,199.0
U1723,01/01/2026,basic ,199.0,0.0,0,
U1267,Aug-2025,Basic,199.0,0.0,False,199.0
U2061,Dec-2025,premium ,999.0,0.0,FALSE,999.0
U1232,12/01/2025, Standard ,499.0,0.0,FALSE,499.0
U1466,2025-12,Premium,999.0,0.0,FALSE,999.0
U2016,2026-01,premium ,999.0,0.0,No,999.0
U1900,Oct-2025,basic ,199.0,0.0,FALSE,199.0
U1148,01/01/2026,STANDARD,499.0,0.0,No,499.0
U1869,Oct-2025,STANDARD,499.0,0.0,False,499.0
U1414,01/01/2026,premium ,999.0,0.0,False,999.0
U2160,10/01/2025,STANDARD,499.0,20.0,FALSE,399.2
U1185,2026-01,standard,499.0,20.0,0,399.2
U2326,2025-09,Standard,499.0,0.0,0,499.0
U1365,Aug-2025, Standard ,499.0,0.0,FALSE,499.0
U2096,Aug-2025,Basic,199.0,0.0,No,199.0
U2351,Dec-2025,Standard,499.0,0.0,0,499.0
U2223,2025-10,premium ,999.0,0.0,FALSE,999.0
U1970,09/01/2025, PREMIUM,999.0,0.0,0,999.0
U1731,01/01/2026,standard,499.0,0.0,No,499.0
U2003,2025-08,BASIC,199.0,0.0,0,199.0
U2347,2026-01,Basic,199.0,0.0,0,199.0
U1334,2025-08,Basic,199.0,0.0,No,199.0
U1076,2025-08,Basic,199.0,0.0,False,199.0
U1386,09/01/2025,premium ,999.0,0.0,No,999.0
U1672,10/01/2025,Basic,199.0,0.0,0,199.0
U1377,2025-12, Standard ,499.0,0.0,FALSE,499.0
U1172,08/01/2025,standard,499.0,0.0,FALSE,499.0
U2474,10/01/2025,standard,499.0,,0,499.0
U1837,2025-09,Premium,999.0,0.0,0,999.0
U1100,Oct-2025,Standard,499.0,20.0,FALSE,399.2
U1239,2026-01, Standard ,499.0,,No,499.0
U1720,12/01/2025,STANDARD,499.0,0.0,No,499.0
U2125,12/01/2025,STANDARD,,10.0,No,449.1
U1819,Oct-2025,basic ,199.0,0.0,False,199.0
U2008,Sep-2025,basic ,199.0,0.0,False,199.0
U2082,10/01/2025,standard,499.0,0.0,FALSE,499.0
U1449,2025-10,Basic,,0.0,No,199.0
U1040,Jan-2026,Basic,199.0,30.0,FALSE,139.3
U1857,2025-10,Standard,499.0,30.0,No,349.3
U1730,2026-01,basic ,199.0,0.0,False,199.0
U1818,Jan-2026,BASIC,199.0,0.0,0,199.0
U1017,Nov-2025,basic ,199.0,0.0,FALSE,199.0
U2093,2025-09,Premium,999.0,0.0,False,999.0
U1836,01/01/2026,Standard,499.0,0.0,0,499.0
U1217,Aug-2025,Basic,199.0,0.0,FALSE,199.0
 U1636 ,Jan-2026,STANDARD,499.0,0.0,No,499.0
U1423,Nov-2025,STANDARD,499.0,10.0,No,449.1
U2144,2026-01,BASIC,199.0,10.0,False,179.1
U1522,08/01/2025,Standard,499.0,0.0,FALSE,499.0
U1191,Jan-2026,premium ,999.0,0.0,No,999.0
U1282,2025-11,Basic,199.0,30.0,0,139.3
U1388,08/01/2025,BASIC,199.0,0.0,False,199.0
U2327,01/01/2026,premium ,999.0,0.0,FALSE,999.0
U2102,Nov-2025,STANDARD,499.0,0.0,FALSE,499.0
U1059,2025-08,Standard,499.0,0.0,False,499.0
U1633,2025-11, PREMIUM,999.0,0.0,0,999.0
U1156,09/01/2025,Standard,499.0,0.0,0,499.0
U2014,2026-01,Basic,199.0,20.0,False,159.2
U1925,Jan-2026,standard,499.0,0.0,FALSE,499.0
U1042,2025-12,premium ,999.0,10.0,No,899.1
U1784,Oct-2025, PREMIUM,999.0,0.0,False,999.0
U1514,Oct-2025,BASIC,199.0,0.0,0,199.0
U1420,Sep-2025,Standard,499.0,0.0,False,499.0
U2348,Oct-2025, Standard ,499.0,0.0,0,
U1588,Sep-2025,STANDARD,499.0,0.0,0,499.0
U1388,Dec-2025,Basic,199.0,0.0,No,199.0
U1809,08/01/2025,standard,499.0,0.0,FALSE,499.0
U2139,Dec-2025,Premium,999.0,30.0,False,699.3
U1442,08/01/2025, Standard ,,0.0,0,499.0
U1279,Jan-2026,Basic,199.0,0.0,0,199.0
U2110,2025-11,STANDARD,499.0,0.0,False,499.0
U1272,12/01/2025,Standard,499.0,0.0,0,499.0
U2184,2025-12,STANDARD,499.0,0.0,No,499.0
U2164,01/01/2026,STANDARD,499.0,30.0,FALSE,349.3
U2100,2025-08,STANDARD,499.0,0.0,False,499.0
U1470,Sep-2025,standard,499.0,0.0,0,499.0
U1851,Oct-2025, PREMIUM,999.0,0.0,FALSE,999.0
U1224,10/01/2025,premium ,999.0,20.0,False,799.2
U1945,01/01/2026,STANDARD,499.0,0.0,FALSE,499.0
U1660,08/01/2025,STANDARD,499.0,0.0,No,499.0
U1968,10/01/2025,Basic,199.0,30.0,FALSE,139.3
U1505,10/01/2025,standard,499.0,,FALSE,499.0
U1478,2025-09,basic ,199.0,0.0,False,199.0
U1537,01/01/2026,Basic,199.0,0.0,No,199.0
U1462,Dec-2025,Premium,999.0,0.0,FALSE,999.0
U2323,08/01/2025,Standard,499.0,0.0,FALSE,499.0
U1883,Nov-2025,Basic,199.0,30.0,False,139.3
U1394,2025-09,premium ,999.0,0.0,No,999.0
U1478,11/01/2025,basic ,199.0,20.0,No,159.2
U2002,Dec-2025,STANDARD,499.0,0.0,FALSE,499.0
U2168,2025-09,premium ,999.0,0.0,False,999.0
U1156,2026-01,standard,499.0,0.0,FALSE,499.0
U1218,Oct-2025, PREMIUM,999.0,0.0,0,999.0
U2171,2026-01,Premium,999.0,0.0,False,999.0
U2423,08/01/2025,standard,499.0,0.0,FALSE,499.0
U1296,Jan-2026,Standard,499.0,0.0,False,499.0
U2087,Jan-2026,BASIC,199.0,0.0,False,
U2204,11/01/2025,STANDARD,499.0,0.0,FALSE,499.0
U2111,11/01/2025,Premium,999.0,0.0,0,999.0
U2172,2025-10,premium ,999.0,0.0,False,
U1804,Oct-2025,Standard,499.0,0.0,0,499.0
U2117,2025-11,basic ,199.0,0.0,0,199.0
U1270,2026-01,basic ,199.0,0.0,No,199.0
U1481,01/01/2026,standard,499.0,0.0,FALSE,499.0
 U1740 ,2025-08,Standard,499.0,10.0,No,449.1
U2207,Jan-2026, Standard ,499.0,0.0,0,499.0
U1095,10/01/2025, Standard ,499.0,0.0,FALSE,
U1088,Aug-2025,premium ,999.0,0.0,False,999.0
U1223,2025-08,Basic,199.0,0.0,No,199.0
U1772,2025-12,standard,499.0,0.0,False,499.0
U2412,Aug-2025,STANDARD,499.0,0.0,False,499.0
U1397,2025-12,Standard,499.0,30.0,0,349.3
U1523,2025-08,basic ,199.0,0.0,0,199.0
U1074,Jan-2026,basic ,199.0,0.0,FALSE,199.0
U1049,Aug-2025, Standard ,499.0,0.0,FALSE,499.0
U1897,Dec-2025,STANDARD,,0.0,No,499.0
U2009,01/01/2026, Standard ,499.0,10.0,FALSE,449.1
 U1476 ,01/01/2026, Standard ,499.0,0.0,FALSE,499.0
U2070,2025-12,BASIC,199.0,0.0,FALSE,199.0
U1580,Sep-2025,premium ,999.0,0.0,No,999.0
U2268,11/01/2025,premium ,999.0,0.0,FALSE,999.0
U1142,11/01/2025,premium ,999.0,0.0,False,999.0
U1070,2025-12,standard,499.0,0.0,FALSE,499.0
U2126,Aug-2025,BASIC,199.0,,No,199.0
U2162,08/01/2025,STANDARD,499.0,0.0,0,499.0
U1414,01/01/2026,premium ,999.0,0.0,False,999.0
U1018,2025-08,BASIC,199.0,0.0,No,199.0
U1729,2025-09,BASIC,199.0,0.0,FALSE,199.0
U1147,2025-12,Basic,199.0,0.0,TRUE,0.0
U1020,12/01/2025,BASIC,199.0,0.0,False,199.0
U1400,2025-08, Standard ,499.0,0.0,FALSE,499.0
U1547,Sep-2025,standard,499.0,0.0,0,499.0
 U1455 ,Dec-2025,Standard,499.0,0.0,True,0.0
U2195,2025-12,Basic,199.0,0.0,True,0.0
U1770,10/01/2025,Standard,499.0,0.0,0,499.0
U1455,2025-10,Standard,499.0,0.0,False,499.0
U1376,Nov-2025, Standard ,499.0,0.0,FALSE,499.0
U1409,Nov-2025,BASIC,199.0,0.0,FALSE,
U2460,2025-08, Standard ,499.0,,No,499.0
U2411,10/01/2025, PREMIUM,999.0,0.0,FALSE,999.0
U2022,12/01/2025,Basic,199.0,0.0,FALSE,199.0
U1775,2025-12,Premium,999.0,10.0,FALSE,899.1
U2323,2025-11,standard,499.0,0.0,No,499.0
U1286,08/01/2025,Basic,199.0,0.0,FALSE,199.0
U1215,Sep-2025,basic ,199.0,0.0,False,199.0
U1190,12/01/2025,STANDARD,499.0,30.0,No,349.3
U1327,2025-11,basic ,199.0,0.0,FALSE,199.0
U1022,Jan-2026,Basic,199.0,0.0,False,199.0
U1502,2026-01,Basic,,20.0,TRUE,0.0
U1419,2025-10,Premium,999.0,0.0,False,999.0
U2387,01/01/2026,Basic,199.0,0.0,False,199.0
U2333,Dec-2025,Standard,499.0,0.0,False,499.0
U2425,12/01/2025,STANDARD,499.0,,No,499.0
U2091,09/01/2025,Premium,999.0,20.0,0,799.2
U1641,Nov-2025,standard,499.0,0.0,False,499.0
U2474,2026-01, Standard ,499.0,0.0,No,499.0
U2296,12/01/2025,Basic,199.0,20.0,FALSE,159.2
U2442,Dec-2025,Basic,199.0,0.0,False,199.0
U1413,2026-01,premium ,999.0,0.0,No,999.0
U1294,Aug-2025,Basic,199.0,0.0,FALSE,199.0
U1188,Oct-2025, PREMIUM,999.0,0.0,FALSE,999.0
U2308,Dec-2025,Basic,199.0,0.0,No,199.0
U1116,Aug-2025,STANDARD,499.0,0.0,FALSE,499.0
U2162,2025-09,STANDARD,499.0,0.0,False,499.0
U2281,2025-11,premium ,999.0,0.0,0,999.0
U2300,2026-01,Basic,199.0,10.0,False,-1.0
U1970,01/01/2026, Standard ,499.0,0.0,FALSE,499.0
U2238,08/01/2025,Standard,499.0,0.0,No,-1.0
U2006,Sep-2025,premium ,999.0,0.0,FALSE,999.0
U2464,2026-01,standard,499.0,0.0,No,499.0
U1437,Sep-2025,basic ,,0.0,FALSE,
U1262,10/01/2025,basic ,199.0,0.0,0,199.0
U1407,Jan-2026,Standard,499.0,0.0,No,499.0
U2250,08/01/2025,standard,499.0,0.0,FALSE,-1.0
U1327,Oct-2025,BASIC,199.0,0.0,FALSE,199.0
U1717,Aug-2025, Standard ,499.0,0.0,False,499.0
U1879,12/01/2025, Standard ,499.0,0.0,FALSE,499.0
U1733,Dec-2025,Premium,999.0,0.0,No,999.0
U1606,2025-10,Standard,499.0,0.0,FALSE,499.0
U2329,10/01/2025,Basic,199.0,0.0,False,199.0
U1535,10/01/2025,basic ,199.0,30.0,False,139.3
U1724,11/01/2025,Basic,199.0,0.0,False,199.0
U2425,09/01/2025,Standard,499.0,0.0,No,499.0
U2305,12/01/2025,Basic,199.0,0.0,FALSE,199.0
U2031,2025-12,standard,499.0,10.0,No,449.1
U1701,Dec-2025,Basic,199.0,0.0,No,199.0
U1933,2025-09, PREMIUM,999.0,0.0,False,999.0
U1762,2026-01,Basic,199.0,0.0,FALSE,199.0
U1848,Sep-2025,BASIC,199.0,0.0,No,199.0
U2472,Sep-2025, Standard ,499.0,0.0,False,499.0
U1238,Oct-2025,standard,499.0,0.0,0,499.0
U1880,12/01/2025,premium ,999.0,0.0,FALSE,999.0
U1503,Sep-2025,Standard,499.0,0.0,No,499.0
U2159,08/01/2025,Premium,999.0,10.0,0,899.1
U1665,Dec-2025,Standard,499.0,0.0,0,499.0
U2439,2026-01,BASIC,199.0,0.0,False,199.0
U1246,2025-08,premium ,999.0,20.0,False,799.2
U1419,01/01/2026, PREMIUM,999.0,0.0,1,0.0
U1596,09/01/2025,basic ,199.0,10.0,No,
U1402,Dec-2025,standard,499.0,0.0,No,-1.0
U2407,2025-12,Standard,,0.0,0,499.0
U2275,Oct-2025,Standard,499.0,20.0,False,399.2
U2170,2025-11, PREMIUM,999.0,0.0,0,999.0
U1920,12/01/2025,Basic,199.0,0.0,0,199.0
U1650,Oct-2025,Premium,999.0,0.0,FALSE,
U2295,09/01/2025, Standard ,499.0,0.0,False,499.0
U2161,2025-11, PREMIUM,999.0,30.0,0,699.3
U1379,2025-11,basic ,199.0,0.0,FALSE,199.0
U1765,10/01/2025,BASIC,199.0,0.0,0,199.0
U2439,2025-10,BASIC,199.0,0.0,False,199.0
U1406,Jan-2026,standard,499.0,0.0,0,499.0
U1989,2025-08,Premium,999.0,30.0,0,699.3
U1235,Nov-2025, PREMIUM,999.0,0.0,0,999.0
U2249,Dec-2025, Standard ,499.0,,No,499.0
U1084,12/01/2025,Standard,499.0,0.0,0,499.0
U1525,2025-12,Basic,199.0,10.0,0,179.1
U1437,2025-10,basic ,199.0,0.0,0,199.0
U2011,Aug-2025,standard,499.0,0.0,0,499.0
U2045,2025-10,STANDARD,499.0,0.0,False,499.0
U1069,10/01/2025,Premium,999.0,0.0,FALSE,999.0
U2335,Oct-2025,Premium,999.0,20.0,FALSE,799.2
U1289,2025-08, PREMIUM,999.0,0.0,FALSE,999.0
U1874,01/01/2026,basic ,199.0,0.0,0,199.0
 U2064 ,08/01/2025,Premium,999.0,0.0,FALSE,999.0
U1913,2025-08,basic ,199.0,0.0,False,199.0
U1689,2026-01,basic ,199.0,0.0,0,199.0
U2402,01/01/2026,STANDARD,499.0,0.0,FALSE,499.0
U1930,Jan-2026, Standard ,499.0,0.0,0,499.0
U1004,Oct-2025,Basic,199.0,0.0,FALSE,199.0
U1238,2025-12, Standard ,499.0,0.0,1,0.0
U2048,Jan-2026,basic ,199.0,10.0,No,179.1
U1380,2025-11,basic ,199.0,0.0,FALSE,199.0
U2216,Oct-2025,Basic,199.0,0.0,0,199.0
U1489,08/01/2025, Standard ,499.0,0.0,False,499.0
U1610,2025-09,Standard,499.0,0.0,FALSE,499.0
U2482,2025-09,Premium,999.0,0.0,False,999.0
U2432,2025-08,Basic,199.0,0.0,0,199.0
U1977,Aug-2025,BASIC,,0.0,0,199.0
U1607,Aug-2025,BASIC,199.0,0.0,0,199.0
U1733,Jan-2026,Premium,999.0,10.0,FALSE,899.1
U2407,Oct-2025, Standard ,499.0,0.0,False,499.0
U1227,10/01/2025,basic ,199.0,0.0,No,199.0
U1373,Jan-2026, Standard ,499.0,0.0,FALSE,499.0
U1976,08/01/2025,Premium,999.0,30.0,FALSE,699.3
U2374,Sep-2025,Premium,999.0,0.0,No,999.0
U1751,2025-08,basic ,199.0,0.0,0,199.0
U1952,Oct-2025,basic ,199.0,0.0,0,199.0
U1166,01/01/2026,Premium,999.0,0.0,False,999.0
U2160,Jan-2026,Standard,499.0,0.0,FALSE,499.0
U1401,10/01/2025,Premium,999.0,0.0,0,
U1707,Oct-2025, Standard ,499.0,0.0,True,0.0
U1171,2025-12,Basic,199.0,,FALSE,139.3
U1689,12/01/2025,Basic,199.0,30.0,0,139.3
U1547,2025-08, Standard ,499.0,0.0,No,499.0
U1738,Oct-2025,Standard,499.0,0.0,FALSE,499.0
U1431,Jan-2026,standard,499.0,0.0,FALSE,499.0
U1601,09/01/2025,Basic,199.0,0.0,FALSE,199.0
U2357,2025-10,STANDARD,499.0,0.0,FALSE,499.0
U1923,Jan-2026,Basic,199.0,0.0,FALSE,199.0
U1341,Aug-2025,Premium,999.0,0.0,No,999.0
U1701,Aug-2025,BASIC,199.0,0.0,0,-1.0
U1876,Dec-2025,premium ,999.0,0.0,FALSE,999.0
U2433,Jan-2026,Standard,499.0,0.0,False,499.0
U2401,Sep-2025, PREMIUM,999.0,0.0,0,999.0
U2270,2025-09,Standard,499.0,0.0,FALSE,499.0
U1595,Dec-2025,Basic,199.0,0.0,0,199.0
U2262,Nov-2025,Premium,999.0,0.0,No,999.0
U1622,Nov-2025,Premium,999.0,0.0,False,999.0
U2319,2025-09,basic ,199.0,0.0,False,199.0
 U1742 ,Aug-2025,STANDARD,499.0,0.0,No,499.0
U1548,12/01/2025,Basic,199.0,0.0,FALSE,199.0
U1738,09/01/2025,STANDARD,499.0,0.0,No,499.0
U1052,2026-01,Standard,499.0,0.0,FALSE,499.0
U1496,2026-01,Basic,199.0,0.0,FALSE,199.0
U1564,Aug-2025,Basic,199.0,0.0,False,199.0
U1047,Oct-2025, PREMIUM,999.0,30.0,True,0.0
U1975,2025-10, Standard ,499.0,0.0,FALSE,499.0
U1546,12/01/2025,basic ,,0.0,No,199.0
U1288,2026-01,STANDARD,499.0,0.0,0,499.0
U1292,08/01/2025,Standard,499.0,0.0,False,499.0
U2358,Nov-2025,Basic,199.0,0.0,Yes,0.0
U2275,08/01/2025,standard,499.0,0.0,No,499.0
U2013,Sep-2025,premium ,999.0,20.0,0,
U1183,Aug-2025,Premium,999.0,0.0,FALSE,999.0
U1007,2025-09,Standard,499.0,20.0,0,399.2
 U2259 ,Dec-2025, Standard ,499.0,20.0,FALSE,399.2
U1628,2025-09,STANDARD,499.0,0.0,0,499.0
U1594,Nov-2025,Standard,499.0,0.0,False,499.0
U2396,2025-08,Basic,199.0,0.0,No,199.0
U1925,10/01/2025,STANDARD,499.0,,FALSE,499.0
U1496,10/01/2025, Standard ,499.0,0.0,No,499.0
U1589,Dec-2025,premium ,999.0,30.0,No,699.3
U2366,10/01/2025,basic ,199.0,20.0,FALSE,159.2
U1202,12/01/2025,basic ,199.0,0.0,False,199.0
U2309,Sep-2025, Standard ,499.0,0.0,1,0.0
U1980,08/01/2025,Premium,999.0,0.0,0,999.0
U1076,09/01/2025,basic ,199.0,20.0,FALSE,159.2
U2059,Nov-2025,STANDARD,499.0,0.0,No,499.0
U1383,2025-09,standard,499.0,0.0,No,499.0
U2215,08/01/2025,basic ,199.0,0.0,1,0.0
U1747,Sep-2025, Standard ,499.0,0.0,False,499.0
U1594,2025-12,standard,499.0,0.0,FALSE,499.0
U1707,09/01/2025,Standard,499.0,0.0,FALSE,499.0
U1096,10/01/2025,BASIC,199.0,0.0,False,199.0
U1260,Oct-2025,Basic,199.0,20.0,No,159.2
U1818,Dec-2025,Basic,199.0,0.0,False,199.0
U1963,Oct-2025,basic ,199.0,,FALSE,199.0
U1950,09/01/2025,basic ,199.0,,No,199.0
U1713,10/01/2025,STANDARD,499.0,0.0,FALSE,499.0
U1327,08/01/2025,Basic,199.0,0.0,False,199.0
U1598,Oct-2025,premium ,999.0,20.0,0,799.2
U1249,Oct-2025,Standard,499.0,20.0,No,399.2
U1986,Jan-2026,basic ,199.0,30.0,No,139.3
U1115,2026-01,basic ,199.0,0.0,No,199.0
U1370,Jan-2026, Standard ,499.0,,False,499.0
U1257,08/01/2025,Premium,999.0,0.0,0,999.0
U1842,Nov-2025,basic ,199.0,0.0,FALSE,199.0
U2073,Oct-2025,premium ,999.0,0.0,0,999.0
U1256,Jan-2026,Premium,999.0,0.0,False,999.0
U1951,09/01/2025,Basic,199.0,0.0,No,199.0
U1309,09/01/2025,basic ,199.0,0.0,No,199.0
U1989,2026-01,premium ,999.0,20.0,False,799.2
U1301,Dec-2025, Standard ,499.0,10.0,False,449.1
U1473,01/01/2026,STANDARD,499.0,30.0,No,349.3
U1382,2025-08,standard,499.0,0.0,FALSE,499.0
U1055,12/01/2025,Basic,199.0,30.0,No,139.3
U1551,2025-11,BASIC,199.0,0.0,FALSE,199.0
U1349,2025-08,Standard,499.0,30.0,False,349.3
U2038,2025-11,Standard,499.0,0.0,FALSE,499.0
U1230,2025-12,premium ,999.0,0.0,No,999.0
U1630,2025-10,BASIC,199.0,0.0,0,199.0
U1442,Sep-2025,Standard,499.0,0.0,FALSE,499.0
U1352,2025-11,basic ,199.0,0.0,FALSE,199.0
U2433,2025-12,Standard,499.0,0.0,FALSE,499.0
U2206,2025-12,standard,499.0,,0,399.2
U2012,08/01/2025,STANDARD,499.0,0.0,No,499.0
U1281,12/01/2025,premium ,999.0,0.0,0,999.0
U1498,09/01/2025,Standard,499.0,0.0,FALSE,499.0
U2176,Jan-2026,Premium,999.0,30.0,False,699.3
U1686,10/01/2025, Standard ,499.0,0.0,0,499.0
U2048,2025-08,BASIC,199.0,0.0,FALSE,199.0
U2494,Oct-2025,BASIC,199.0,0.0,False,199.0
U2130,2025-12,BASIC,199.0,0.0,0,199.0
U1549,Sep-2025,Premium,999.0,0.0,FALSE,999.0
U2403,2025-10,BASIC,199.0,0.0,0,199.0
U1930,10/01/2025, Standard ,499.0,30.0,No,349.3
U2364,08/01/2025,BASIC,199.0,10.0,No,179.1
U1717,09/01/2025,standard,499.0,0.0,False,499.0
U2109,2025-12,standard,499.0,0.0,FALSE,499.0
U1546,Jan-2026,Basic,199.0,0.0,0,199.0
U2494,Jan-2026,BASIC,199.0,0.0,No,199.0
U2361,10/01/2025,Basic,199.0,0.0,False,199.0
U1441,Sep-2025,Basic,199.0,0.0,False,199.0
U2483,Sep-2025, Standard ,499.0,0.0,FALSE,499.0
U1119,10/01/2025,premium ,999.0,0.0,FALSE,999.0
U2260,08/01/2025, PREMIUM,999.0,10.0,FALSE,899.1
U1019,2025-10,premium ,999.0,,FALSE,999.0
U2070,2025-11,standard,499.0,10.0,0,449.1
U2350,Nov-2025,standard,499.0,0.0,FALSE,499.0
U2387,2025-11,Basic,199.0,0.0,FALSE,199.0
U1927,12/01/2025,Basic,199.0,10.0,False,179.1
U1445,11/01/2025,STANDARD,499.0,0.0,0,499.0
U1902,Aug-2025,BASIC,199.0,0.0,No,199.0
U1631,01/01/2026,standard,499.0,20.0,No,399.2
U1984,2025-10,standard,499.0,0.0,Yes,0.0
 U1293 ,Dec-2025,Premium,999.0,0.0,TRUE,0.0
U2210,2026-01,standard,499.0,0.0,False,499.0
U1206,2025-08,Standard,499.0,0.0,No,499.0
U1732,Dec-2025,basic ,199.0,10.0,FALSE,179.1
U1549,11/01/2025,Premium,999.0,0.0,FALSE,999.0
U1578,2025-12,Standard,499.0,0.0,FALSE,499.0
U1575,Jan-2026,Basic,199.0,20.0,0,159.2
U1269,Sep-2025,Premium,999.0,0.0,No,999.0
U1565,2025-11,Basic,199.0,0.0,FALSE,199.0
U2094,01/01/2026, PREMIUM,999.0,0.0,FALSE,999.0
U1409,2025-08,STANDARD,499.0,0.0,0,499.0
U1331,Aug-2025,Premium,999.0,0.0,No,999.0
U1964,2025-08,Premium,999.0,0.0,FALSE,999.0
U2401,Nov-2025,premium ,999.0,0.0,True,0.0
U1263,2025-12, PREMIUM,999.0,0.0,False,999.0
U1468,08/01/2025,BASIC,199.0,0.0,False,199.0
U2181,10/01/2025,basic ,199.0,0.0,FALSE,199.0
U2379,Dec-2025, PREMIUM,999.0,0.0,False,999.0
U1765,01/01/2026,Basic,199.0,20.0,True,0.0
U1286,2025-09,BASIC,199.0,0.0,False,199.0
U2408,10/01/2025, PREMIUM,999.0,,False,799.2
U1430,10/01/2025, PREMIUM,999.0,0.0,FALSE,999.0
U2242,2026-01, Standard ,499.0,0.0,No,499.0
U1525,Oct-2025,basic ,199.0,0.0,No,199.0
U1000,Sep-2025,Basic,199.0,0.0,No,199.0
U1550,2025-08,STANDARD,499.0,0.0,FALSE,499.0
U2452,2025-09,Premium,999.0,0.0,FALSE,999.0
U1535,12/01/2025,BASIC,199.0,20.0,False,159.2
U1834,Dec-2025,Basic,199.0,0.0,No,199.0
U2353,2025-11,basic ,199.0,0.0,0,199.0
U1308,Oct-2025,Basic,199.0,0.0,False,199.0
U1351,Sep-2025, Standard ,499.0,30.0,0,349.3
U1381,2025-12,basic ,199.0,0.0,FALSE,199.0
U1909,12/01/2025,standard,499.0,0.0,0,499.0
U2181,Sep-2025,Basic,199.0,0.0,0,199.0
U1856,Dec-2025,Basic,199.0,0.0,FALSE,199.0
U1596,2025-11,basic ,199.0,0.0,FALSE,199.0
U1208,2025-10, Standard ,499.0,0.0,FALSE,499.0
U1738,Dec-2025,STANDARD,499.0,0.0,False,499.0
U1959,Jan-2026,basic ,199.0,0.0,FALSE,199.0
U2180,2025-09,Basic,199.0,0.0,FALSE,199.0
U1307,2025-09,BASIC,199.0,0.0,False,199.0
U2202,08/01/2025,Standard,499.0,20.0,0,399.2
U2180,2025-11,BASIC,199.0,0.0,FALSE,199.0
U1680,01/01/2026,basic ,199.0,0.0,FALSE,199.0
U2288,2026-01,standard,499.0,0.0,No,499.0
 U1999 ,Sep-2025,Basic,199.0,0.0,0,199.0
U1192,Jan-2026,Premium,999.0,0.0,No,999.0
U1197,08/01/2025, PREMIUM,999.0,10.0,False,899.1
U2059,Sep-2025,standard,499.0,10.0,No,449.1
U1027,Nov-2025,premium ,999.0,0.0,No,999.0
U2444,Jan-2026,Basic,199.0,0.0,False,199.0
U1304,Dec-2025,Premium,999.0,0.0,1,0.0
U1443,2025-08,Basic,199.0,0.0,0,199.0
U1347,Aug-2025,Premium,999.0,10.0,No,899.1
U1438,2026-01, Standard ,499.0,0.0,FALSE,499.0
U1660,Dec-2025,standard,499.0,0.0,Yes,0.0
U1835,Oct-2025, Standard ,499.0,0.0,FALSE,499.0
U1085,Aug-2025,premium ,,0.0,No,999.0
U1726,Aug-2025, Standard ,499.0,0.0,False,499.0
U1907,09/01/2025,Basic,199.0,0.0,False,199.0
U2112,Jan-2026,standard,499.0,0.0,False,499.0
U1444,01/01/2026,Basic,199.0,0.0,0,199.0
U2177,01/01/2026,STANDARD,499.0,0.0,False,499.0
U2243,Oct-2025, Standard ,499.0,0.0,No,499.0
U2493,Dec-2025,Standard,499.0,0.0,No,499.0
U1051,01/01/2026,Premium,999.0,20.0,0,799.2
U1244,Sep-2025,Premium,999.0,0.0,FALSE,999.0
U1883,Oct-2025,Basic,199.0,0.0,No,199.0
U1179,Aug-2025,Standard,499.0,,0,499.0
U1802,2025-09,standard,499.0,0.0,0,499.0
U2216,Dec-2025,basic ,199.0,0.0,False,199.0
U1652,09/01/2025,Basic,199.0,0.0,False,199.0
U2182,Jan-2026,premium ,999.0,20.0,No,799.2
U2427,2025-11,BASIC,199.0,10.0,No,179.1
U1194,Sep-2025,standard,499.0,0.0,No,499.0
U1206,Sep-2025, Standard ,499.0,0.0,0,499.0
U2019,Jan-2026,Basic,199.0,0.0,No,199.0
U1254,11/01/2025,Basic,199.0,0.0,FALSE,
U2327,2025-08,Premium,999.0,0.0,FALSE,999.0
U1042,09/01/2025,premium ,999.0,0.0,False,999.0
U1862,Sep-2025,standard,499.0,0.0,FALSE,
U2365,Nov-2025, PREMIUM,999.0,20.0,False,799.2
U1187,2025-12,premium ,999.0,0.0,False,999.0
U1038,Jan-2026,Basic,199.0,20.0,FALSE,159.2
U1270,2025-10,basic ,199.0,0.0,No,199.0
U2445,2025-12,basic ,,0.0,FALSE,199.0
U1345,2025-11,basic ,199.0,10.0,0,179.1
U1501,2025-10, PREMIUM,999.0,0.0,0,999.0
U2430,2025-12,BASIC,199.0,0.0,0,199.0
U1918,12/01/2025, Standard ,499.0,10.0,False,449.1
U1200,Sep-2025,Basic,199.0,0.0,False,199.0
U1235,09/01/2025,premium ,999.0,0.0,FALSE,999.0
U1764,08/01/2025,Standard,499.0,0.0,No,499.0
U1331,2025-09,Premium,999.0,20.0,No,799.2
U1468,09/01/2025,basic ,199.0,,FALSE,199.0
U1355,Jan-2026,Premium,999.0,0.0,0,999.0
U2412,09/01/2025,standard,499.0,0.0,1,0.0
U2088,Oct-2025,basic ,199.0,0.0,0,199.0
U1563,08/01/2025,standard,499.0,0.0,FALSE,499.0
U1599,01/01/2026,Basic,199.0,20.0,False,159.2
U1887,Nov-2025,STANDARD,499.0,0.0,False,499.0
U1240,2025-10,STANDARD,499.0,0.0,0,499.0
U2327,2025-11,Premium,999.0,0.0,False,999.0
U1630,2025-09,basic ,199.0,30.0,False,139.3
U2283,Aug-2025,Premium,999.0,0.0,No,999.0
U1712,Aug-2025,Basic,199.0,0.0,No,199.0
U1680,2025-12,basic ,199.0,0.0,No,
U1925,2025-12, Standard ,499.0,30.0,0,349.3
U1142,Dec-2025, PREMIUM,999.0,10.0,No,899.1
U1153,Sep-2025, Standard ,499.0,0.0,No,499.0
U1637,08/01/2025,Premium,999.0,0.0,False,999.0
U1519,Sep-2025,Standard,499.0,20.0,False,399.2
U2132,2025-08,STANDARD,499.0,0.0,0,499.0
U1301,08/01/2025, Standard ,499.0,0.0,FALSE,499.0
U1815,2025-11,Premium,999.0,0.0,0,999.0
U1389,Nov-2025,standard,499.0,10.0,No,449.1
U1358,10/01/2025,STANDARD,499.0,30.0,FALSE,349.3
U2090,2025-12,BASIC,199.0,0.0,0,199.0
U2399,Dec-2025,Premium,999.0,10.0,FALSE,899.1
U1703,2025-11,premium ,999.0,,FALSE,999.0
U1906,12/01/2025,standard,499.0,30.0,No,349.3
U1688,10/01/2025,Standard,,0.0,FALSE,499.0
U1415,Aug-2025,premium ,999.0,0.0,FALSE,999.0
U1927,2026-01,basic ,199.0,0.0,0,199.0
U1211,2025-12,Basic,,30.0,No,139.3
U2373,10/01/2025,Premium,999.0,0.0,No,999.0
U1386,2025-10,Premium,999.0,0.0,0,999.0
U2406,Sep-2025,BASIC,199.0,0.0,False,199.0
U1839,2025-11,BASIC,199.0,0.0,False,199.0
U2308,01/01/2026,BASIC,199.0,20.0,0,159.2
U2325,11/01/2025, PREMIUM,999.0,0.0,FALSE,999.0
U1824,10/01/2025,Basic,199.0,0.0,FALSE,199.0
U1296,2025-12,standard,499.0,0.0,0,499.0
U1747,10/01/2025,STANDARD,499.0,0.0,No,499.0
U1542,01/01/2026, PREMIUM,999.0,0.0,FALSE,999.0
U1291,Dec-2025,Basic,199.0,0.0,FALSE,199.0
U1156,2025-12,standard,499.0,30.0,No,349.3
U1763,11/01/2025,premium ,999.0,0.0,0,999.0
U1016,10/01/2025,STANDARD,499.0,10.0,FALSE,
U1390,2025-12,basic ,199.0,20.0,False,159.2
U1550,2025-08,STANDARD,499.0,0.0,FALSE,499.0
U2116,09/01/2025,Standard,499.0,20.0,No,399.2
U2426,2025-12, Standard ,499.0,0.0,No,499.0
U1937,2025-09,Basic,199.0,30.0,No,139.3
U1054,12/01/2025,Basic,199.0,0.0,No,199.0
U2269,09/01/2025,standard,499.0,0.0,FALSE,-1.0
U2140,Jan-2026,Basic,199.0,0.0,True,0.0
U1399,2026-01,Basic,199.0,30.0,No,139.3
U1570,01/01/2026,Basic,199.0,0.0,True,0.0
U2273,2026-01,Basic,199.0,10.0,No,179.1
U1942,01/01/2026,BASIC,199.0,0.0,0,199.0
 U2293 ,2025-09,standard,499.0,0.0,0,499.0
U1872,10/01/2025,Standard,499.0,0.0,False,499.0
U2036,2025-10,premium ,999.0,0.0,No,999.0
U2259,2025-09, Standard ,499.0,30.0,False,349.3
U1542,Aug-2025,Premium,999.0,0.0,No,999.0
U2149,Oct-2025, PREMIUM,999.0,30.0,0,699.3
U2182,12/01/2025,Premium,999.0,20.0,No,799.2
U1074,Aug-2025,standard,499.0,0.0,False,499.0
U2485,10/01/2025,STANDARD,499.0,0.0,False,499.0
U1358,08/01/2025, PREMIUM,999.0,0.0,FALSE,999.0
U1339,2025-09,Standard,499.0,0.0,False,499.0
U2164,12/01/2025,Standard,499.0,0.0,FALSE,499.0
U2329,Nov-2025,BASIC,199.0,0.0,FALSE,199.0
U1095,2025-09,STANDARD,499.0,0.0,0,499.0
U1030,2025-12,BASIC,199.0,0.0,FALSE,199.0
U1583,Aug-2025, PREMIUM,999.0,0.0,FALSE,999.0
U1882,Dec-2025,Premium,999.0,0.0,0,999.0
U2429,2025-10,Premium,999.0,0.0,No,999.0
U1067,Oct-2025,STANDARD,499.0,0.0,FALSE,499.0
U1760,11/01/2025,BASIC,199.0,0.0,0,199.0
U2219,01/01/2026,Premium,999.0,0.0,0,999.0
U2384,Sep-2025,Premium,999.0,20.0,False,799.2
U1848,01/01/2026,BASIC,199.0,0.0,False,199.0
U1734,01/01/2026,standard,499.0,0.0,False,499.0
U1148,Sep-2025, PREMIUM,999.0,0.0,No,999.0
U2374,12/01/2025,premium ,999.0,10.0,No,899.1
U2167,08/01/2025,STANDARD,499.0,0.0,No,499.0
U1660,2025-10,Standard,499.0,10.0,0,449.1
U2102,09/01/2025,Standard,499.0,0.0,FALSE,499.0
U1414,2025-12, PREMIUM,999.0,30.0,0,699.3
U2301,2025-12,basic ,199.0,0.0,False,199.0
U1471,09/01/2025,STANDARD,499.0,30.0,FALSE,349.3
U1700,Oct-2025,STANDARD,499.0,0.0,No,499.0
U1158,09/01/2025,Premium,999.0,0.0,False,999.0
U1399,12/01/2025,basic ,199.0,0.0,No,199.0
U2111,Aug-2025,premium ,999.0,0.0,No,999.0
U1095,11/01/2025,Standard,499.0,0.0,0,499.0
U1348,Jan-2026,Basic,199.0,0.0,0,199.0
U2365,Sep-2025,Premium,999.0,0.0,False,999.0
U1814,08/01/2025,standard,499.0,0.0,False,
U1855,2025-11,Basic,,0.0,False,199.0
U2159,Jan-2026,premium ,999.0,0.0,0,999.0
U2062,09/01/2025, PREMIUM,999.0,0.0,False,999.0
U2025,08/01/2025,Basic,199.0,0.0,No,199.0
U1778,09/01/2025,BASIC,199.0,0.0,FALSE,199.0
U1690,Nov-2025,basic ,199.0,0.0,No,199.0
U1623,2025-11,Premium,999.0,0.0,No,999.0
U1386,Dec-2025,premium ,999.0,30.0,False,699.3
U2472,12/01/2025,STANDARD,499.0,0.0,0,
 U1026 ,Oct-2025,premium ,999.0,20.0,FALSE,799.2
U1838,2025-08, Standard ,499.0,0.0,No,499.0
U2232,Aug-2025,Standard,499.0,30.0,No,349.3
U2040,Aug-2025,Basic,199.0,0.0,False,199.0
U2391,10/01/2025,Standard,499.0,0.0,False,499.0
U1265,Oct-2025,Basic,199.0,0.0,0,199.0
U2246,08/01/2025,premium ,999.0,20.0,No,799.2
U1105,12/01/2025,Standard,499.0,0.0,No,499.0
U2043,2025-09,standard,499.0,0.0,No,499.0
U2371,Dec-2025,basic ,199.0,30.0,FALSE,139.3
U2197,09/01/2025,basic ,199.0,0.0,0,199.0
U1951,2025-12,Basic,199.0,30.0,False,139.3
U2439,Dec-2025,Basic,199.0,0.0,FALSE,199.0
U2104,Nov-2025,Basic,199.0,0.0,0,199.0
U1623,09/01/2025,premium ,999.0,0.0,0,999.0
U1663,09/01/2025, PREMIUM,999.0,0.0,FALSE,999.0
U2052,Oct-2025,standard,499.0,0.0,0,499.0
U1635,12/01/2025,Premium,,0.0,No,999.0
U2111,09/01/2025,premium ,999.0,20.0,False,799.2
U1436,2025-11,premium ,999.0,0.0,0,999.0
U1181,2025-09, Standard ,499.0,0.0,0,499.0
U2130,Jan-2026,Basic,199.0,0.0,FALSE,199.0
U1448,Oct-2025,Basic,199.0,10.0,0,179.1
U1465,Dec-2025,Premium,999.0,0.0,0,999.0
U1074,2025-10, Standard ,499.0,10.0,0,
U2169,Nov-2025,Standard,499.0,0.0,0,499.0
U1173,2025-09,basic ,199.0,0.0,No,199.0
U1210,Sep-2025, PREMIUM,999.0,0.0,0,999.0
U2084,08/01/2025,standard,499.0,0.0,0,499.0
U1558,Sep-2025,basic ,199.0,0.0,FALSE,199.0
 U2394 ,2025-08,BASIC,199.0,0.0,False,199.0
U1210,2025-08,Premium,999.0,0.0,FALSE,999.0
U1447,Dec-2025,standard,499.0,10.0,False,449.1
U1693,Oct-2025,BASIC,199.0,0.0,0,199.0
U2237,10/01/2025,BASIC,,0.0,No,199.0
U1969,Oct-2025,basic ,199.0,0.0,No,199.0
U1311,11/01/2025,premium ,999.0,0.0,FALSE,999.0
 U1145 ,11/01/2025,Standard,499.0,,0,399.2
U2386,2025-10,basic ,199.0,0.0,0,
U1979,Dec-2025,Standard,499.0,10.0,0,449.1
U1800,Dec-2025,Premium,999.0,0.0,No,999.0
U1050,Aug-2025,standard,499.0,0.0,False,499.0
U1874,2025-11,BASIC,199.0,0.0,FALSE,199.0
U1000,10/01/2025,basic ,199.0,20.0,FALSE,159.2
U1767,2025-10,STANDARD,499.0,0.0,0,499.0
U2062,Jan-2026,Standard,499.0,10.0,FALSE,
U1213,09/01/2025,standard,499.0,0.0,0,499.0
U1875,Dec-2025,Standard,499.0,0.0,False,499.0
U1707,Nov-2025,standard,499.0,0.0,0,499.0
U1700,2025-09, Standard ,499.0,0.0,FALSE,499.0
U1349,Jan-2026,STANDARD,499.0,20.0,False,399.2
U1430,2025-11,premium ,999.0,0.0,FALSE,999.0
 U2177 ,Oct-2025,STANDARD,,0.0,No,499.0
U2216,2026-01,Basic,199.0,0.0,True,0.0
U1335,2025-08,basic ,199.0,,False,199.0
U2451,Dec-2025, PREMIUM,999.0,10.0,No,899.1
U2057,Aug-2025,STANDARD,499.0,0.0,False,499.0
U2055,2026-01,Premium,999.0,0.0,False,999.0
U1318,2026-01,basic ,199.0,0.0,No,199.0
U2429,11/01/2025, PREMIUM,999.0,0.0,0,999.0
U1659,Dec-2025, PREMIUM,999.0,0.0,No,999.0
U1468,10/01/2025,BASIC,199.0,20.0,0,159.2
U1744,09/01/2025,premium ,999.0,0.0,FALSE,999.0
U1095,12/01/2025,STANDARD,499.0,0.0,FALSE,499.0
U1863,Dec-2025,Basic,199.0,0.0,No,199.0
U2368,2025-08,Standard,499.0,0.0,0,499.0
U1157,10/01/2025,Standard,499.0,0.0,FALSE,499.0
U2336,Dec-2025,STANDARD,499.0,0.0,0,499.0
U2218,2025-09, PREMIUM,999.0,0.0,No,999.0
U1137,09/01/2025,Basic,199.0,0.0,False,199.0
U2468,Sep-2025,BASIC,199.0,0.0,0,199.0
U1149,2025-11,Standard,499.0,0.0,FALSE,499.0
U2226,2025-09,Basic,199.0,0.0,FALSE,199.0
U2242,09/01/2025,Standard,499.0,0.0,False,499.0
U1252,2025-08,Premium,999.0,0.0,False,999.0
U1578,Sep-2025, Standard ,499.0,0.0,No,499.0
U1360,2025-10,BASIC,199.0,0.0,No,
U1451,12/01/2025,Basic,199.0,20.0,0,159.2
U1426,2026-01,BASIC,199.0,0.0,FALSE,
U1527,Sep-2025,Premium,999.0,0.0,0,999.0
U1878,09/01/2025,Premium,999.0,0.0,False,
U1456,2025-12,basic ,199.0,20.0,No,159.2
U2320,Dec-2025,BASIC,199.0,0.0,0,199.0
U1913,2025-10,Basic,199.0,0.0,FALSE,199.0
U1321,Jan-2026,Basic,199.0,0.0,0,199.0
U1398,Sep-2025,STANDARD,499.0,0.0,0,499.0
U1134,2026-01,Premium,999.0,20.0,FALSE,799.2
U1449,12/01/2025,BASIC,,10.0,No,179.1
U2012,09/01/2025, Standard ,499.0,0.0,No,499.0
U1392,2025-08,STANDARD,499.0,0.0,FALSE,499.0
U1565,Oct-2025,BASIC,199.0,0.0,0,199.0
U1070,Oct-2025,Premium,999.0,0.0,No,999.0
U1052,Nov-2025,Standard,499.0,0.0,FALSE,
U2404,2025-09,STANDARD,499.0,0.0,False,499.0
U1392,Dec-2025,Standard,499.0,0.0,No,499.0
U1075,2025-08,STANDARD,499.0,0.0,0,499.0
U1593,Oct-2025,basic ,199.0,20.0,No,159.2
U2095,01/01/2026,basic ,199.0,0.0,False,199.0
U1338,2025-11,Standard,499.0,0.0,FALSE,499.0
 U1230 ,2025-08, PREMIUM,999.0,0.0,0,999.0
U1574,2025-11, PREMIUM,999.0,0.0,No,999.0
U1346,01/01/2026,Basic,199.0,0.0,0,199.0
U1982,2025-09,premium ,999.0,0.0,0,999.0
U2046,Oct-2025,premium ,999.0,30.0,FALSE,699.3
U1454,Sep-2025, PREMIUM,999.0,0.0,No,999.0
U1579,2026-01,BASIC,199.0,30.0,FALSE,139.3
U1506,Oct-2025,premium ,999.0,0.0,False,
U1565,2025-12,basic ,199.0,30.0,FALSE,139.3
U1818,2025-08,BASIC,199.0,0.0,False,199.0
U2122,01/01/2026,BASIC,199.0,0.0,FALSE,199.0
U1511,09/01/2025,STANDARD,499.0,0.0,False,499.0
U1109,2025-08,BASIC,199.0,0.0,0,199.0
U2356,2026-01, PREMIUM,999.0,0.0,FALSE,-1.0
U1808,2026-01,standard,499.0,0.0,FALSE,499.0
U2356,2025-09, PREMIUM,999.0,0.0,FALSE,999.0
U1154,Aug-2025,premium ,999.0,0.0,No,999.0
U1947,Sep-2025,premium ,999.0,0.0,0,999.0
U2142,Nov-2025,Standard,499.0,0.0,False,499.0
U1042,Oct-2025,Premium,999.0,0.0,0,999.0
U1760,Jan-2026,BASIC,199.0,0.0,0,199.0
U2147,2025-08,Standard,499.0,10.0,No,449.1
U2252,Nov-2025,Standard,499.0,10.0,0,449.1
U1414,2025-09, PREMIUM,999.0,0.0,No,999.0
U2428,2025-10,Premium,999.0,10.0,0,899.1
U2161,Aug-2025,premium ,,0.0,No,999.0
U2234,12/01/2025,STANDARD,499.0,0.0,No,499.0
U2280,2025-09,Premium,999.0,0.0,No,999.0
U1720,Jan-2026, Standard ,499.0,,FALSE,399.2
U1099,2025-10,Basic,199.0,0.0,No,199.0
U1457,12/01/2025,STANDARD,499.0,0.0,No,499.0
U1947,Dec-2025,Premium,999.0,10.0,FALSE,899.1
U1317,Aug-2025,STANDARD,499.0,0.0,False,499.0
U2209,Aug-2025,standard,499.0,0.0,No,499.0
U1739,11/01/2025,standard,499.0,0.0,False,499.0
U1426,2025-08,STANDARD,499.0,0.0,False,499.0
U1416,2026-01,Premium,999.0,0.0,False,999.0
U1452,2025-08, Standard ,,0.0,0,499.0
U1116,2025-12,Standard,499.0,0.0,0,499.0
U2221,2025-11,BASIC,199.0,20.0,FALSE,159.2
U1927,2025-09,Standard,499.0,0.0,0,499.0
U1562,Jan-2026,basic ,199.0,0.0,False,199.0
U2370,Aug-2025,premium ,999.0,0.0,FALSE,999.0
U2371,09/01/2025,standard,499.0,0.0,No,499.0
U2388,2025-09, PREMIUM,999.0,0.0,0,999.0
U1182,2025-10,Basic,199.0,0.0,0,199.0
U1882,2025-10,premium ,999.0,0.0,0,999.0
U1073,Sep-2025, Standard ,499.0,10.0,FALSE,449.1
U1548,Nov-2025,BASIC,199.0,0.0,False,199.0
U1306,Aug-2025, Standard ,499.0,0.0,No,499.0
U1571,2025-12,Standard,499.0,0.0,No,499.0
U2392,2025-11,Premium,999.0,0.0,No,999.0
U1931,2025-12,Basic,199.0,0.0,0,199.0
U2062,2025-08,Premium,999.0,0.0,0,999.0
U1852,08/01/2025,Premium,999.0,0.0,False,999.0
U2174,2025-12,Premium,999.0,0.0,False,999.0
U2179,01/01/2026,Basic,199.0,0.0,FALSE,199.0
U1533,2025-11,Premium,999.0,0.0,0,999.0
U1982,2025-11,premium ,999.0,0.0,False,999.0
U1950,Nov-2025,Basic,199.0,0.0,0,199.0
U1154,Oct-2025,premium ,999.0,0.0,FALSE,999.0
U1749,2026-01, Standard ,499.0,0.0,FALSE,499.0
U1650,2025-12, PREMIUM,999.0,20.0,No,799.2
U2377,Jan-2026,Basic,199.0,0.0,False,199.0
U2119,Nov-2025,BASIC,199.0,0.0,True,0.0
U2174,Oct-2025,premium ,999.0,0.0,FALSE,999.0
U2207,2025-08,Standard,499.0,0.0,0,499.0
U1323,2025-12,Basic,199.0,0.0,False,199.0
U1000,08/01/2025,STANDARD,499.0,0.0,False,499.0
U1932,Nov-2025,premium ,999.0,0.0,FALSE,999.0
U1892,Jan-2026, PREMIUM,999.0,0.0,FALSE,999.0
U1882,09/01/2025, PREMIUM,999.0,0.0,False,999.0
U2459,12/01/2025, PREMIUM,999.0,0.0,0,
U2337,2025-12,STANDARD,499.0,30.0,FALSE,349.3
 U1816 ,Aug-2025,Basic,199.0,30.0,False,139.3
U2146,2025-11,Basic,199.0,0.0,False,199.0
U2360,2025-10,Premium,,0.0,No,999.0
U2014,12/01/2025,BASIC,199.0,0.0,No,199.0
U2291,2025-09, Standard ,499.0,0.0,False,499.0
U1079,01/01/2026,premium ,999.0,0.0,False,999.0
U1491,Jan-2026,Premium,999.0,0.0,False,999.0
U2338,2025-12,Basic,199.0,0.0,No,199.0
U1720,08/01/2025,premium ,999.0,0.0,FALSE,999.0
U1457,Nov-2025,standard,499.0,10.0,0,449.1
U2094,12/01/2025,premium ,999.0,0.0,0,999.0
U1023,2025-12,Premium,999.0,0.0,FALSE,999.0
U1760,09/01/2025,Basic,199.0,0.0,0,199.0
U2057,10/01/2025,STANDARD,499.0,20.0,No,399.2
U2152,Sep-2025,STANDARD,499.0,0.0,No,499.0
U1881,2025-09,premium ,999.0,20.0,FALSE,799.2
U2318,01/01/2026,BASIC,199.0,0.0,No,199.0
U2042,2025-12,Basic,199.0,0.0,0,199.0
U2385,Nov-2025, PREMIUM,,0.0,False,999.0
U1559,08/01/2025,STANDARD,499.0,0.0,No,499.0
U2220,2025-09,Standard,499.0,0.0,False,499.0
U1757,2025-11,STANDARD,499.0,0.0,False,499.0
U1494,10/01/2025, Standard ,499.0,0.0,0,499.0
U1117,11/01/2025,STANDARD,499.0,0.0,False,499.0
U2353,Aug-2025,Basic,199.0,30.0,0,139.3
U1140,2025-09, Standard ,499.0,0.0,FALSE,499.0
U1111,2025-10,Premium,999.0,20.0,False,799.2
U1674,2025-10,Basic,199.0,0.0,No,199.0
U2426,2025-09,standard,499.0,0.0,False,499.0
U1844,Nov-2025,BASIC,199.0,10.0,FALSE,179.1
U1415,09/01/2025,Premium,999.0,0.0,0,999.0
U2472,2025-10,standard,499.0,0.0,0,499.0
U1786,2025-10,Basic,199.0,0.0,0,199.0
U1372,2025-09,Basic,199.0,0.0,False,199.0
U1819,08/01/2025,BASIC,199.0,0.0,No,199.0
U1305,08/01/2025,premium ,999.0,,0,999.0
U1375,09/01/2025,premium ,999.0,0.0,0,999.0
U2224,10/01/2025,Basic,199.0,0.0,0,199.0
U2121,Sep-2025,Basic,199.0,10.0,FALSE,179.1
U1173,Dec-2025,basic ,199.0,0.0,No,199.0
U1497,2026-01, PREMIUM,999.0,0.0,FALSE,999.0
U1032,Dec-2025,Basic,199.0,0.0,False,199.0
U1066,Jan-2026,Premium,999.0,30.0,No,699.3
U1868,Dec-2025, PREMIUM,999.0,0.0,False,999.0
U2072,01/01/2026,STANDARD,499.0,0.0,False,499.0
U1802,Nov-2025, Standard ,499.0,0.0,FALSE,499.0
U2153,09/01/2025,Premium,999.0,0.0,False,999.0
U1310,Aug-2025,BASIC,199.0,0.0,FALSE,199.0
U1068,Sep-2025,Standard,499.0,0.0,False,499.0
U1827,09/01/2025, Standard ,499.0,0.0,0,499.0
U1290,Sep-2025,Premium,999.0,0.0,False,999.0
U2093,Jan-2026,standard,499.0,0.0,False,499.0
 U1858 ,2026-01,STANDARD,499.0,20.0,FALSE,399.2
U1591,Oct-2025,Premium,999.0,0.0,0,999.0
U2032,2025-11,Standard,499.0,20.0,False,399.2
U2106,Dec-2025,basic ,199.0,0.0,No,199.0
U2211,Aug-2025,standard,499.0,10.0,0,449.1
U1138,Sep-2025,Basic,199.0,10.0,No,179.1
U1973,Dec-2025,BASIC,199.0,20.0,0,159.2
U1075,2025-10,STANDARD,499.0,0.0,False,499.0
U1334,01/01/2026,BASIC,199.0,20.0,No,159.2
U1123,08/01/2025,STANDARD,499.0,0.0,No,499.0
U1378,11/01/2025,STANDARD,499.0,0.0,False,499.0
U2144,12/01/2025,basic ,199.0,0.0,FALSE,
U2209,2025-09,Basic,199.0,0.0,No,199.0
U1293,2025-11,premium ,999.0,0.0,FALSE,999.0
U2444,2025-11,STANDARD,499.0,0.0,FALSE,-1.0
U2296,11/01/2025,Basic,199.0,0.0,No,199.0
U1810,2025-08,STANDARD,499.0,0.0,No,499.0
U1402,10/01/2025,Standard,499.0,0.0,FALSE,499.0
U1696,11/01/2025, Standard ,499.0,0.0,0,499.0
U2175,Jan-2026,basic ,199.0,0.0,0,199.0
U2200,2025-09,Basic,199.0,10.0,0,179.1
U1176,2025-12,standard,499.0,10.0,No,449.1
U2052,2026-01,Basic,199.0,0.0,No,199.0
U1041,01/01/2026,Premium,999.0,0.0,FALSE,999.0
U1138,10/01/2025,Basic,199.0,30.0,False,139.3
U2292,01/01/2026,BASIC,199.0,0.0,FALSE,199.0
U1038,Sep-2025,basic ,199.0,0.0,False,199.0
U1673,10/01/2025,Standard,499.0,30.0,No,349.3
U1732,2025-11,Basic,199.0,0.0,0,199.0
U1933,Jan-2026,premium ,999.0,0.0,False,999.0
U2405,Nov-2025,STANDARD,499.0,0.0,No,499.0
U1292,Nov-2025,Basic,199.0,0.0,FALSE,199.0
U1705,2025-09,standard,499.0,30.0,No,349.3
U1101,2025-12,Basic,199.0,20.0,No,159.2
U1481,2025-09,Premium,999.0,0.0,0,999.0
U1218,2025-08,Premium,999.0,0.0,No,999.0
U1191,11/01/2025,Premium,999.0,0.0,False,999.0
U1481,11/01/2025,STANDARD,499.0,0.0,False,499.0
U1661,Nov-2025,Standard,499.0,0.0,0,499.0
U1800,10/01/2025, PREMIUM,999.0,0.0,No,999.0
U2027,2025-09,Basic,199.0,30.0,No,139.3
U2186,11/01/2025,Basic,199.0,,False,159.2
U1945,10/01/2025,Standard,499.0,20.0,No,399.2
U2305,Jan-2026,BASIC,199.0,0.0,0,199.0
U2029,Oct-2025,premium ,999.0,0.0,False,999.0
U1139,Oct-2025,Premium,,0.0,No,999.0
U1246,10/01/2025,STANDARD,499.0,0.0,FALSE,499.0
U1240,Aug-2025,standard,499.0,0.0,No,499.0
U1319,Dec-2025,Basic,199.0,0.0,0,199.0
U1613,Sep-2025,standard,499.0,0.0,0,499.0
U2113,Oct-2025,premium ,999.0,0.0,True,0.0
U1918,2025-08,Standard,499.0,0.0,No,499.0
U2229,2025-08,Basic,199.0,0.0,FALSE,199.0
 U2382 ,2025-11,BASIC,199.0,30.0,False,139.3
U1194,Nov-2025,STANDARD,499.0,0.0,No,499.0
U1964,09/01/2025,premium ,999.0,20.0,No,799.2
U2287,Jan-2026,Basic,199.0,20.0,FALSE,159.2
 U2177 ,2025-12, Standard ,499.0,20.0,0,399.2
U2098,2025-09, Standard ,499.0,0.0,0,499.0
U1080,Sep-2025, Standard ,499.0,0.0,False,499.0
U1352,10/01/2025,Basic,199.0,0.0,No,199.0
U1403,Aug-2025,basic ,199.0,0.0,FALSE,199.0
U1793,Nov-2025,Basic,199.0,0.0,FALSE,199.0
U2475,09/01/2025,basic ,199.0,0.0,FALSE,199.0
U1867,2025-09,standard,499.0,0.0,No,499.0
U1660,11/01/2025, Standard ,,0.0,FALSE,499.0
U1485,2025-09,BASIC,199.0,0.0,False,199.0
U1458,2025-09,Basic,199.0,0.0,FALSE,199.0
U1433,Aug-2025,BASIC,199.0,10.0,False,179.1
U1323,08/01/2025,Basic,199.0,0.0,No,199.0
U1048,Nov-2025,basic ,,,No,199.0
U2025,2025-10,basic ,199.0,0.0,0,199.0
U2044,01/01/2026,basic ,199.0,10.0,No,179.1
U2082,Nov-2025,Basic,199.0,0.0,No,199.0
U1484,2025-09,Basic,199.0,0.0,FALSE,199.0
U1013,Jan-2026,Premium,999.0,10.0,1,0.0
U1614,Jan-2026, Standard ,499.0,10.0,FALSE,449.1
U1639,Jan-2026,Premium,999.0,20.0,False,799.2
U1138,2025-08,BASIC,199.0,0.0,0,199.0
 U1135 ,2025-08,standard,499.0,0.0,FALSE,499.0
U1832,2025-11,Standard,499.0,0.0,No,499.0
U2465,2025-11,STANDARD,499.0,0.0,FALSE,
U2302,09/01/2025,Basic,199.0,0.0,No,199.0
U2334,Sep-2025,STANDARD,499.0,0.0,FALSE,499.0
U1687,Sep-2025,premium ,999.0,30.0,False,699.3
U2255,Dec-2025,Basic,199.0,0.0,False,199.0
U1305,Dec-2025,Premium,999.0,0.0,No,999.0
U1806,Jan-2026,standard,499.0,0.0,FALSE,499.0
U1429,Nov-2025,BASIC,199.0,10.0,False,179.1
U1467,2025-08, Standard ,499.0,0.0,0,499.0
U1874,2025-10,Basic,199.0,0.0,FALSE,199.0
U1065,08/01/2025,BASIC,199.0,0.0,0,199.0
U1805,2025-08,Premium,999.0,,FALSE,999.0
U1376,Jan-2026,standard,499.0,0.0,FALSE,499.0
U1947,2025-10,Premium,999.0,0.0,False,999.0
U1180,11/01/2025,basic ,199.0,0.0,0,199.0
U1213,2025-08, Standard ,499.0,0.0,No,499.0
U2026,Sep-2025,Premium,999.0,0.0,0,999.0
U2320,Nov-2025,BASIC,199.0,10.0,FALSE,179.1
U2227,2025-11,BASIC,199.0,20.0,False,159.2
U1922,Nov-2025,STANDARD,499.0,10.0,No,449.1
U1129,Nov-2025,BASIC,199.0,0.0,0,199.0
U1074,Sep-2025,STANDARD,499.0,0.0,False,499.0
U2183,2025-10,Basic,199.0,10.0,No,179.1
U1557,01/01/2026,Basic,199.0,0.0,FALSE,199.0
U1378,10/01/2025,standard,499.0,0.0,FALSE,499.0
U2137,12/01/2025,Premium,999.0,0.0,False,999.0
U1364,08/01/2025,standard,499.0,0.0,0,499.0
U1605,2025-08,standard,499.0,0.0,0,499.0
U1274,2025-11,premium ,999.0,0.0,No,999.0
U1683,10/01/2025,Premium,999.0,20.0,No,799.2
U1718,10/01/2025, Standard ,499.0,0.0,No,499.0
U1034,2025-08, Standard ,499.0,0.0,0,499.0
U1356,2026-01,Basic,199.0,20.0,No,159.2
U1170,2025-08,basic ,199.0,0.0,No,199.0
U1455,2026-01,STANDARD,499.0,20.0,No,399.2
U1991,09/01/2025,premium ,999.0,0.0,False,999.0
U2378,Sep-2025,Standard,499.0,0.0,0,499.0
U1553,09/01/2025,basic ,199.0,10.0,No,179.1
U1695,2026-01,Basic,199.0,0.0,FALSE,199.0
U2457,Jan-2026, PREMIUM,999.0,0.0,FALSE,999.0
U1463,2025-11, Standard ,499.0,0.0,No,499.0
U1181,2025-10, Standard ,499.0,0.0,FALSE,499.0
U1612,10/01/2025,basic ,199.0,0.0,False,199.0
U1127,Nov-2025,Basic,199.0,0.0,No,199.0
U1411,Dec-2025,BASIC,199.0,20.0,False,159.2
U1149,01/01/2026,Standard,499.0,0.0,No,499.0
U1145,10/01/2025,standard,499.0,,0,499.0
U2116,11/01/2025,STANDARD,499.0,10.0,0,449.1
U2233,08/01/2025,basic ,199.0,0.0,No,199.0
U1906,2026-01,standard,499.0,30.0,FALSE,349.3
U1230,Jan-2026,premium ,999.0,0.0,FALSE,999.0
U1899,11/01/2025,STANDARD,499.0,20.0,0,399.2
U1213,Dec-2025,Standard,499.0,30.0,1,
U2246,11/01/2025,premium ,999.0,0.0,No,999.0
U1080,01/01/2026,Standard,499.0,30.0,False,349.3
U1305,2026-01, PREMIUM,,0.0,0,999.0
U2470,2026-01,Basic,199.0,0.0,0,199.0
U1419,2025-08,Premium,999.0,0.0,No,999.0
U1886,Sep-2025,Premium,999.0,0.0,0,999.0
U1328,09/01/2025,Basic,199.0,0.0,FALSE,
U1607,2025-12,basic ,199.0,0.0,0,199.0
U1127,08/01/2025,Basic,199.0,0.0,No,
U1475,08/01/2025,BASIC,199.0,0.0,0,199.0
U2323,12/01/2025,STANDARD,499.0,0.0,FALSE,499.0
U1331,2025-11,premium ,999.0,30.0,0,699.3
U1764,Dec-2025,basic ,199.0,0.0,No,199.0
U2107,2025-08,Basic,199.0,0.0,FALSE,199.0
U1797,08/01/2025,Basic,199.0,0.0,False,199.0
U1836,2025-08,standard,499.0,0.0,0,-1.0
U2388,2026-01,Premium,999.0,0.0,0,999.0
U1225,2026-01, Standard ,499.0,,No,499.0
U1677,2025-09,basic ,199.0,0.0,False,199.0
U2127,2025-10,BASIC,199.0,0.0,FALSE,199.0
U1235,08/01/2025,Premium,999.0,0.0,No,999.0
U1425,Aug-2025,Premium,999.0,0.0,0,999.0
U1911,Jan-2026,Basic,199.0,20.0,0,159.2
U1574,10/01/2025,Premium,999.0,0.0,No,999.0
U1802,Dec-2025,STANDARD,499.0,0.0,False,499.0
U2487,11/01/2025,STANDARD,499.0,0.0,TRUE,0.0
U1747,2025-08, Standard ,499.0,0.0,FALSE,499.0
U1847,2025-11, Standard ,,0.0,No,499.0
U1098,Oct-2025,BASIC,199.0,0.0,False,199.0
U2301,2025-09,standard,499.0,,0,499.0
U1873,Oct-2025,Premium,,0.0,False,999.0
U1651,Aug-2025,Premium,999.0,0.0,False,999.0
U1286,10/01/2025,basic ,199.0,0.0,0,199.0
U2411,2025-08, PREMIUM,999.0,0.0,No,999.0
U1733,2025-10,premium ,999.0,0.0,No,999.0
U2039,12/01/2025, PREMIUM,999.0,0.0,FALSE,999.0
U1911,2025-09,BASIC,199.0,30.0,0,139.3
U1960,2025-12,Basic,199.0,10.0,No,179.1
U2279,2025-12, Standard ,499.0,0.0,FALSE,499.0
U1479,08/01/2025,Basic,199.0,0.0,False,199.0
U1866,2025-09,Premium,999.0,0.0,0,999.0
 U1394 ,2025-11,premium ,999.0,0.0,0,999.0
U1578,11/01/2025,standard,,30.0,FALSE,349.3
U1271,Dec-2025,Premium,999.0,10.0,FALSE,899.1
U1019,2026-01,Premium,999.0,0.0,No,999.0
U1381,2025-10,standard,499.0,0.0,No,499.0
U1395,2025-11,Premium,999.0,0.0,No,999.0
U2218,Dec-2025,STANDARD,499.0,0.0,FALSE,499.0
U1595,Oct-2025,basic ,199.0,0.0,False,199.0
U2069,Sep-2025,Basic,199.0,0.0,FALSE,199.0
U1139,2026-01,Premium,999.0,20.0,No,799.2
U2033,Oct-2025,Premium,999.0,0.0,0,999.0
U1503,2025-11, Standard ,499.0,0.0,FALSE,499.0
U1845,2025-08,basic ,199.0,0.0,No,199.0
U1257,2025-09, PREMIUM,999.0,,False,999.0
U2161,10/01/2025, PREMIUM,999.0,0.0,0,999.0
 U2199 ,Aug-2025,Premium,999.0,0.0,False,999.0
U1230,Oct-2025, PREMIUM,999.0,0.0,No,999.0
U2478,Dec-2025,BASIC,199.0,30.0,False,139.3
U2299,2025-11,Basic,199.0,0.0,False,199.0
U1669,09/01/2025,Standard,499.0,0.0,FALSE,499.0
U2318,Nov-2025,Standard,499.0,0.0,False,499.0
U1507,2025-12,basic ,199.0,0.0,False,199.0
U1168,2025-12,Premium,999.0,0.0,0,999.0
U1731,2025-10,standard,499.0,0.0,0,499.0
U2208,2025-11, PREMIUM,999.0,30.0,FALSE,699.3
U1617,2025-10,Standard,499.0,0.0,No,499.0
U2075,Nov-2025,basic ,199.0,0.0,No,199.0
U1329,Oct-2025,Basic,199.0,20.0,FALSE,159.2
U1931,2025-12,Basic,199.0,0.0,0,199.0
U2191,Aug-2025,standard,499.0,0.0,False,499.0
U1955,Dec-2025,BASIC,199.0,0.0,No,199.0
U2293,08/01/2025,STANDARD,499.0,0.0,FALSE,499.0
U1756,10/01/2025, Standard ,499.0,0.0,No,499.0
U2013,11/01/2025, PREMIUM,999.0,30.0,False,699.3
U1063,Aug-2025,Standard,499.0,,No,449.1
U2071,12/01/2025,standard,499.0,20.0,No,399.2
U1779,09/01/2025,Premium,999.0,0.0,False,999.0
U1037,09/01/2025,STANDARD,499.0,0.0,No,499.0
U1133,2025-12,BASIC,199.0,0.0,FALSE,199.0
U2219,Aug-2025, PREMIUM,999.0,0.0,FALSE,999.0
U1997,Sep-2025, Standard ,499.0,0.0,FALSE,499.0
U1585,08/01/2025,Premium,999.0,0.0,FALSE,999.0
U2467,2025-09,Basic,199.0,0.0,No,199.0
U1803,Aug-2025,BASIC,199.0,0.0,0,199.0
U1805,Oct-2025,Premium,999.0,0.0,No,999.0
U1420,Oct-2025, Standard ,499.0,10.0,FALSE,449.1
U2018,2025-08,Premium,999.0,0.0,False,999.0
U1381,2025-11,standard,499.0,0.0,TRUE,0.0
U1684,2025-11,premium ,999.0,10.0,False,899.1
U2115,10/01/2025,Basic,199.0,0.0,No,199.0
 U1692 ,Nov-2025,standard,499.0,0.0,0,499.0
U2250,Nov-2025,standard,499.0,0.0,0,499.0
U1851,01/01/2026,Premium,999.0,30.0,FALSE,699.3
U1978,09/01/2025,standard,499.0,0.0,0,499.0
U1995,Jan-2026,Premium,999.0,30.0,No,699.3
 U2495 ,10/01/2025,Basic,199.0,0.0,False,199.0
U2338,08/01/2025,basic ,,,0,199.0
U2247,11/01/2025,BASIC,199.0,0.0,FALSE,199.0
U2484,2025-11,Standard,499.0,0.0,0,499.0
U2336,01/01/2026,STANDARD,499.0,0.0,FALSE,499.0
U2123,09/01/2025,STANDARD,499.0,0.0,FALSE,499.0
U1620,Jan-2026,Premium,999.0,0.0,0,999.0
U2443,01/01/2026,basic ,199.0,30.0,Yes,0.0
U1327,Dec-2025,basic ,,0.0,False,199.0
U1461,Oct-2025, PREMIUM,999.0,0.0,0,999.0
U1516,Aug-2025,premium ,999.0,0.0,No,999.0
U2149,Aug-2025,Premium,999.0,30.0,0,699.3
U1273,Aug-2025,BASIC,199.0,0.0,FALSE,199.0
U2163,12/01/2025,Basic,199.0,0.0,FALSE,199.0
U2249,2025-08, Standard ,499.0,0.0,No,499.0
U1174,2025-09,Basic,199.0,0.0,FALSE,199.0
U2482,2025-11,Premium,999.0,0.0,False,999.0
U1680,2025-11,BASIC,199.0,10.0,No,179.1
U1040,2025-08,basic ,199.0,20.0,FALSE,159.2
U1396,2025-09, Standard ,499.0,0.0,0,499.0
U1015,Dec-2025,STANDARD,499.0,0.0,False,499.0
U2371,2025-11,STANDARD,499.0,0.0,FALSE,499.0
U1052,2025-08,premium ,999.0,,No,999.0
U2340,Oct-2025,STANDARD,499.0,0.0,0,-1.0
U1956,Oct-2025, PREMIUM,999.0,0.0,FALSE,999.0
U2277,09/01/2025,standard,499.0,20.0,False,399.2
U1672,Sep-2025,BASIC,199.0,0.0,No,
U1297,2025-08,Premium,999.0,0.0,0,999.0
U1566,11/01/2025,Standard,499.0,0.0,TRUE,0.0
U1248,2025-10, Standard ,,0.0,FALSE,499.0
U1665,2025-08,standard,499.0,0.0,FALSE,499.0
U1475,Jan-2026,Basic,199.0,0.0,FALSE,199.0
U1619,Aug-2025,Premium,999.0,0.0,FALSE,999.0
U1073,Dec-2025,Standard,499.0,0.0,No,499.0
U2311,Aug-2025,premium ,999.0,0.0,0,999.0
U1757,Jan-2026, Standard ,499.0,0.0,FALSE,499.0
U2305,Nov-2025,BASIC,199.0,0.0,No,199.0
U2094,Aug-2025, PREMIUM,999.0,0.0,False,999.0
U1601,2025-11,BASIC,199.0,0.0,False,199.0
U2107,Nov-2025,BASIC,199.0,0.0,False,199.0
U1506,2025-12,Premium,999.0,0.0,0,999.0
U1088,Jan-2026,STANDARD,499.0,0.0,No,499.0
U2195,2025-11,BASIC,199.0,10.0,0,179.1
U2351,08/01/2025, Standard ,499.0,0.0,FALSE,499.0
U1933,10/01/2025,premium ,999.0,10.0,False,899.1
U1640,Dec-2025,Basic,199.0,0.0,False,199.0
U1878,12/01/2025,Premium,999.0,0.0,0,999.0
U1729,Oct-2025,Basic,199.0,10.0,FALSE,
U2414,09/01/2025,premium ,999.0,0.0,FALSE,999.0
U1820,Oct-2025,Basic,199.0,0.0,FALSE,199.0
U1603,2025-09,basic ,199.0,0.0,False,199.0
U1362,12/01/2025,standard,,0.0,Yes,0.0
U2287,12/01/2025,Basic,199.0,0.0,True,0.0
U2295,2025-11,STANDARD,499.0,20.0,0,399.2
U2154,2025-10,BASIC,199.0,0.0,No,199.0
 U1949 ,2026-01,basic ,199.0,0.0,No,199.0
U1514,09/01/2025,Basic,199.0,0.0,FALSE,199.0
 U1781 ,Jan-2026,Basic,199.0,0.0,0,199.0
U2301,Nov-2025,basic ,,10.0,No,
U1601,Oct-2025,Basic,199.0,0.0,False,-1.0
U2399,2025-10, PREMIUM,999.0,0.0,FALSE,999.0
U2037,11/01/2025,standard,499.0,0.0,FALSE,499.0
U1091,2025-12,standard,499.0,,No,499.0
U2287,2025-10,Basic,199.0,0.0,False,199.0
U2449,11/01/2025,standard,499.0,,0,499.0
U1941,2025-08,standard,499.0,0.0,No,499.0
U1236,Dec-2025,basic ,199.0,0.0,FALSE,199.0
U2112,11/01/2025,standard,499.0,0.0,0,499.0
U2448,10/01/2025,Standard,499.0,0.0,False,499.0
U1876,08/01/2025,premium ,999.0,0.0,False,999.0
U2393,2025-12,Basic,199.0,30.0,FALSE,139.3
U1167,09/01/2025,standard,499.0,30.0,0,349.3
U1322,2025-11,basic ,199.0,0.0,0,199.0
U1665,10/01/2025, Standard ,499.0,0.0,FALSE,499.0
U2094,11/01/2025, PREMIUM,999.0,0.0,False,999.0
U2408,2025-11, PREMIUM,999.0,0.0,FALSE,999.0
U1314,Sep-2025,basic ,199.0,0.0,No,199.0
 U1427 ,2025-10,premium ,999.0,0.0,False,999.0
U2474,12/01/2025,standard,499.0,10.0,0,449.1
U1357,2025-08,Premium,999.0,0.0,FALSE,999.0
U1724,Sep-2025,BASIC,199.0,0.0,False,199.0
U1716,Aug-2025,premium ,999.0,0.0,False,999.0
U1616,01/01/2026,Basic,199.0,30.0,False,139.3
U1905,Sep-2025,STANDARD,499.0,0.0,FALSE,499.0
U1526,Oct-2025,BASIC,199.0,0.0,False,199.0
U2381,10/01/2025,Basic,199.0,0.0,No,199.0
U1942,Oct-2025,BASIC,199.0,0.0,FALSE,199.0
U2185,01/01/2026, PREMIUM,999.0,0.0,No,-1.0
U1605,01/01/2026,standard,499.0,10.0,False,449.1
U2265,Dec-2025,basic ,199.0,20.0,0,159.2
U2074,2025-12,Basic,199.0,0.0,FALSE,199.0
 U1783 ,Sep-2025,Standard,499.0,0.0,No,499.0
U1726,Sep-2025,Standard,499.0,0.0,No,499.0
U1583,09/01/2025,STANDARD,499.0,0.0,No,499.0
U2438,2025-12,Standard,499.0,0.0,False,499.0
U1086,2025-09,Basic,199.0,0.0,No,199.0
U1983,2025-10, Standard ,499.0,10.0,No,449.1
U1857,08/01/2025,Standard,499.0,0.0,0,499.0
U2226,2025-10,basic ,199.0,0.0,False,199.0
U1937,2025-08,BASIC,199.0,0.0,FALSE,199.0
U1372,2025-08,BASIC,199.0,0.0,No,199.0
U1198,10/01/2025,Basic,199.0,0.0,FALSE,199.0
U1329,Aug-2025,BASIC,,0.0,0,199.0
U2007,Nov-2025, Standard ,,0.0,No,499.0
U1309,12/01/2025,Basic,199.0,10.0,0,179.1
U1580,10/01/2025,premium ,999.0,0.0,False,999.0
U1067,2026-01,standard,499.0,0.0,0,499.0
U1514,2026-01,BASIC,199.0,0.0,No,199.0
U1662,08/01/2025,BASIC,199.0,0.0,FALSE,199.0
U1988,01/01/2026,Basic,199.0,0.0,False,199.0
U1637,2025-10, PREMIUM,999.0,0.0,FALSE,999.0
U1769,12/01/2025,basic ,199.0,10.0,FALSE,179.1
U1972,10/01/2025,Basic,199.0,0.0,False,199.0
U1114,Nov-2025,Basic,199.0,30.0,False,
U2311,2026-01, PREMIUM,999.0,0.0,False,-1.0
U2284,Aug-2025,basic ,199.0,0.0,False,199.0
U2192,2025-12,Premium,999.0,0.0,No,999.0
U1739,09/01/2025,Standard,499.0,0.0,FALSE,499.0
U2165,2025-10,Premium,999.0,0.0,No,999.0
U2371,Aug-2025,STANDARD,499.0,0.0,TRUE,0.0
U1935,Sep-2025,Basic,199.0,0.0,No,199.0
U1840,2025-12,BASIC,199.0,0.0,No,199.0
U1703,Oct-2025,premium ,999.0,20.0,FALSE,799.2
U1328,11/01/2025,BASIC,199.0,0.0,0,199.0
U1475,11/01/2025,Basic,199.0,0.0,FALSE,199.0
U1970,11/01/2025,premium ,999.0,0.0,False,999.0
U1586,01/01/2026,Basic,199.0,0.0,No,199.0
U2058,12/01/2025,Basic,199.0,0.0,FALSE,199.0
U1530,Sep-2025,Premium,999.0,30.0,0,699.3
U1856,Jan-2026,BASIC,199.0,0.0,No,199.0
U2397,2025-12,Basic,199.0,0.0,No,199.0
U1188,11/01/2025,premium ,999.0,20.0,No,799.2
U2296,01/01/2026,Basic,199.0,0.0,True,0.0
U2239,12/01/2025,premium ,999.0,10.0,FALSE,899.1
U1045,11/01/2025,Premium,999.0,0.0,0,999.0
U1058,Sep-2025,premium ,999.0,0.0,No,999.0
U1317,2025-11,basic ,199.0,0.0,FALSE,199.0
U1589,10/01/2025,Premium,999.0,0.0,False,999.0
U1910,2025-09,Standard,499.0,0.0,False,499.0
U1817,01/01/2026,Premium,999.0,0.0,FALSE,999.0
U1009,01/01/2026,Standard,499.0,0.0,FALSE,499.0
U1402,Aug-2025,standard,499.0,0.0,No,499.0
U1500,Jan-2026, Standard ,499.0,0.0,False,499.0
U1018,2025-09,basic ,199.0,0.0,0,199.0
U2223,09/01/2025, PREMIUM,999.0,0.0,FALSE,999.0
U1979,11/01/2025,Standard,499.0,10.0,0,449.1
U2339,09/01/2025,Standard,499.0,0.0,FALSE,499.0
U1299,2025-08,Basic,199.0,0.0,0,199.0
U2389,08/01/2025,Basic,199.0,0.0,FALSE,199.0
U1649,01/01/2026,Basic,199.0,20.0,False,159.2
U2427,2026-01,Basic,199.0,0.0,No,199.0
U1097,12/01/2025,Standard,499.0,10.0,False,449.1
U1505,Nov-2025,Standard,499.0,20.0,FALSE,399.2
U2236,12/01/2025, PREMIUM,999.0,0.0,0,999.0
U2469,2026-01,standard,499.0,0.0,No,499.0
U1696,09/01/2025, Standard ,499.0,0.0,0,499.0
U1066,2025-10,Premium,999.0,0.0,False,999.0
U1333,2025-09,Premium,999.0,0.0,FALSE,999.0
 U2348 ,2026-01,STANDARD,499.0,0.0,0,499.0
U1237,2025-08,Premium,999.0,0.0,FALSE,999.0
U1730,2025-10,BASIC,199.0,0.0,No,199.0
U2238,2025-12,basic ,199.0,0.0,FALSE,199.0
U2023,09/01/2025, Standard ,499.0,0.0,False,499.0
 U2047 ,Oct-2025,standard,499.0,0.0,No,499.0
U2255,10/01/2025, Standard ,499.0,0.0,False,499.0
U1521,2025-10,standard,499.0,0.0,FALSE,499.0
U1824,Dec-2025,basic ,199.0,0.0,False,199.0
U2003,Sep-2025,basic ,199.0,30.0,0,139.3
U2166,10/01/2025,standard,499.0,30.0,False,349.3
U1291,Aug-2025,basic ,199.0,0.0,False,199.0
U1024,2025-08,Basic,199.0,0.0,False,199.0
U1495,09/01/2025,STANDARD,499.0,0.0,FALSE,499.0
U1655,11/01/2025,STANDARD,499.0,0.0,No,499.0
U1898,12/01/2025,Basic,199.0,30.0,FALSE,139.3
U1568,Dec-2025,standard,499.0,0.0,No,499.0
U1898,08/01/2025,Standard,499.0,0.0,0,499.0
U1280,Sep-2025,Basic,199.0,0.0,0,199.0
U2065,2025-10,premium ,999.0,0.0,False,999.0
U2124,2025-10,STANDARD,499.0,0.0,No,499.0
U1333,10/01/2025, PREMIUM,999.0,,False,999.0
U1874,09/01/2025,Basic,199.0,0.0,FALSE,199.0
U2030,10/01/2025,Premium,999.0,10.0,No,899.1
U1290,Oct-2025, PREMIUM,999.0,20.0,No,799.2
U1294,Sep-2025,Basic,199.0,0.0,FALSE,199.0
U2297,2025-10,Standard,499.0,0.0,FALSE,499.0
U1935,2025-12,Basic,199.0,10.0,FALSE,179.1
U1762,2025-12,Basic,199.0,0.0,No,199.0
U1948,Sep-2025,Basic,199.0,0.0,FALSE,199.0
U1545,Aug-2025,standard,499.0,20.0,FALSE,399.2
U1926,12/01/2025,basic ,199.0,20.0,FALSE,159.2
U1749,2025-12,Standard,499.0,20.0,False,399.2
U1553,10/01/2025,BASIC,199.0,0.0,0,199.0
U1754,2025-10,BASIC,199.0,0.0,1,0.0
U1752,2025-12,Standard,499.0,0.0,0,499.0
U1541,08/01/2025,Basic,199.0,10.0,No,179.1
U2029,Dec-2025,Premium,999.0,0.0,FALSE,999.0
U1462,10/01/2025,premium ,999.0,0.0,False,999.0
U1091,2026-01,STANDARD,499.0,0.0,FALSE,499.0
U2454,2026-01,Standard,499.0,0.0,FALSE,499.0
U1155,Jan-2026, Standard ,499.0,0.0,No,499.0
U1426,2025-11,STANDARD,499.0,0.0,No,499.0
U1581,Nov-2025,basic ,199.0,0.0,No,199.0
U1167,Nov-2025,STANDARD,499.0,0.0,TRUE,0.0
U1574,Aug-2025,Premium,999.0,0.0,0,999.0
U2147,2025-12,standard,,30.0,FALSE,
U1624,Sep-2025,Standard,499.0,0.0,FALSE,499.0
U2374,10/01/2025, PREMIUM,999.0,30.0,No,699.3
U2055,Oct-2025,premium ,999.0,0.0,False,999.0
U2201,2025-09, PREMIUM,999.0,0.0,No,999.0
U1250,Aug-2025,STANDARD,499.0,0.0,FALSE,499.0
U2282,2025-12,STANDARD,499.0,0.0,FALSE,499.0
U2402,12/01/2025, Standard ,499.0,0.0,TRUE,0.0
U1345,2025-12,Basic,199.0,0.0,False,199.0
U2448,11/01/2025,Standard,499.0,0.0,No,499.0
U1249,2026-01,STANDARD,499.0,0.0,No,499.0
U1359,2025-12,Basic,199.0,0.0,No,199.0
U2144,Nov-2025,Basic,199.0,0.0,FALSE,199.0
U1599,Dec-2025,Basic,199.0,0.0,False,199.0
U1482,2026-01,BASIC,199.0,10.0,No,179.1
U1071,08/01/2025,Basic,199.0,0.0,No,199.0
 U1144 ,2025-08, Standard ,499.0,0.0,No,499.0
U1824,Sep-2025,basic ,199.0,0.0,0,199.0
U2197,12/01/2025,basic ,199.0,30.0,False,139.3
U1652,11/01/2025,Basic,199.0,20.0,FALSE,159.2
U1155,2025-12, PREMIUM,999.0,0.0,0,999.0
U1099,Aug-2025,basic ,199.0,0.0,False,199.0
U2276,11/01/2025,Basic,199.0,0.0,0,-1.0
U2103,2025-10, Standard ,499.0,0.0,FALSE,499.0
U2484,Sep-2025,STANDARD,499.0,0.0,No,499.0
U2197,Jan-2026,Basic,199.0,0.0,False,199.0
U1123,2025-09,STANDARD,499.0,0.0,False,-1.0
U1805,01/01/2026,BASIC,199.0,0.0,FALSE,199.0
U1570,2025-10,Basic,199.0,0.0,No,199.0
U1208,Aug-2025,standard,499.0,0.0,FALSE,499.0
U2060,2025-10,Basic,199.0,0.0,0,199.0
U1007,2025-08, Standard ,499.0,0.0,False,499.0
U1654,2025-11,basic ,199.0,0.0,False,199.0
U1275,Nov-2025,Premium,999.0,0.0,False,999.0
U2097,2025-08,Standard,499.0,0.0,False,499.0
U2384,Nov-2025,Premium,999.0,0.0,No,999.0
U2332,12/01/2025, Standard ,499.0,20.0,No,399.2
U2031,11/01/2025, Standard ,499.0,0.0,No,499.0
U1245,2025-09,basic ,199.0,20.0,FALSE,159.2
U1559,Jan-2026,Standard,499.0,10.0,No,449.1
U2294,2025-11,Basic,199.0,0.0,No,199.0
U1456,Nov-2025,BASIC,199.0,0.0,FALSE,199.0
U1536,Jan-2026, PREMIUM,999.0,20.0,FALSE,799.2
U2205,2025-08,STANDARD,499.0,0.0,No,499.0
U2497,2026-01,Basic,199.0,30.0,0,139.3
U2099,10/01/2025,STANDARD,499.0,20.0,FALSE,399.2
U1914,2025-08,standard,499.0,0.0,0,499.0
 U1110 ,08/01/2025,Basic,199.0,30.0,False,139.3
U1660,01/01/2026,standard,,0.0,0,499.0
U1835,2025-12,standard,499.0,0.0,False,499.0
U1935,2025-08,Basic,199.0,0.0,FALSE,199.0
U1318,2025-09,premium ,999.0,0.0,0,-1.0
U2011,Oct-2025,basic ,199.0,0.0,No,199.0
U1033,Nov-2025,basic ,199.0,0.0,No,199.0
U1615,11/01/2025,STANDARD,,0.0,No,499.0
U1885,2026-01,STANDARD,499.0,0.0,FALSE,499.0
U1130,2025-09,standard,499.0,0.0,No,499.0
U1905,Dec-2025,standard,499.0,0.0,1,0.0
U1192,Dec-2025, PREMIUM,999.0,,FALSE,999.0
U2145,08/01/2025,BASIC,199.0,0.0,0,199.0
U1636,Sep-2025,Premium,999.0,20.0,False,799.2
 U1554 ,2025-08,BASIC,199.0,0.0,False,199.0
U2278,09/01/2025,Basic,199.0,0.0,FALSE,199.0
U1104,Dec-2025,Premium,999.0,0.0,Yes,0.0
U1503,2025-10,STANDARD,499.0,0.0,0,499.0
U2129,2025-11, PREMIUM,999.0,0.0,FALSE,999.0
U1208,Nov-2025,STANDARD,499.0,0.0,False,499.0
U1592,Jan-2026,standard,499.0,0.0,False,499.0
U1094,Jan-2026, PREMIUM,999.0,0.0,False,999.0
U1551,09/01/2025,STANDARD,499.0,0.0,Yes,0.0
U1012,2025-09,Premium,999.0,0.0,False,999.0
U1824,2025-08,BASIC,199.0,0.0,0,199.0
U1487,Oct-2025,BASIC,199.0,0.0,No,199.0
U2346,Aug-2025,basic ,199.0,0.0,FALSE,199.0
U1755,09/01/2025, Standard ,499.0,0.0,0,499.0
U2107,2025-09,Basic,199.0,0.0,0,199.0
U1788,2025-09,Standard,499.0,,FALSE,449.1
U1520,11/01/2025,Basic,199.0,0.0,No,199.0
U1562,Sep-2025, Standard ,499.0,0.0,FALSE,499.0
U1092,2025-09,BASIC,199.0,0.0,False,199.0
U1097,Nov-2025,STANDARD,499.0,0.0,FALSE,499.0
U1209,09/01/2025,Basic,199.0,10.0,False,179.1
U2040,10/01/2025,BASIC,199.0,0.0,0,199.0
U1063,2025-09,Standard,499.0,0.0,No,499.0
U1851,Sep-2025,Premium,,0.0,FALSE,999.0
U2034,Sep-2025,Premium,999.0,0.0,0,
U1071,2025-12,BASIC,199.0,0.0,FALSE,199.0
U1849,08/01/2025,basic ,199.0,0.0,0,199.0
U1954,2025-09,BASIC,199.0,0.0,False,199.0
U2018,01/01/2026,STANDARD,499.0,0.0,0,499.0
U1267,2025-12,Basic,199.0,0.0,False,199.0
U1723,12/01/2025,basic ,199.0,,False,199.0
U1223,2025-12,basic ,199.0,0.0,False,199.0
U1162,2025-12, PREMIUM,999.0,0.0,1,0.0
U1183,2025-09,Premium,999.0,0.0,False,999.0
U2468,08/01/2025,basic ,199.0,0.0,FALSE,199.0
U1971,Sep-2025,Premium,999.0,0.0,False,999.0
U2239,11/01/2025,premium ,999.0,0.0,No,999.0
U1561,2025-11,STANDARD,499.0,0.0,0,499.0
U1541,Sep-2025,Basic,199.0,10.0,0,179.1
U1490,08/01/2025,Premium,999.0,0.0,False,999.0
U1675,Jan-2026,Basic,199.0,0.0,FALSE,199.0
U2449,Dec-2025,standard,499.0,,TRUE,
U2294,01/01/2026,Basic,199.0,0.0,FALSE,199.0
U1588,2025-12,Standard,499.0,30.0,0,349.3
U2301,Oct-2025,Basic,,30.0,FALSE,139.3
U1056,Jan-2026,Premium,999.0,20.0,False,799.2
U1894,11/01/2025, Standard ,499.0,0.0,FALSE,499.0
U1302,Oct-2025,basic ,199.0,0.0,FALSE,199.0
U1329,Jan-2026,Basic,199.0,30.0,FALSE,139.3
U1664,Aug-2025,Basic,199.0,0.0,No,199.0
U2130,08/01/2025,Basic,199.0,0.0,FALSE,199.0
U1055,11/01/2025,Basic,199.0,0.0,False,
U1582,2025-08,BASIC,199.0,0.0,False,199.0
U1120,2025-09,BASIC,199.0,,0,199.0
U2246,2025-09,Premium,999.0,0.0,FALSE,999.0
U1702,Dec-2025,BASIC,199.0,0.0,False,199.0
U1079,Aug-2025, PREMIUM,999.0,0.0,False,999.0
U1207,08/01/2025,Premium,999.0,0.0,No,999.0
U1729,2025-12,Basic,199.0,0.0,0,199.0
U1391,2025-08, Standard ,499.0,0.0,False,499.0
U2228,09/01/2025, Standard ,499.0,0.0,FALSE,499.0
 U1182 ,2025-09,Basic,199.0,,No,199.0
U1737,2025-09,Premium,,0.0,No,999.0
U2450,2025-11,premium ,999.0,0.0,No,999.0
 U2303 ,Sep-2025,Basic,199.0,0.0,No,199.0
U2139,2026-01,Premium,999.0,0.0,False,-1.0
U1913,2025-11,Basic,199.0,0.0,FALSE,199.0
U1078,11/01/2025,STANDARD,499.0,0.0,FALSE,499.0
U1888,Oct-2025, Standard ,499.0,0.0,FALSE,499.0
U2395,2025-08,standard,499.0,0.0,No,499.0
 U2205 ,Jan-2026,BASIC,199.0,0.0,False,199.0
U2045,2026-01,Basic,199.0,0.0,FALSE,199.0
U2184,2025-11,Standard,499.0,0.0,0,499.0
U1840,08/01/2025,standard,499.0,20.0,No,399.2
U2477,01/01/2026,premium ,999.0,,No,999.0
U1127,2025-10,Basic,199.0,0.0,0,199.0
U2456,2025-11,Basic,199.0,0.0,False,199.0
U2343,01/01/2026,standard,499.0,0.0,No,499.0
U1224,01/01/2026,Premium,999.0,0.0,False,999.0
U2412,Oct-2025, Standard ,499.0,0.0,0,499.0
U1237,Nov-2025,Premium,999.0,0.0,False,999.0
U2343,09/01/2025,standard,499.0,0.0,FALSE,499.0
U2311,2025-11,Premium,999.0,0.0,No,999.0
U1037,10/01/2025, Standard ,499.0,0.0,False,499.0
U2311,Oct-2025,Premium,999.0,0.0,No,999.0
U2016,Nov-2025,premium ,999.0,0.0,False,999.0
U1364,Oct-2025,STANDARD,,0.0,False,499.0
U1750,Dec-2025,Standard,499.0,0.0,No,499.0
U2328,2026-01,BASIC,199.0,20.0,0,159.2
U2063,Aug-2025,STANDARD,499.0,0.0,FALSE,499.0
U1153,Oct-2025, Standard ,499.0,0.0,No,499.0
U1498,Aug-2025,Standard,499.0,0.0,No,499.0
U1060,10/01/2025,Basic,199.0,0.0,FALSE,199.0
U1257,2025-11,standard,499.0,0.0,No,499.0
U1825,Nov-2025,Standard,499.0,10.0,0,449.1
U1298,2025-10,premium ,999.0,20.0,False,799.2
U2285,2025-08,STANDARD,499.0,,FALSE,499.0
U2280,Dec-2025, PREMIUM,999.0,0.0,False,999.0
 U2012 ,Nov-2025,STANDARD,499.0,0.0,No,499.0
U2286,2025-12,Basic,199.0,,0,
U1798,08/01/2025,Standard,499.0,0.0,FALSE,499.0
U2129,2025-10,Premium,999.0,0.0,FALSE,999.0
U1844,Aug-2025,BASIC,199.0,0.0,No,199.0
U1609,08/01/2025,Premium,999.0,10.0,False,899.1
U1682,Jan-2026, PREMIUM,,0.0,No,
U1245,Aug-2025,basic ,199.0,0.0,0,199.0
U1691,2025-08,STANDARD,499.0,0.0,False,499.0
U1597,10/01/2025,Standard,499.0,0.0,0,499.0
U1070,2026-01,Standard,499.0,0.0,No,499.0
U1580,Dec-2025,Standard,499.0,0.0,FALSE,499.0
U1045,2025-09,premium ,999.0,0.0,No,
U1250,10/01/2025,standard,499.0,0.0,0,499.0
U1654,08/01/2025,basic ,199.0,0.0,No,199.0
U2330,Nov-2025,basic ,199.0,0.0,False,199.0
U2165,2025-09, PREMIUM,999.0,20.0,No,799.2
U2231,2025-09,basic ,199.0,0.0,FALSE,-1.0
U2196,Dec-2025,standard,499.0,0.0,FALSE,499.0
U2267,01/01/2026,Standard,499.0,0.0,No,499.0
U1807,Nov-2025,standard,499.0,0.0,False,499.0
U2079,12/01/2025, PREMIUM,999.0,0.0,0,999.0
U1691,01/01/2026,Standard,499.0,0.0,FALSE,499.0
U2257,10/01/2025, Standard ,499.0,0.0,False,499.0
U2168,2025-11,Standard,499.0,0.0,No,499.0
U1836,Nov-2025,STANDARD,499.0,10.0,False,449.1
 U1856 ,Nov-2025,Basic,199.0,0.0,No,199.0
U2443,2025-10,Standard,499.0,0.0,FALSE,499.0
U1763,Aug-2025, PREMIUM,999.0,0.0,0,999.0
U2100,Jan-2026, Standard ,499.0,0.0,No,499.0
U2346,10/01/2025,Basic,199.0,0.0,FALSE,199.0
U1716,2025-11,Premium,999.0,0.0,No,999.0
U2145,Dec-2025,BASIC,199.0,0.0,FALSE,199.0
U1284,2025-10,Basic,199.0,0.0,Yes,0.0
U1850,Oct-2025,basic ,199.0,0.0,No,199.0
U1986,08/01/2025,Basic,199.0,0.0,False,199.0
U2229,2025-12,Basic,199.0,0.0,No,199.0
U1916,12/01/2025,Basic,199.0,0.0,FALSE,199.0
U2210,2025-09,premium ,999.0,0.0,0,999.0
U1262,Nov-2025,BASIC,199.0,0.0,FALSE,
U1211,Sep-2025,Basic,199.0,0.0,False,199.0
U1667,09/01/2025, PREMIUM,,0.0,0,999.0
U1949,Sep-2025,Basic,199.0,0.0,No,199.0
U1596,Dec-2025,Basic,199.0,0.0,No,199.0
U1690,2026-01,Basic,199.0,0.0,No,199.0
U1808,Dec-2025,standard,,10.0,False,449.1
U1848,08/01/2025,basic ,199.0,0.0,0,199.0
U2376,09/01/2025,Premium,999.0,0.0,FALSE,999.0
U1595,2025-11,basic ,199.0,0.0,False,
U2249,Nov-2025,standard,,0.0,0,499.0
U2241,2025-10,Standard,499.0,0.0,FALSE,499.0
U1737,08/01/2025, PREMIUM,999.0,0.0,False,999.0
U1973,Jan-2026,Basic,199.0,0.0,0,199.0
U1480,2025-10,Basic,199.0,0.0,False,199.0
U1827,10/01/2025,standard,499.0,0.0,0,499.0
U2193,Aug-2025,Premium,999.0,0.0,FALSE,999.0
U1694,2025-10,Basic,199.0,0.0,No,199.0
U1011,2025-10,Standard,499.0,0.0,0,499.0
U1738,2026-01, Standard ,499.0,0.0,0,499.0
U1082,Aug-2025,Standard,499.0,0.0,No,499.0
U1651,2025-10,premium ,999.0,0.0,False,999.0
U1126,Aug-2025,premium ,999.0,0.0,0,999.0
U2137,2025-08,Premium,999.0,0.0,No,999.0
U2190,2025-08,Basic,199.0,0.0,No,199.0
U1905,Jan-2026, Standard ,499.0,0.0,False,499.0
U1274,Oct-2025,Premium,999.0,0.0,False,999.0
U1180,10/01/2025,basic ,199.0,0.0,0,199.0
U1029,11/01/2025,standard,499.0,10.0,No,449.1
U2179,2025-10,standard,499.0,0.0,FALSE,499.0
U2148,2025-08,Premium,999.0,20.0,No,799.2
U2199,12/01/2025,Premium,999.0,0.0,0,999.0
U2080,Sep-2025,basic ,199.0,0.0,0,199.0
U1618,01/01/2026,Basic,199.0,0.0,No,199.0
U1722,2025-08,Basic,199.0,0.0,No,199.0
U2043,08/01/2025,standard,499.0,0.0,No,499.0
U2355,11/01/2025,Premium,999.0,10.0,FALSE,899.1
U1632,08/01/2025,premium ,999.0,0.0,0,999.0
U1101,11/01/2025,Basic,199.0,10.0,FALSE,179.1
U2359,2025-08, Standard ,499.0,0.0,FALSE,499.0
U1803,09/01/2025,Basic,,0.0,No,199.0
U1890,08/01/2025,STANDARD,499.0,0.0,No,499.0
U1105,10/01/2025,Standard,499.0,30.0,Yes,0.0
U1844,10/01/2025,Basic,199.0,20.0,FALSE,159.2
U2363,Oct-2025, PREMIUM,999.0,0.0,0,999.0
U2229,11/01/2025,Basic,199.0,20.0,0,159.2
U1181,Dec-2025,STANDARD,,30.0,FALSE,349.3
U1619,2025-11, Standard ,499.0,0.0,0,499.0
U1789,11/01/2025,STANDARD,499.0,0.0,No,499.0
U2178,08/01/2025,Basic,199.0,0.0,False,199.0
U2203,Nov-2025,standard,499.0,0.0,0,499.0
U2112,Dec-2025,Standard,499.0,0.0,FALSE,499.0
U1136,2025-08,premium ,999.0,0.0,False,999.0
 U2081 ,2025-11,Premium,999.0,0.0,No,999.0
U1063,Nov-2025, Standard ,499.0,0.0,FALSE,499.0
U2012,12/01/2025,STANDARD,499.0,0.0,No,499.0
U1677,Nov-2025,basic ,199.0,0.0,0,199.0
U1172,11/01/2025,STANDARD,499.0,0.0,No,499.0
U2187,11/01/2025,basic ,199.0,0.0,False,199.0
U1917,2025-08, Standard ,499.0,0.0,FALSE,499.0
U1198,11/01/2025,BASIC,199.0,0.0,False,
U1847,08/01/2025,Standard,499.0,20.0,0,399.2
U1286,Nov-2025,BASIC,199.0,0.0,FALSE,199.0
U1719,Oct-2025,premium ,999.0,0.0,0,999.0
U1273,Dec-2025,basic ,199.0,10.0,FALSE,179.1
U1914,2025-09, Standard ,499.0,0.0,FALSE,499.0
U2387,2025-09, Standard ,499.0,,FALSE,499.0
U1045,Aug-2025,Premium,999.0,0.0,False,999.0
U2279,09/01/2025,standard,499.0,0.0,0,499.0
U1540,2025-08,basic ,199.0,0.0,FALSE,199.0
U1968,2026-01,basic ,199.0,0.0,False,199.0
U1910,2025-12,basic ,199.0,20.0,0,159.2
U1155,Sep-2025,premium ,999.0,0.0,No,999.0
U1001,11/01/2025, PREMIUM,999.0,10.0,0,899.1
U2101,01/01/2026,Premium,999.0,0.0,FALSE,999.0
U2370,10/01/2025,premium ,999.0,0.0,0,999.0
U2207,2025-09,Standard,,0.0,Yes,0.0
U2091,Jan-2026,STANDARD,499.0,0.0,True,0.0
U2057,2026-01,BASIC,199.0,10.0,0,179.1
U1228,Dec-2025, PREMIUM,999.0,0.0,No,999.0
U1462,11/01/2025,premium ,999.0,0.0,False,999.0
U1806,09/01/2025,Standard,499.0,10.0,0,
U1661,2025-12,standard,499.0,30.0,No,349.3
U2235,2025-11, PREMIUM,999.0,0.0,False,-1.0
U2446,12/01/2025,STANDARD,499.0,0.0,No,499.0
U1676,Jan-2026,Basic,199.0,0.0,No,199.0
U1849,2026-01,basic ,199.0,0.0,No,199.0
U1114,2025-08,Basic,199.0,0.0,FALSE,199.0
U2404,01/01/2026, Standard ,499.0,0.0,No,499.0
U1008,01/01/2026, Standard ,499.0,0.0,False,499.0
U2340,Aug-2025,standard,499.0,0.0,No,-1.0
U1679,Aug-2025, PREMIUM,999.0,0.0,FALSE,999.0
U1683,2025-11,Standard,499.0,0.0,FALSE,499.0
 U1317 ,2025-09,Standard,499.0,10.0,0,449.1
U1657,01/01/2026,standard,499.0,0.0,False,499.0
U1170,10/01/2025,BASIC,199.0,30.0,FALSE,139.3
U1805,09/01/2025,Premium,999.0,0.0,FALSE,999.0
U1458,2026-01,Basic,199.0,30.0,False,139.3
 U1762 ,Aug-2025,Basic,199.0,0.0,0,199.0
U1428,2025-12,Basic,199.0,0.0,No,199.0
U1669,Dec-2025,standard,499.0,0.0,False,499.0
U1835,2026-01, Standard ,499.0,0.0,FALSE,499.0
U1929,Oct-2025,Standard,499.0,0.0,No,499.0
U1474,Aug-2025,standard,,0.0,False,499.0
U1010,10/01/2025, Standard ,499.0,30.0,False,349.3
U1883,2025-12,Basic,199.0,10.0,No,179.1
U1820,Sep-2025,BASIC,199.0,0.0,0,199.0
U2169,09/01/2025, Standard ,499.0,0.0,No,499.0
U1993,2025-12,BASIC,199.0,0.0,0,199.0
U1176,2025-09,Premium,999.0,30.0,No,699.3
U1368,10/01/2025,basic ,199.0,0.0,FALSE,199.0
U1545,2025-09, Standard ,499.0,0.0,No,499.0
U2289,08/01/2025,STANDARD,499.0,0.0,FALSE,499.0
U1314,2025-11,Basic,199.0,0.0,No,199.0
U2170,10/01/2025,premium ,999.0,0.0,FALSE,999.0
U1790,Jan-2026,basic ,199.0,0.0,FALSE,199.0
U1323,2026-01,Basic,199.0,0.0,Yes,0.0
U1469,2025-11,premium ,999.0,0.0,0,999.0
U1572,2025-11,Basic,199.0,,0,199.0
U2420,2025-12,basic ,199.0,20.0,0,159.2
U1771,08/01/2025,premium ,999.0,0.0,0,999.0
U2000,11/01/2025,Premium,999.0,0.0,No,999.0
U1324,2025-09, PREMIUM,999.0,0.0,FALSE,999.0
U2139,Oct-2025,Premium,999.0,0.0,False,999.0
U2203,01/01/2026,standard,499.0,30.0,No,349.3
U1037,Nov-2025,STANDARD,499.0,0.0,No,499.0
U1873,2025-12,Premium,999.0,30.0,FALSE,
U1432,Sep-2025, PREMIUM,999.0,0.0,No,999.0
U1952,08/01/2025,BASIC,199.0,0.0,0,199.0
U1222,2026-01,basic ,199.0,20.0,No,159.2
 U2233 ,01/01/2026,BASIC,199.0,0.0,False,199.0
U1149,12/01/2025,STANDARD,499.0,0.0,0,499.0
U1786,2025-08,basic ,,0.0,No,199.0
U1989,09/01/2025,Premium,999.0,30.0,FALSE,699.3
U1582,Oct-2025,Basic,199.0,10.0,FALSE,179.1
U1229,Oct-2025,BASIC,199.0,0.0,False,199.0
U1063,Jan-2026,Standard,499.0,0.0,TRUE,0.0
U1253,2025-09, Standard ,499.0,0.0,0,499.0
U2210,2025-12,Premium,,20.0,0,799.2
U1993,09/01/2025,Basic,199.0,20.0,False,159.2
U1953,2025-08,BASIC,199.0,0.0,FALSE,
U2434,2025-09,BASIC,,0.0,0,199.0
U1625,Jan-2026,Basic,199.0,20.0,No,159.2
U1961,Sep-2025, Standard ,499.0,20.0,0,399.2
U2098,08/01/2025, Standard ,499.0,0.0,0,499.0
U2273,2025-08,Standard,499.0,0.0,FALSE,499.0
U1032,11/01/2025,Basic,199.0,0.0,No,199.0
U2356,2025-11,premium ,999.0,0.0,No,999.0
 U1822 ,Nov-2025,STANDARD,499.0,30.0,0,349.3
U2176,2025-10,Premium,999.0,0.0,FALSE,999.0
U1923,10/01/2025,basic ,199.0,0.0,No,199.0
U1322,Aug-2025,Basic,199.0,0.0,0,199.0
U1282,08/01/2025,Basic,199.0,0.0,No,199.0
U2090,Oct-2025,basic ,199.0,0.0,0,199.0
U1444,2025-11,basic ,199.0,0.0,No,199.0
U1753,2025-12,STANDARD,499.0,0.0,0,499.0
U2478,2025-09,Standard,499.0,0.0,False,499.0
U1178,11/01/2025,Basic,199.0,20.0,FALSE,159.2
U1969,11/01/2025,basic ,199.0,0.0,No,199.0
U1878,Aug-2025,Premium,999.0,0.0,FALSE,999.0
 U1975 ,2025-08,Standard,499.0,0.0,No,499.0
U1593,2025-09,Basic,199.0,30.0,0,139.3
U1089,01/01/2026,Premium,999.0,0.0,FALSE,999.0
U2243,01/01/2026,BASIC,199.0,,FALSE,199.0
 U1915 ,2025-11, Standard ,499.0,0.0,0,499.0
U1469,08/01/2025,Premium,999.0,0.0,False,999.0
U1466,2025-11,Premium,999.0,0.0,0,999.0
U1161,11/01/2025,STANDARD,,10.0,False,449.1
U2154,2025-09,Basic,199.0,0.0,No,199.0
U2317,Dec-2025,basic ,199.0,0.0,0,199.0
U1871,12/01/2025,BASIC,199.0,30.0,FALSE,139.3
U2313,12/01/2025,basic ,199.0,10.0,FALSE,179.1
U1108,11/01/2025,STANDARD,499.0,0.0,False,499.0
U1380,2025-09,Basic,199.0,0.0,0,199.0
U1682,Dec-2025,premium ,999.0,0.0,FALSE,999.0
U2182,Sep-2025,Premium,999.0,0.0,No,999.0
U1402,Nov-2025,Standard,499.0,0.0,False,499.0
U1804,2025-12,Standard,499.0,0.0,No,499.0
U1339,10/01/2025, Standard ,499.0,0.0,FALSE,499.0
U2464,Nov-2025,Premium,,0.0,0,999.0
U2334,Nov-2025,Standard,499.0,0.0,FALSE,499.0
U1462,2026-01, PREMIUM,999.0,0.0,0,999.0
U2298,12/01/2025, Standard ,499.0,0.0,FALSE,499.0
U1450,2025-11,BASIC,199.0,20.0,No,159.2
U2362,08/01/2025,basic ,199.0,0.0,0,199.0
U1030,Sep-2025,Basic,199.0,0.0,False,199.0
U1825,2025-10,STANDARD,499.0,0.0,0,499.0
U2151,2025-10,Standard,499.0,0.0,False,499.0
U1017,2026-01,Basic,199.0,0.0,No,199.0
U1670,11/01/2025,standard,499.0,0.0,0,499.0
U2408,2025-08, PREMIUM,999.0,0.0,False,999.0
U2199,01/01/2026, PREMIUM,999.0,0.0,No,
U1364,Dec-2025, Standard ,,0.0,No,499.0
U1263,01/01/2026,Premium,999.0,20.0,TRUE,0.0
U1094,08/01/2025, PREMIUM,999.0,0.0,No,999.0
U1389,2025-08, Standard ,499.0,0.0,False,499.0
U1769,Nov-2025,BASIC,199.0,0.0,FALSE,199.0
U1556,Sep-2025,standard,499.0,0.0,No,499.0
U1262,2025-12,BASIC,199.0,0.0,False,199.0
U1572,2025-09,Basic,199.0,0.0,False,199.0
U1902,11/01/2025,basic ,199.0,0.0,FALSE,199.0
U1517,12/01/2025,standard,499.0,20.0,FALSE,399.2
U2230,08/01/2025, Standard ,499.0,30.0,0,349.3
U1865,Sep-2025,Basic,199.0,0.0,No,199.0
U2435,Aug-2025,Basic,199.0,0.0,False,199.0
U1048,2025-10,Basic,199.0,0.0,No,199.0
U1505,2026-01,Basic,199.0,0.0,Yes,0.0
U1162,2025-11, PREMIUM,999.0,0.0,0,-1.0
 U1684 ,2025-10,Premium,999.0,0.0,False,999.0
U2098,01/01/2026,STANDARD,499.0,0.0,0,499.0
U1827,11/01/2025, Standard ,499.0,0.0,No,499.0
U2173,2025-08,standard,499.0,0.0,No,499.0
U2222,2025-10,BASIC,199.0,0.0,False,199.0
 U2316 ,12/01/2025, PREMIUM,999.0,0.0,0,999.0
U1884,08/01/2025,Basic,199.0,0.0,FALSE,199.0
U2433,Aug-2025,standard,499.0,0.0,No,499.0
U1539,09/01/2025,premium ,999.0,0.0,False,999.0
U2326,2025-12,Standard,499.0,30.0,False,349.3
U1435,01/01/2026, PREMIUM,999.0,0.0,1,0.0
U1594,Oct-2025,Standard,499.0,0.0,FALSE,499.0
U1256,2025-10,Premium,999.0,0.0,No,999.0
U1484,10/01/2025,BASIC,199.0,0.0,FALSE,199.0
U1733,Aug-2025,premium ,999.0,,FALSE,999.0
U2362,10/01/2025,Basic,199.0,0.0,FALSE,199.0
U1764,Oct-2025,STANDARD,499.0,0.0,0,499.0
U2438,Oct-2025, Standard ,499.0,0.0,FALSE,499.0
U1122,12/01/2025,Basic,199.0,0.0,0,199.0
U2049,2025-12,premium ,999.0,0.0,1,0.0
U1467,Sep-2025,Standard,499.0,0.0,0,499.0
U1465,11/01/2025, PREMIUM,999.0,0.0,False,999.0
U2216,2025-09,basic ,199.0,0.0,FALSE,199.0
U1473,2025-11,STANDARD,499.0,0.0,FALSE,499.0
U2212,2025-08,basic ,199.0,0.0,FALSE,199.0
U2313,Jan-2026,Basic,,0.0,0,199.0
U1096,09/01/2025,Basic,199.0,0.0,False,199.0
U2470,Aug-2025,BASIC,199.0,0.0,False,199.0
U2260,Oct-2025, PREMIUM,999.0,30.0,No,699.3
U1383,11/01/2025,basic ,199.0,0.0,No,199.0
U1224,09/01/2025, PREMIUM,,30.0,FALSE,699.3
 U1130 ,08/01/2025,STANDARD,499.0,0.0,No,499.0
U1540,Oct-2025,Basic,199.0,20.0,No,159.2
U2046,Oct-2025,premium ,999.0,30.0,FALSE,699.3
U1113,Nov-2025,premium ,999.0,0.0,0,999.0
U1060,Aug-2025,basic ,199.0,0.0,No,
U1990,09/01/2025,standard,499.0,0.0,FALSE,499.0
U2060,Jan-2026,basic ,199.0,0.0,FALSE,199.0
U1921,Oct-2025,BASIC,199.0,0.0,0,199.0
U2156,2025-10,STANDARD,499.0,0.0,No,499.0
U2143,2026-01,Basic,199.0,10.0,False,179.1
U1200,Nov-2025,Basic,199.0,0.0,FALSE,199.0
U1604,Oct-2025,basic ,199.0,0.0,No,199.0
U1153,08/01/2025, Standard ,499.0,0.0,0,499.0
U2148,2025-09,Premium,999.0,0.0,False,999.0
U1047,2025-08,Premium,999.0,0.0,FALSE,999.0
U1093,Sep-2025, Standard ,499.0,0.0,No,499.0
U1252,Sep-2025,Premium,999.0,0.0,False,999.0
U2415,2026-01,STANDARD,499.0,0.0,False,499.0
U1580,2025-08,Premium,999.0,0.0,False,999.0
U1995,Aug-2025,Premium,999.0,0.0,0,999.0
U1110,09/01/2025,BASIC,199.0,0.0,No,199.0
U1020,01/01/2026,basic ,199.0,0.0,True,0.0
U1342,Aug-2025, PREMIUM,999.0,0.0,0,999.0
U1928,Aug-2025,basic ,199.0,0.0,FALSE,199.0
U1034,10/01/2025,STANDARD,499.0,0.0,0,499.0
U2162,Oct-2025, Standard ,499.0,0.0,False,499.0
U1644,2025-10,basic ,199.0,0.0,No,199.0
U1791,12/01/2025,Basic,199.0,0.0,FALSE,199.0
U2037,Oct-2025,standard,499.0,0.0,False,499.0
U1502,2025-12,STANDARD,499.0,30.0,False,349.3
U2088,08/01/2025,Basic,199.0,0.0,FALSE,199.0
U1583,11/01/2025,basic ,199.0,0.0,No,199.0
U1957,10/01/2025,standard,499.0,20.0,No,399.2
U1973,09/01/2025,Basic,199.0,,0,199.0
U2059,12/01/2025,Standard,499.0,0.0,False,499.0
U1685,Aug-2025,standard,499.0,0.0,FALSE,499.0
U2137,10/01/2025,premium ,999.0,0.0,No,999.0
U2154,12/01/2025,basic ,199.0,0.0,0,199.0
U1829,11/01/2025,Basic,199.0,0.0,No,199.0
U1090,Jan-2026,Premium,999.0,30.0,FALSE,699.3
U1186,Sep-2025,Basic,199.0,0.0,FALSE,199.0
U2049,2025-08,Premium,999.0,0.0,0,999.0
U1881,01/01/2026,Premium,999.0,0.0,0,999.0
U2144,08/01/2025,BASIC,199.0,,False,199.0
U2236,2025-08,premium ,999.0,0.0,FALSE,999.0
U1744,2025-11,Premium,999.0,0.0,FALSE,999.0
U1879,2025-11,Standard,499.0,0.0,FALSE,499.0
U2231,2026-01,basic ,199.0,0.0,No,199.0
U1282,2025-09,basic ,199.0,30.0,No,139.3
U2270,11/01/2025,STANDARD,499.0,30.0,True,0.0
U1370,2025-12,standard,499.0,0.0,FALSE,499.0
U2238,2025-09,STANDARD,499.0,0.0,0,
U1841,Sep-2025,standard,499.0,,No,499.0
U1686,Dec-2025,basic ,199.0,0.0,0,199.0
U1132,09/01/2025,Basic,199.0,0.0,No,199.0
U2441,2025-11,Basic,199.0,0.0,False,199.0
U2423,2025-11,standard,499.0,0.0,FALSE,499.0
U2373,08/01/2025, PREMIUM,,0.0,No,999.0
U2332,Sep-2025,STANDARD,499.0,0.0,False,499.0
U1942,2025-12,Basic,199.0,0.0,False,199.0
U1925,08/01/2025, Standard ,499.0,0.0,No,499.0
U2047,01/01/2026,Basic,199.0,20.0,False,159.2
U2368,Oct-2025, Standard ,499.0,0.0,0,499.0
U1550,Jan-2026,standard,499.0,,FALSE,499.0
U1919,01/01/2026,Basic,199.0,10.0,0,179.1
U1189,08/01/2025, Standard ,499.0,0.0,0,499.0
U1300,2025-10,basic ,199.0,0.0,False,199.0
U2423,2026-01,STANDARD,499.0,0.0,1,0.0
U1971,Oct-2025,Premium,999.0,0.0,0,999.0
U1057,2025-09,Basic,199.0,0.0,No,199.0
U1576,2026-01, Standard ,499.0,0.0,FALSE,499.0
U2343,12/01/2025,STANDARD,499.0,30.0,0,349.3
U1106,2025-11, Standard ,499.0,10.0,No,449.1
U1384,2025-11,basic ,199.0,0.0,0,199.0
U1418,01/01/2026,BASIC,199.0,0.0,No,199.0
U2064,2025-09,Premium,999.0,0.0,FALSE,999.0
U1755,Oct-2025,standard,499.0,10.0,1,0.0
U1147,01/01/2026,Basic,199.0,0.0,True,0.0
U2281,2025-09, PREMIUM,999.0,0.0,0,999.0
U1875,Oct-2025,STANDARD,499.0,0.0,No,499.0
U1036,2026-01,Basic,199.0,10.0,False,179.1
U2388,2025-10,Premium,999.0,0.0,FALSE,999.0
U1037,Dec-2025,basic ,199.0,0.0,0,199.0
U2426,01/01/2026,STANDARD,499.0,0.0,FALSE,499.0
U1254,2026-01,Basic,199.0,0.0,0,199.0
U2347,10/01/2025,Basic,,0.0,No,199.0
U1233,Dec-2025,standard,499.0,30.0,1,0.0
U2213,10/01/2025,STANDARD,499.0,0.0,No,499.0
U1365,Oct-2025,standard,499.0,0.0,No,499.0
U1058,Aug-2025,Premium,999.0,0.0,0,999.0
U2353,2025-10,BASIC,199.0,0.0,FALSE,199.0
U1809,Nov-2025,Standard,499.0,0.0,FALSE,499.0
U2416,10/01/2025,standard,499.0,0.0,False,499.0
U1366,Nov-2025, PREMIUM,999.0,0.0,No,999.0
U1139,Aug-2025,Premium,999.0,0.0,FALSE,999.0
U2236,2026-01,STANDARD,499.0,10.0,FALSE,449.1
U1872,2026-01,standard,499.0,0.0,No,499.0
U1062,Jan-2026,STANDARD,499.0,0.0,Yes,0.0
U1188,Oct-2025, PREMIUM,999.0,0.0,FALSE,999.0
U2305,Oct-2025, Standard ,499.0,0.0,Yes,
U1102,Sep-2025,standard,499.0,0.0,0,499.0
U1616,2025-11,basic ,199.0,0.0,0,199.0
U1418,Dec-2025,Basic,,0.0,0,199.0
U1453,09/01/2025,Premium,999.0,0.0,FALSE,999.0
U1641,01/01/2026,Standard,499.0,0.0,False,499.0
U2272,Oct-2025,premium ,999.0,0.0,False,999.0
U2401,2025-08,Premium,999.0,0.0,FALSE,999.0
U1026,2026-01,Premium,999.0,0.0,FALSE,999.0
U2348,2025-08,STANDARD,499.0,0.0,FALSE,499.0
U1195,2026-01,basic ,199.0,0.0,FALSE,199.0
U1256,Aug-2025,Premium,999.0,0.0,False,999.0
U1566,Oct-2025,standard,499.0,,False,499.0
U2103,2026-01,standard,499.0,0.0,No,499.0
U1718,11/01/2025, Standard ,499.0,10.0,False,
U1338,2025-10,Standard,499.0,0.0,0,499.0
U1223,10/01/2025,basic ,199.0,0.0,False,199.0
U2101,Dec-2025,Premium,999.0,20.0,FALSE,799.2
U1024,Dec-2025,BASIC,199.0,0.0,0,199.0
U1619,Dec-2025,Standard,499.0,0.0,No,499.0
U1858,11/01/2025,standard,499.0,0.0,FALSE,499.0
U2106,2025-09,Basic,199.0,0.0,0,199.0
U2455,01/01/2026,Basic,199.0,0.0,No,199.0
U1745,08/01/2025,Basic,199.0,0.0,FALSE,199.0
U2462,11/01/2025,BASIC,199.0,30.0,False,139.3
U2032,2025-10, Standard ,499.0,0.0,False,499.0
U2396,Jan-2026,basic ,199.0,0.0,True,0.0
U1086,2025-11,BASIC,199.0,0.0,False,199.0
U1201,Dec-2025,BASIC,199.0,0.0,No,199.0
U2035,Jan-2026,Basic,199.0,20.0,FALSE,159.2
U2140,2025-12,Basic,199.0,0.0,FALSE,199.0
U1113,Aug-2025,Premium,999.0,0.0,0,999.0
U2186,Aug-2025,basic ,199.0,0.0,FALSE,199.0
U1238,2025-08,standard,499.0,0.0,No,499.0
U1124,Nov-2025, Standard ,499.0,30.0,0,349.3
U1723,2025-11,standard,499.0,20.0,False,399.2
U1566,Dec-2025,STANDARD,499.0,20.0,0,399.2
U2227,2026-01,Basic,199.0,0.0,FALSE,199.0
U2335,01/01/2026,Premium,999.0,0.0,No,999.0
U2398,12/01/2025,Premium,999.0,20.0,No,799.2
U1997,01/01/2026,Basic,199.0,0.0,No,199.0
U1712,12/01/2025,BASIC,199.0,0.0,FALSE,199.0
U1584,12/01/2025,BASIC,199.0,0.0,No,199.0
U2362,09/01/2025,Basic,199.0,0.0,No,199.0
U1419,Dec-2025,Premium,999.0,10.0,No,899.1
U2316,Sep-2025,Premium,999.0,30.0,False,699.3
U1230,Sep-2025,premium ,999.0,0.0,FALSE,999.0
U2297,2026-01, Standard ,499.0,0.0,False,499.0
U2051,12/01/2025,BASIC,199.0,0.0,0,199.0
U1783,10/01/2025,STANDARD,499.0,0.0,FALSE,499.0
U2446,2025-11,Standard,,0.0,FALSE,499.0
U1663,2025-10,premium ,999.0,0.0,False,999.0
U1742,Oct-2025,standard,499.0,0.0,False,499.0
U2420,2025-09, Standard ,499.0,0.0,FALSE,499.0
U1737,2025-12,Premium,999.0,0.0,False,999.0
U2314,Jan-2026, PREMIUM,999.0,0.0,FALSE,999.0
U2092,Dec-2025,BASIC,199.0,0.0,0,199.0
U1336,2025-08,premium ,999.0,0.0,No,999.0
U1928,Nov-2025,basic ,199.0,0.0,False,199.0
U2445,10/01/2025,BASIC,,0.0,Yes,0.0
U1283,2026-01,Premium,999.0,0.0,0,999.0
U1199,10/01/2025,BASIC,199.0,0.0,FALSE,199.0
U1429,01/01/2026,BASIC,199.0,0.0,0,199.0
U1887,Jan-2026,Standard,499.0,0.0,0,499.0
U1040,12/01/2025,Basic,199.0,0.0,0,199.0
U1109,11/01/2025,basic ,199.0,0.0,False,199.0
U2087,Sep-2025,STANDARD,499.0,0.0,No,499.0
U2118,2025-09, Standard ,499.0,0.0,0,499.0
U1115,Nov-2025,basic ,199.0,0.0,FALSE,199.0
U1872,Dec-2025,standard,499.0,0.0,False,499.0
U2350,09/01/2025,Standard,499.0,0.0,False,499.0
U1344,12/01/2025, Standard ,499.0,10.0,No,449.1
U2091,Jan-2026,STANDARD,499.0,0.0,True,0.0
U1024,2025-09,BASIC,199.0,0.0,FALSE,199.0
U1939,Nov-2025, Standard ,499.0,10.0,False,449.1
U2263,2025-10,BASIC,199.0,0.0,False,199.0
U2484,2025-10, Standard ,499.0,0.0,No,499.0
U1937,2026-01,Basic,199.0,30.0,False,139.3
U1695,09/01/2025, Standard ,499.0,0.0,FALSE,499.0
U1163,2025-08,Basic,199.0,0.0,No,199.0
U1711,2025-11,BASIC,199.0,0.0,False,199.0
U1820,08/01/2025,basic ,,0.0,0,199.0
U2366,2025-09,basic ,199.0,0.0,No,199.0
U2471,12/01/2025,standard,499.0,0.0,False,499.0
U2287,09/01/2025,Basic,199.0,0.0,False,199.0
U1185,Oct-2025,Standard,499.0,0.0,FALSE,499.0
U1825,2025-09,Standard,499.0,0.0,No,499.0
U1048,2026-01,basic ,199.0,0.0,0,199.0
U1496,2025-09,Standard,499.0,0.0,0,499.0
U2290,01/01/2026, PREMIUM,999.0,0.0,False,999.0
U1564,Oct-2025,BASIC,199.0,0.0,FALSE,199.0
U2255,01/01/2026,Basic,199.0,0.0,0,
U1195,2025-11,Basic,199.0,0.0,FALSE,199.0
U1560,Dec-2025,Basic,199.0,0.0,No,199.0
U2323,2026-01, Standard ,499.0,0.0,False,499.0
U1454,Dec-2025, Standard ,499.0,0.0,No,499.0
U1966,2025-08,premium ,999.0,0.0,No,999.0
U1798,2026-01,STANDARD,,10.0,No,449.1
U1377,Aug-2025, Standard ,499.0,0.0,0,499.0
U1038,Dec-2025,Basic,199.0,20.0,FALSE,159.2
U2220,2025-11,basic ,199.0,0.0,FALSE,199.0
U1434,2026-01,Basic,199.0,0.0,No,199.0
U1950,01/01/2026,Basic,199.0,0.0,FALSE,199.0
U1878,10/01/2025,Premium,999.0,0.0,False,999.0
U1197,12/01/2025,BASIC,,20.0,False,159.2
U1365,Jan-2026,STANDARD,499.0,0.0,No,499.0
U1397,01/01/2026,BASIC,199.0,10.0,FALSE,179.1
U1567,Nov-2025,basic ,199.0,20.0,False,159.2
U2265,08/01/2025,Basic,199.0,0.0,0,199.0
U2271,Jan-2026,STANDARD,499.0,30.0,TRUE,0.0
U1446,Oct-2025,Basic,199.0,0.0,FALSE,199.0
U2063,2025-11,standard,499.0,0.0,0,499.0
U2160,2025-09,Standard,499.0,10.0,No,449.1
U2390,Dec-2025,STANDARD,499.0,20.0,No,399.2
U1537,11/01/2025,basic ,199.0,0.0,0,199.0
U1440,08/01/2025,STANDARD,499.0,0.0,False,499.0
U2201,2025-10,Standard,499.0,0.0,False,499.0
U1221,Jan-2026,Basic,199.0,0.0,0,199.0
U2360,2025-12,Premium,999.0,0.0,FALSE,999.0
U2476,2025-09,Basic,199.0,0.0,FALSE,199.0
U2125,2026-01,Standard,499.0,0.0,0,499.0
U1475,2025-10,Basic,199.0,0.0,FALSE,199.0
U1859,12/01/2025,STANDARD,499.0,0.0,True,0.0
U2044,10/01/2025,BASIC,199.0,0.0,False,199.0
U1052,Oct-2025,premium ,999.0,20.0,False,799.2
U1003,2025-10, PREMIUM,999.0,0.0,0,999.0
U2042,09/01/2025,Basic,199.0,20.0,No,159.2
U1239,09/01/2025,standard,499.0,,0,499.0
U2030,2025-12,STANDARD,499.0,0.0,0,499.0
U1243,Jan-2026,BASIC,199.0,0.0,TRUE,
U1695,Nov-2025, Standard ,,0.0,FALSE,499.0
U2485,Nov-2025,Standard,499.0,0.0,No,499.0
U1429,10/01/2025,Basic,,0.0,False,199.0
U1076,Dec-2025,Basic,199.0,0.0,False,199.0
U1965,2026-01, PREMIUM,999.0,10.0,No,899.1
U2369,2025-10,Basic,199.0,0.0,0,199.0
U1482,2025-11,standard,499.0,0.0,FALSE,499.0
U1816,01/01/2026,Basic,199.0,30.0,No,139.3
U1649,09/01/2025,basic ,199.0,0.0,FALSE,
U1891,11/01/2025,STANDARD,499.0,0.0,FALSE,499.0
U1615,2025-10, Standard ,499.0,0.0,False,499.0
U1490,09/01/2025,Premium,999.0,0.0,False,999.0
U1556,2025-11,STANDARD,499.0,10.0,0,449.1
U2322,2025-10, PREMIUM,999.0,0.0,No,999.0
U1761,12/01/2025,standard,499.0,0.0,No,499.0
U2366,08/01/2025,Basic,199.0,0.0,No,199.0
U1544,Oct-2025,standard,499.0,0.0,FALSE,499.0
U1102,Oct-2025,standard,499.0,0.0,0,499.0
U1924,08/01/2025,STANDARD,499.0,0.0,0,499.0
U1573,2025-11,basic ,199.0,,No,
 U1934 ,09/01/2025, Standard ,499.0,0.0,0,499.0
U1126,2025-09,Premium,999.0,0.0,FALSE,999.0
U2036,2025-08,premium ,999.0,0.0,0,999.0
U1190,2025-09,standard,499.0,20.0,No,399.2
U1191,Oct-2025, PREMIUM,999.0,0.0,FALSE,999.0
U1876,Dec-2025,premium ,999.0,0.0,FALSE,999.0
U1794,Nov-2025,Premium,999.0,0.0,0,999.0
U1326,Nov-2025,Standard,499.0,0.0,FALSE,499.0
U2201,01/01/2026, Standard ,499.0,0.0,False,499.0
U2325,Sep-2025,Premium,999.0,0.0,0,999.0
U1280,Nov-2025,Basic,199.0,0.0,No,199.0
U1322,2025-09,basic ,199.0,30.0,FALSE,139.3
U1222,2025-09,STANDARD,499.0,0.0,0,499.0
U1010,Sep-2025,Premium,999.0,0.0,False,999.0
U1345,08/01/2025,basic ,199.0,,False,199.0
U1341,12/01/2025,Standard,499.0,0.0,FALSE,499.0
U2411,2025-11,Premium,999.0,0.0,0,999.0
U1147,Oct-2025,Basic,199.0,0.0,No,199.0
U2155,09/01/2025,standard,499.0,0.0,0,
U1150,09/01/2025,Basic,199.0,0.0,FALSE,199.0
U1998,Dec-2025,Basic,199.0,0.0,0,199.0
U2065,Jan-2026,Premium,999.0,20.0,Yes,0.0
U1953,2025-10,Basic,199.0,0.0,No,199.0
U2354,12/01/2025,BASIC,199.0,0.0,0,199.0
U1155,2025-11,premium ,999.0,0.0,No,999.0
U2200,Oct-2025,BASIC,199.0,0.0,0,199.0
U1771,2025-11,Premium,999.0,0.0,False,999.0
U1735,09/01/2025, Standard ,499.0,0.0,No,499.0
U1289,2025-09,Premium,999.0,30.0,False,699.3
U1199,01/01/2026,BASIC,199.0,0.0,No,199.0
U1328,01/01/2026,BASIC,199.0,0.0,FALSE,199.0
U1082,2026-01,standard,499.0,,No,499.0
U1465,2025-08,Premium,999.0,0.0,False,999.0
U1492,11/01/2025,Standard,499.0,0.0,No,499.0
U1936,08/01/2025,STANDARD,499.0,0.0,False,499.0
U1728,11/01/2025, PREMIUM,999.0,0.0,0,999.0
U1489,09/01/2025,Standard,499.0,10.0,0,449.1
U2063,12/01/2025, Standard ,499.0,0.0,FALSE,499.0
U2267,Dec-2025,standard,499.0,,No,349.3
U2028,12/01/2025,Standard,499.0,0.0,False,499.0
 U1089 ,2025-09,Premium,999.0,0.0,0,999.0
U1809,Jan-2026,standard,499.0,0.0,FALSE,499.0
 U1568 ,2025-09,standard,499.0,0.0,No,499.0
U1393,Sep-2025, Standard ,499.0,10.0,0,449.1
U1214,Aug-2025,Basic,199.0,0.0,False,199.0
U2067,2025-10,standard,499.0,0.0,FALSE,499.0
U1064,2026-01,Basic,199.0,0.0,No,-1.0
U2020,Oct-2025,premium ,999.0,0.0,FALSE,999.0
U1717,11/01/2025,STANDARD,499.0,0.0,FALSE,499.0
U1919,Oct-2025,Basic,199.0,0.0,False,199.0
U2004,10/01/2025,standard,499.0,0.0,0,499.0
U1000,2025-12,Basic,199.0,0.0,No,199.0
U2338,Oct-2025,Basic,199.0,0.0,No,199.0
U2248,Dec-2025,basic ,199.0,0.0,True,
U1885,08/01/2025, Standard ,499.0,0.0,No,499.0
U1988,09/01/2025,basic ,199.0,0.0,False,199.0
U2495,12/01/2025,basic ,199.0,10.0,0,179.1
U1783,12/01/2025,Standard,499.0,0.0,FALSE,499.0
U1443,2026-01,basic ,199.0,0.0,No,199.0
U1325,2025-10,BASIC,199.0,0.0,FALSE,199.0
U2042,2025-08,Basic,199.0,0.0,0,199.0
U2326,01/01/2026,standard,499.0,0.0,No,499.0
U2321,2025-08,basic ,199.0,30.0,No,139.3
U2093,10/01/2025,Premium,999.0,0.0,No,999.0
U1657,09/01/2025,standard,499.0,0.0,0,499.0
U1640,2025-10,Basic,199.0,0.0,0,199.0
U1127,2025-12,Basic,199.0,30.0,FALSE,139.3
U1017,2025-08,Standard,499.0,0.0,False,499.0
U2107,Dec-2025,basic ,199.0,0.0,0,199.0
U1139,Nov-2025,premium ,999.0,0.0,FALSE,999.0
U2159,10/01/2025,Premium,999.0,0.0,FALSE,999.0
U2111,2026-01,premium ,999.0,0.0,FALSE,999.0
U2225,2025-12,Standard,499.0,0.0,No,499.0
U1006,11/01/2025,BASIC,199.0,0.0,False,199.0
U2455,Oct-2025,Basic,199.0,0.0,0,199.0
U1811,Jan-2026, Standard ,499.0,30.0,False,349.3
U1741,2025-10,Basic,199.0,0.0,0,199.0
U1230,Nov-2025, PREMIUM,999.0,0.0,FALSE,999.0
U2470,12/01/2025,BASIC,199.0,0.0,0,199.0
U2352,12/01/2025,Basic,199.0,0.0,FALSE,199.0
U1858,2025-10,standard,499.0,10.0,No,449.1
U1846,Aug-2025,STANDARD,,10.0,False,449.1
U1452,Jan-2026,standard,499.0,0.0,0,499.0
U1059,10/01/2025,STANDARD,499.0,0.0,FALSE,499.0
U2014,Aug-2025,basic ,199.0,0.0,0,199.0
U2071,2025-11,standard,499.0,0.0,0,499.0
U1226,2026-01,Basic,199.0,0.0,No,199.0
U2263,Sep-2025,basic ,199.0,0.0,FALSE,199.0
U1178,10/01/2025, Standard ,499.0,0.0,FALSE,-1.0
U1506,2025-11,Premium,999.0,0.0,FALSE,999.0
U1541,Dec-2025,BASIC,199.0,30.0,No,139.3
U1108,2026-01,STANDARD,499.0,0.0,False,499.0
U2017,10/01/2025,STANDARD,499.0,0.0,FALSE,
U1513,Dec-2025,BASIC,199.0,0.0,TRUE,
U1141,12/01/2025,Basic,199.0,0.0,False,199.0
U2342,12/01/2025,Basic,199.0,0.0,FALSE,199.0
U1764,Jan-2026,Basic,199.0,0.0,False,199.0
U1302,01/01/2026,Basic,199.0,0.0,FALSE,199.0
U1699,2026-01,STANDARD,499.0,0.0,No,499.0
U1269,12/01/2025,Premium,999.0,10.0,0,899.1
U1030,Jan-2026,basic ,199.0,0.0,0,199.0
U1434,10/01/2025,Basic,199.0,30.0,0,139.3
U1756,2025-08, Standard ,499.0,0.0,FALSE,499.0
U1528,Oct-2025,Premium,999.0,0.0,False,999.0
U1756,Sep-2025, Standard ,499.0,0.0,False,
U1537,09/01/2025,Standard,499.0,20.0,FALSE,399.2
U2067,Dec-2025,STANDARD,499.0,20.0,FALSE,399.2
U2107,10/01/2025,Basic,199.0,0.0,False,199.0
U1815,10/01/2025,Premium,999.0,0.0,0,999.0
U1379,09/01/2025,BASIC,199.0,30.0,0,139.3
U1988,09/01/2025,basic ,199.0,0.0,False,199.0
U1854,Jan-2026,Basic,199.0,30.0,FALSE,139.3
U1194,Oct-2025,standard,499.0,20.0,0,399.2
U1923,2025-12,Basic,199.0,0.0,0,199.0
U1152,11/01/2025,STANDARD,,0.0,FALSE,499.0
U1576,Dec-2025, Standard ,499.0,0.0,FALSE,499.0
U1761,2025-10,STANDARD,499.0,20.0,0,399.2
U1516,01/01/2026,basic ,199.0,20.0,No,159.2
U1119,2025-12,Premium,999.0,0.0,No,999.0
U1604,01/01/2026,Basic,199.0,0.0,False,199.0
U2290,2025-08, PREMIUM,999.0,0.0,False,999.0
U1240,2025-12,standard,499.0,0.0,Yes,0.0
U1316,Oct-2025,STANDARD,499.0,30.0,No,349.3
U2143,Nov-2025,Standard,499.0,0.0,0,499.0
U1812,2025-10,STANDARD,,0.0,No,499.0
U1189,2026-01, Standard ,499.0,0.0,0,499.0
U1582,2026-01,Basic,199.0,10.0,FALSE,179.1
U2487,Aug-2025,STANDARD,499.0,0.0,FALSE,499.0
U1242,Dec-2025,standard,499.0,0.0,FALSE,499.0
U1023,2025-11,premium ,999.0,0.0,No,
U1140,2025-11,Basic,199.0,0.0,0,199.0
U1556,Oct-2025,STANDARD,499.0,0.0,False,499.0
U1587,01/01/2026,Basic,199.0,0.0,FALSE,199.0
U1940,2025-10,basic ,199.0,0.0,No,199.0
U1786,12/01/2025,Basic,199.0,0.0,FALSE,199.0
U2090,2025-11,BASIC,199.0,0.0,False,199.0
U2384,Oct-2025,premium ,999.0,0.0,FALSE,999.0
U1897,09/01/2025,premium ,999.0,20.0,No,799.2
U1697,Jan-2026,BASIC,199.0,0.0,0,199.0
U1336,2025-11,Premium,999.0,0.0,False,999.0
U1187,10/01/2025,Premium,999.0,30.0,Yes,0.0
U2330,2025-09,BASIC,199.0,0.0,1,0.0
U1883,Aug-2025,Basic,199.0,0.0,False,
U2080,2026-01,Basic,199.0,0.0,FALSE,199.0
U2454,2025-10,Standard,499.0,0.0,0,499.0
U2159,12/01/2025,premium ,999.0,0.0,No,999.0
U1261,2025-09,BASIC,199.0,0.0,1,0.0
U1643,12/01/2025,premium ,999.0,0.0,FALSE,999.0
U1381,Aug-2025,Standard,499.0,0.0,False,499.0
U1178,Aug-2025,Standard,499.0,0.0,0,499.0
U1923,2025-09,BASIC,199.0,0.0,False,199.0
U1288,2025-09,standard,499.0,0.0,False,499.0
U1895,01/01/2026,Standard,499.0,0.0,No,499.0
U2131,2025-12,Standard,499.0,0.0,No,499.0
U1920,2026-01,BASIC,199.0,0.0,0,199.0
U1777,2025-10,BASIC,199.0,0.0,FALSE,199.0
U1626,2025-08,Premium,999.0,0.0,No,999.0
U1296,2025-09,standard,499.0,0.0,False,499.0
U2244,Oct-2025, PREMIUM,999.0,0.0,FALSE,999.0
U1504,2025-10,Premium,999.0,20.0,False,799.2
U1569,2025-08,Basic,199.0,0.0,False,199.0
U2384,08/01/2025,premium ,999.0,0.0,FALSE,999.0
U2201,08/01/2025,Premium,999.0,0.0,FALSE,999.0
U2300,Dec-2025,BASIC,199.0,0.0,0,199.0
U1269,01/01/2026,Premium,999.0,0.0,0,999.0
U1964,11/01/2025,premium ,999.0,0.0,False,999.0
U1656,Nov-2025,Premium,999.0,20.0,0,799.2
U1607,10/01/2025,BASIC,199.0,10.0,False,179.1
U1113,2026-01,Premium,999.0,10.0,1,0.0
U2294,2025-08,Standard,,0.0,No,499.0
U1554,2026-01,BASIC,199.0,0.0,No,199.0
U1710,10/01/2025, Standard ,499.0,10.0,No,449.1
U2296,Oct-2025,Basic,199.0,0.0,FALSE,199.0
U1170,Dec-2025,BASIC,199.0,20.0,No,159.2
U2468,2025-10,Basic,199.0,0.0,FALSE,199.0
U1221,2025-09,BASIC,199.0,0.0,No,199.0
U2124,11/01/2025,STANDARD,499.0,0.0,False,499.0
U1006,2025-09,basic ,199.0,0.0,No,199.0
U1319,Nov-2025,Basic,199.0,0.0,FALSE,199.0
U2433,2025-11,standard,499.0,30.0,False,349.3
U2235,08/01/2025,Premium,999.0,0.0,No,999.0
U1182,2025-12,BASIC,199.0,30.0,TRUE,0.0
U2328,10/01/2025,Basic,199.0,0.0,0,199.0
 U2328 ,09/01/2025,Basic,199.0,0.0,False,199.0
U2481,Oct-2025,standard,499.0,0.0,0,499.0
U2391,Dec-2025,STANDARD,499.0,0.0,False,499.0
U1031,Nov-2025,Basic,199.0,0.0,0,199.0
U1628,Oct-2025,STANDARD,499.0,,No,449.1
U1651,2025-09,premium ,999.0,0.0,No,999.0
U1770,2025-12,BASIC,199.0,0.0,No,199.0
U1480,01/01/2026,BASIC,,10.0,True,0.0
U1104,2025-11,Premium,999.0,0.0,No,999.0
U1226,Oct-2025,STANDARD,499.0,0.0,False,499.0
U2036,Dec-2025,Premium,999.0,0.0,0,999.0
U2175,Nov-2025,Basic,199.0,0.0,0,199.0
U1101,Sep-2025,Basic,199.0,0.0,False,199.0
U2215,Jan-2026,basic ,,0.0,FALSE,199.0
U1404,Sep-2025,BASIC,199.0,0.0,False,199.0
U2304,Jan-2026,Standard,499.0,0.0,False,499.0
U2342,Nov-2025,Basic,199.0,0.0,No,199.0
U2008,Aug-2025,Basic,199.0,0.0,FALSE,199.0
U1518,Jan-2026,Premium,999.0,10.0,0,899.1
U2301,2026-01,BASIC,199.0,0.0,FALSE,199.0
U1799,2025-12,BASIC,199.0,0.0,False,199.0
U1411,2025-09,basic ,199.0,20.0,False,159.2
U1065,12/01/2025,basic ,199.0,30.0,0,139.3
U1842,2025-08,Standard,499.0,10.0,FALSE,449.1
U2048,2025-10,Basic,199.0,0.0,False,199.0
U2091,Nov-2025,premium ,999.0,0.0,0,999.0
U1395,Jan-2026, PREMIUM,999.0,0.0,False,999.0
U1366,Oct-2025,Premium,999.0,0.0,FALSE,999.0
U1227,2025-09,Basic,199.0,0.0,False,199.0
U1427,Dec-2025,premium ,999.0,0.0,No,999.0
U1334,2025-12,basic ,199.0,10.0,False,179.1
U2232,12/01/2025,Basic,199.0,30.0,No,139.3
U2429,Jan-2026,premium ,999.0,0.0,No,999.0
U1746,Nov-2025,Basic,199.0,0.0,FALSE,199.0
U1487,2025-11,basic ,199.0,0.0,No,199.0
U2379,11/01/2025, PREMIUM,999.0,0.0,FALSE,999.0
U1305,2025-10,Premium,999.0,0.0,0,999.0
U2153,01/01/2026, Standard ,499.0,,TRUE,0.0
U1218,2026-01,Standard,499.0,0.0,No,499.0
U2384,Dec-2025, PREMIUM,999.0,0.0,False,999.0
U1673,Dec-2025,STANDARD,499.0,0.0,False,499.0
U1002,Sep-2025,Premium,999.0,0.0,False,999.0
U2285,Dec-2025,Standard,499.0,0.0,FALSE,499.0
U1544,08/01/2025,STANDARD,499.0,0.0,FALSE,499.0
U1988,2025-08,basic ,199.0,0.0,0,199.0
U2177,2025-11, Standard ,499.0,0.0,FALSE,499.0
U1712,Aug-2025,Basic,199.0,0.0,No,199.0
U1905,08/01/2025,STANDARD,499.0,0.0,No,-1.0
U2231,Aug-2025,BASIC,199.0,0.0,No,199.0
U2237,2025-08,basic ,199.0,0.0,0,199.0
U1578,Oct-2025,Standard,499.0,0.0,FALSE,499.0
U1311,Dec-2025,premium ,999.0,0.0,0,999.0
U2158,Oct-2025,Basic,199.0,0.0,FALSE,199.0
U1685,Nov-2025, Standard ,499.0,0.0,No,499.0
U1451,2025-09,Basic,199.0,0.0,0,199.0
U1834,2025-11,Basic,199.0,30.0,False,139.3
U1637,Sep-2025,Premium,999.0,0.0,False,999.0
U2153,Dec-2025, Standard ,499.0,0.0,0,499.0
U1563,09/01/2025,Standard,499.0,0.0,FALSE,499.0
U1999,2026-01,Basic,199.0,20.0,False,159.2
U1638,12/01/2025,standard,499.0,0.0,0,499.0
U2194,Jan-2026,BASIC,199.0,0.0,0,199.0
U2468,2025-12,BASIC,199.0,0.0,0,199.0
U1106,10/01/2025,Standard,499.0,,No,499.0
U1948,Nov-2025,Basic,199.0,30.0,FALSE,-1.0
U2147,Jan-2026,Standard,499.0,0.0,Yes,0.0
U1743,10/01/2025, Standard ,499.0,0.0,False,499.0
U1996,2025-12,Basic,199.0,0.0,False,199.0
U2442,2025-09,STANDARD,499.0,0.0,False,499.0
U1617,Aug-2025,STANDARD,499.0,0.0,0,499.0
U1337,Dec-2025,Basic,199.0,0.0,FALSE,199.0
U1598,2026-01, Standard ,499.0,0.0,0,499.0
U2134,2026-01,Basic,199.0,10.0,0,179.1
U1142,Sep-2025,Premium,999.0,0.0,FALSE,999.0
U1339,01/01/2026, Standard ,499.0,,False,399.2
U2441,Aug-2025,basic ,199.0,0.0,No,199.0
U1544,2026-01,standard,499.0,0.0,False,499.0
U2317,09/01/2025,BASIC,199.0,0.0,False,199.0
U1518,10/01/2025,Premium,999.0,0.0,0,999.0
U1761,2026-01, Standard ,499.0,0.0,No,
U1608,2025-12,Premium,999.0,0.0,0,999.0
U2182,2025-08,Premium,999.0,0.0,False,999.0
U2288,Aug-2025,standard,499.0,0.0,No,
U2127,Aug-2025,Basic,199.0,0.0,False,199.0
U2482,2025-12,Premium,999.0,0.0,0,999.0
U1215,2025-08,Basic,199.0,0.0,No,199.0
U2054,09/01/2025,Basic,,0.0,0,199.0
U1579,08/01/2025,basic ,199.0,0.0,0,199.0
U1614,11/01/2025,STANDARD,499.0,30.0,FALSE,349.3
U2155,Oct-2025, Standard ,499.0,0.0,False,499.0
U1661,2025-09,standard,499.0,20.0,FALSE,399.2
U2492,Oct-2025,Basic,199.0,0.0,0,199.0
U1602,Sep-2025,Standard,499.0,0.0,0,499.0
U1128,2025-10,Basic,199.0,0.0,False,199.0
U1555,2025-11,basic ,199.0,0.0,No,199.0
U1433,Nov-2025,Basic,199.0,0.0,False,
U1038,2025-10,BASIC,199.0,,FALSE,199.0
U2276,2025-12,Basic,199.0,0.0,FALSE,199.0
U1754,Sep-2025,basic ,199.0,0.0,No,199.0
U1997,2025-11,BASIC,199.0,0.0,1,0.0
U2414,2025-11, PREMIUM,999.0,0.0,0,999.0
U1912,08/01/2025,premium ,999.0,0.0,False,999.0
U1668,2026-01, Standard ,499.0,0.0,No,499.0
U2417,2025-09, PREMIUM,999.0,20.0,0,799.2
U1512,2025-12,basic ,199.0,0.0,FALSE,199.0
 U1773 ,Sep-2025, Standard ,499.0,0.0,False,499.0
U1861,Oct-2025,standard,499.0,,0,499.0
U1060,11/01/2025,Basic,199.0,0.0,False,199.0
U1665,2025-09,Standard,499.0,0.0,0,499.0
U1025,2025-08,STANDARD,,0.0,0,499.0
U2120,2025-12,basic ,199.0,0.0,FALSE,199.0
U2056,Dec-2025, Standard ,499.0,0.0,False,499.0
U1642,Oct-2025,Standard,499.0,0.0,True,0.0
U2465,2025-10,Standard,499.0,0.0,TRUE,0.0
U1659,10/01/2025,Premium,999.0,0.0,No,999.0
U1961,10/01/2025,STANDARD,499.0,0.0,No,499.0
U1665,11/01/2025,STANDARD,499.0,0.0,Yes,
U2489,09/01/2025, PREMIUM,999.0,,False,999.0
U1067,08/01/2025,premium ,999.0,0.0,No,999.0
U1322,2026-01,basic ,199.0,30.0,0,139.3
U2032,2025-12,standard,499.0,0.0,No,499.0
U1010,Nov-2025, Standard ,499.0,30.0,False,349.3
U1249,2025-09,STANDARD,499.0,10.0,FALSE,449.1
U1143,Dec-2025,Basic,199.0,0.0,FALSE,199.0
U1842,Oct-2025,Basic,199.0,10.0,FALSE,179.1
U2499,12/01/2025,basic ,199.0,30.0,False,139.3
U1516,2025-10, Standard ,499.0,0.0,FALSE,499.0
U2272,Dec-2025, PREMIUM,999.0,20.0,No,799.2
U2087,12/01/2025,basic ,199.0,0.0,False,199.0
U1982,2025-12,premium ,999.0,0.0,FALSE,999.0
U2324,10/01/2025,BASIC,199.0,0.0,No,199.0
U1062,09/01/2025,Standard,499.0,0.0,FALSE,499.0
U2386,2025-09,Basic,199.0,0.0,No,199.0
U1474,2025-10,Basic,199.0,,0,139.3
U1891,2025-08,Standard,499.0,0.0,No,499.0
U1949,2025-11,Basic,199.0,20.0,False,159.2
U1783,Nov-2025,STANDARD,499.0,20.0,No,399.2
U1849,10/01/2025,basic ,199.0,0.0,No,199.0
U1537,Dec-2025,BASIC,199.0,0.0,0,199.0
U2261,12/01/2025, PREMIUM,999.0,20.0,FALSE,799.2
U2071,2025-08,STANDARD,499.0,0.0,FALSE,499.0
U1164,11/01/2025,Basic,199.0,10.0,False,179.1
U1530,2026-01,Premium,999.0,0.0,FALSE,999.0
U1522,10/01/2025,STANDARD,499.0,0.0,0,499.0
U1996,Aug-2025,standard,499.0,0.0,FALSE,499.0
U2398,2025-08,Premium,999.0,0.0,FALSE,999.0
U1888,12/01/2025,STANDARD,499.0,0.0,FALSE,499.0
U1021,12/01/2025, Standard ,499.0,10.0,0,449.1
U1129,01/01/2026,Basic,199.0,0.0,0,199.0
 U2499 ,2026-01,BASIC,199.0,10.0,FALSE,179.1
U1545,Oct-2025,Basic,199.0,0.0,0,199.0
U1485,Jan-2026,BASIC,199.0,0.0,False,199.0
U1786,2025-09,Basic,199.0,0.0,0,199.0
U1174,10/01/2025,BASIC,,0.0,False,199.0
U1196,01/01/2026,basic ,199.0,0.0,False,199.0
U1293,08/01/2025, PREMIUM,999.0,0.0,No,999.0
U1710,11/01/2025,Standard,499.0,0.0,False,499.0
U1981,2025-08,Basic,199.0,0.0,False,199.0
U1879,2026-01,standard,499.0,0.0,No,499.0
U2237,Sep-2025,Basic,199.0,0.0,0,199.0
U1740,2025-09,Standard,499.0,10.0,FALSE,449.1
U2321,Dec-2025,basic ,199.0,10.0,0,179.1
U1791,09/01/2025, Standard ,499.0,0.0,1,0.0
U1778,Jan-2026,BASIC,199.0,0.0,FALSE,199.0
U1651,Dec-2025, PREMIUM,999.0,0.0,No,999.0
U1600,01/01/2026,Premium,999.0,0.0,FALSE,999.0
U1538,Nov-2025,Basic,199.0,0.0,No,199.0
U1256,Nov-2025,Premium,999.0,0.0,False,
U1361,Sep-2025,STANDARD,499.0,0.0,No,499.0
U2187,Oct-2025,Basic,199.0,0.0,No,199.0
U1249,12/01/2025,STANDARD,499.0,0.0,No,499.0
U2292,2025-11,basic ,199.0,0.0,0,199.0
U1809,10/01/2025,Standard,,0.0,No,499.0
U1698,Jan-2026, Standard ,499.0,0.0,0,499.0
U1788,12/01/2025,STANDARD,499.0,0.0,0,499.0
U1412,Jan-2026,standard,499.0,0.0,FALSE,499.0
U1033,Jan-2026,BASIC,199.0,0.0,0,-1.0
U1567,2025-09,Basic,199.0,0.0,False,199.0
U1799,09/01/2025,BASIC,199.0,0.0,False,199.0
U1853,Jan-2026,standard,499.0,0.0,FALSE,499.0
U1569,12/01/2025,Basic,199.0,0.0,No,199.0
U1174,Nov-2025,basic ,199.0,0.0,FALSE,199.0
U2046,2025-12, PREMIUM,999.0,30.0,True,0.0
U2019,Sep-2025,BASIC,199.0,0.0,FALSE,199.0
U2440,2025-11,standard,499.0,0.0,FALSE,499.0
U2010,Dec-2025,Standard,,0.0,FALSE,499.0
U2434,2025-08,Basic,199.0,0.0,False,199.0
U1632,Sep-2025,Premium,999.0,0.0,No,999.0
U2033,11/01/2025,premium ,999.0,0.0,No,999.0
U1320,2025-08,basic ,199.0,0.0,False,199.0
U2432,12/01/2025,Basic,199.0,0.0,FALSE,199.0
U2156,08/01/2025,Standard,499.0,0.0,False,499.0
U2224,Jan-2026,basic ,199.0,0.0,No,199.0
U1116,09/01/2025,Standard,499.0,10.0,FALSE,449.1
U2364,09/01/2025,Basic,199.0,10.0,No,179.1
U1941,11/01/2025,STANDARD,499.0,,0,
U2347,12/01/2025,basic ,,20.0,FALSE,159.2
U1239,Dec-2025,Standard,499.0,,No,499.0
U1554,10/01/2025,Basic,199.0,0.0,0,199.0
U1712,Jan-2026,BASIC,199.0,0.0,0,199.0
U1627,2025-10,STANDARD,499.0,10.0,False,449.1
U2188,08/01/2025,STANDARD,499.0,0.0,No,499.0
U1205,2025-08,premium ,999.0,0.0,0,999.0
U1248,2025-09, Standard ,499.0,0.0,0,499.0
U1907,Jan-2026,basic ,199.0,0.0,0,199.0
U1219,Dec-2025,standard,499.0,0.0,0,499.0
U2017,09/01/2025,Standard,499.0,0.0,FALSE,499.0
U2473,10/01/2025,Basic,199.0,0.0,Yes,0.0
U1341,11/01/2025,Standard,499.0,0.0,False,
U1985,08/01/2025,BASIC,199.0,0.0,0,199.0
U1089,08/01/2025,premium ,999.0,0.0,0,999.0
U2101,2025-10,Premium,999.0,0.0,No,999.0
U2469,Nov-2025, Standard ,499.0,0.0,FALSE,499.0
U2137,2026-01,Premium,999.0,10.0,No,899.1
U1346,2025-08,basic ,199.0,0.0,False,199.0
U1870,Oct-2025,standard,499.0,0.0,False,499.0
U1357,2025-11,premium ,999.0,0.0,False,999.0
U2415,11/01/2025, Standard ,499.0,0.0,FALSE,-1.0
U1531,2026-01,Basic,199.0,0.0,0,199.0
U1582,2025-11,BASIC,199.0,0.0,False,199.0
U2154,Nov-2025,basic ,199.0,10.0,False,179.1
U2228,Oct-2025,STANDARD,499.0,0.0,False,499.0
U1638,Oct-2025,STANDARD,499.0,0.0,No,499.0
U2462,Dec-2025,basic ,199.0,0.0,False,199.0
U1686,09/01/2025,standard,499.0,0.0,No,499.0
U1216,01/01/2026,Basic,199.0,20.0,False,159.2
U2155,Nov-2025,Standard,499.0,0.0,FALSE,499.0
U1872,08/01/2025, PREMIUM,999.0,0.0,0,999.0
U1986,2025-10,Basic,199.0,30.0,0,139.3
U1741,Nov-2025,BASIC,,0.0,No,199.0
U2451,2025-10, PREMIUM,,0.0,No,999.0
U1705,2025-08, Standard ,499.0,0.0,False,499.0
U1336,12/01/2025, PREMIUM,999.0,,0,999.0
U1329,Nov-2025,Basic,199.0,0.0,No,199.0
U2095,Oct-2025,Basic,199.0,0.0,No,199.0
U1615,Jan-2026, Standard ,499.0,0.0,False,499.0
U2127,2025-12,basic ,199.0,20.0,FALSE,159.2
U2217,Nov-2025,Standard,499.0,0.0,0,499.0
U1721,11/01/2025,BASIC,199.0,0.0,No,-1.0
U1375,Dec-2025, Standard ,499.0,0.0,False,499.0
U1396,01/01/2026, Standard ,499.0,20.0,No,399.2
U1387,01/01/2026,basic ,199.0,0.0,False,199.0
U2198,Nov-2025,basic ,199.0,0.0,FALSE,199.0
U1870,Sep-2025,STANDARD,499.0,0.0,No,499.0
U1739,Aug-2025,standard,499.0,0.0,True,0.0
U1115,Oct-2025,Basic,199.0,0.0,0,199.0
U1605,12/01/2025,Standard,499.0,0.0,False,499.0
U1464,2025-12,BASIC,199.0,0.0,FALSE,199.0
U1992,2026-01,basic ,199.0,20.0,False,159.2
U2300,09/01/2025,basic ,199.0,0.0,No,199.0
U1247,2026-01,Basic,199.0,0.0,No,199.0
U2385,2025-09,premium ,999.0,0.0,0,999.0
U1581,Oct-2025,BASIC,199.0,0.0,False,199.0
U2362,Nov-2025,BASIC,199.0,0.0,No,199.0
U1262,Jan-2026,basic ,199.0,0.0,No,199.0
U2000,Aug-2025,premium ,999.0,0.0,No,999.0
U2205,Oct-2025,Basic,199.0,,No,199.0
U2354,09/01/2025,basic ,199.0,0.0,No,199.0
U1423,2025-10, Standard ,,0.0,No,499.0
U2379,08/01/2025,Premium,999.0,0.0,FALSE,999.0
U1146,08/01/2025, Standard ,499.0,0.0,No,499.0
U1314,12/01/2025,Basic,199.0,0.0,Yes,0.0
U2405,Sep-2025, PREMIUM,999.0,0.0,No,999.0
U1255,10/01/2025,Basic,199.0,0.0,FALSE,199.0
U1521,12/01/2025,Standard,499.0,,FALSE,499.0
U2018,2025-10,premium ,999.0,10.0,True,0.0
U1994,10/01/2025,BASIC,199.0,0.0,FALSE,199.0
U1348,Sep-2025,basic ,199.0,0.0,False,199.0
U2161,2026-01,Premium,999.0,0.0,TRUE,0.0
U2356,2025-12,Premium,999.0,30.0,No,699.3
U2070,09/01/2025,Standard,499.0,0.0,No,499.0
U1382,2025-11,STANDARD,499.0,10.0,No,449.1
U1656,Jan-2026,Premium,999.0,20.0,No,799.2
U2286,10/01/2025,Basic,199.0,0.0,False,199.0
U2418,2025-08,Basic,199.0,0.0,False,199.0
U1272,11/01/2025, Standard ,499.0,0.0,FALSE,499.0
U1593,2026-01,Basic,199.0,0.0,FALSE,199.0
U1759,09/01/2025,Standard,,0.0,FALSE,499.0
U1408,Aug-2025,standard,499.0,0.0,Yes,0.0
U1919,Aug-2025,Basic,199.0,0.0,No,199.0
U2184,Aug-2025, PREMIUM,999.0,0.0,FALSE,999.0
U1275,2026-01,Standard,499.0,0.0,False,499.0
U2062,11/01/2025, Standard ,499.0,20.0,FALSE,399.2
U1984,12/01/2025,Basic,199.0,20.0,No,159.2
U2369,Dec-2025,Basic,199.0,0.0,0,199.0
U1531,Dec-2025,BASIC,199.0,0.0,False,199.0
U1939,08/01/2025,Premium,999.0,10.0,FALSE,899.1
U2128,Nov-2025,standard,499.0,0.0,0,499.0
U1989,Dec-2025,Premium,999.0,0.0,FALSE,999.0
U2346,12/01/2025,Basic,199.0,0.0,0,199.0
U2438,11/01/2025, Standard ,499.0,0.0,1,0.0
U2114,10/01/2025,Premium,999.0,30.0,No,699.3
U2158,2025-12,BASIC,199.0,0.0,False,199.0
U1079,2025-12,Premium,999.0,0.0,No,999.0
U1901,Sep-2025,premium ,999.0,0.0,FALSE,999.0
U1410,Jan-2026,Basic,199.0,20.0,1,0.0
U1441,2025-10,Basic,199.0,30.0,FALSE,139.3
U2219,2025-12,Premium,999.0,0.0,False,
U1520,2025-10,basic ,199.0,0.0,0,199.0
U1695,2025-08, Standard ,,0.0,False,499.0
U1423,12/01/2025,BASIC,199.0,0.0,No,199.0
U2110,Dec-2025,Basic,199.0,0.0,True,0.0
U2086,2025-12,Basic,199.0,10.0,FALSE,179.1
U2289,2025-10,basic ,199.0,0.0,FALSE,199.0
U2076,2025-08,STANDARD,499.0,0.0,False,499.0
U2098,Dec-2025,STANDARD,499.0,30.0,False,349.3
U2274,2025-12,Premium,999.0,0.0,False,999.0
U1752,2025-10, Standard ,499.0,0.0,False,499.0
U1586,Aug-2025,Standard,499.0,0.0,No,
U1493,Sep-2025, PREMIUM,999.0,0.0,0,999.0
U2459,01/01/2026,premium ,999.0,0.0,False,999.0
U2347,08/01/2025,Basic,199.0,0.0,0,199.0
U1623,2025-08,Premium,,0.0,0,999.0
U1103,2026-01,Basic,199.0,30.0,False,139.3
U2287,2025-10,Basic,199.0,0.0,False,199.0
U2213,2025-12, Standard ,499.0,0.0,False,499.0
U1034,Nov-2025,STANDARD,499.0,0.0,FALSE,499.0
U1634,08/01/2025, PREMIUM,999.0,0.0,False,999.0
U1758,2025-10,Premium,999.0,0.0,0,999.0
U2397,2025-09, Standard ,499.0,0.0,No,
U1413,Sep-2025,premium ,999.0,0.0,False,999.0
U1925,2025-12, Standard ,499.0,30.0,0,349.3
U1227,2025-11,BASIC,199.0,0.0,0,199.0
U1243,12/01/2025,basic ,199.0,0.0,No,199.0
U1262,09/01/2025,BASIC,199.0,,False,199.0
U1250,Jan-2026,STANDARD,499.0,0.0,False,499.0
U2282,2025-12,STANDARD,499.0,0.0,FALSE,499.0
U1009,2025-11,Premium,999.0,0.0,0,999.0
U2234,2025-08,Standard,499.0,0.0,False,499.0
U1695,2025-10,standard,499.0,0.0,0,499.0
U2201,2025-12,standard,499.0,20.0,No,399.2
U2318,Oct-2025,premium ,999.0,0.0,0,999.0
U1623,10/01/2025, PREMIUM,999.0,0.0,FALSE,999.0
 U1631 ,2025-09,standard,499.0,20.0,No,399.2
U1921,Sep-2025,BASIC,199.0,0.0,No,199.0
U2149,12/01/2025,Premium,999.0,0.0,No,999.0
U2385,2025-12, PREMIUM,999.0,10.0,No,899.1
U1992,Sep-2025,Standard,499.0,0.0,False,499.0
U1728,Sep-2025,Premium,999.0,0.0,False,999.0
U1431,2025-12,Standard,499.0,30.0,False,349.3
U1949,2025-12,basic ,199.0,0.0,No,199.0
U2252,01/01/2026, Standard ,499.0,0.0,FALSE,499.0
U1722,11/01/2025,BASIC,199.0,0.0,FALSE,199.0
U1069,2025-11, PREMIUM,999.0,0.0,No,999.0
U1843,01/01/2026,basic ,,0.0,No,199.0
U2458,01/01/2026,Basic,199.0,0.0,False,199.0
U2221,12/01/2025,basic ,199.0,0.0,No,199.0
U1581,2025-09,Basic,199.0,0.0,False,199.0
U1860,2025-08,Basic,199.0,10.0,False,179.1
U2464,10/01/2025, PREMIUM,999.0,0.0,FALSE,999.0
U1916,2026-01,basic ,,0.0,No,199.0
U1175,10/01/2025,Premium,999.0,0.0,No,999.0
U1681,2025-09,premium ,999.0,0.0,FALSE,999.0
U1027,2025-12,Premium,,10.0,0,899.1
U1290,Aug-2025, PREMIUM,999.0,0.0,False,999.0
U1298,2025-08,Premium,999.0,0.0,FALSE,999.0
U2455,09/01/2025,basic ,199.0,,0,199.0
U1629,2025-09,BASIC,199.0,0.0,No,
U1889,11/01/2025,standard,499.0,0.0,False,499.0
U1064,Aug-2025,BASIC,199.0,0.0,FALSE,199.0
U2135,10/01/2025,Basic,199.0,0.0,FALSE,199.0
U2266,09/01/2025,BASIC,199.0,0.0,0,199.0
U1487,2026-01,Basic,199.0,0.0,FALSE,199.0
U2486,08/01/2025,standard,499.0,0.0,FALSE,499.0
U1134,10/01/2025,Premium,999.0,0.0,False,999.0
U1805,12/01/2025,Basic,199.0,0.0,False,199.0
U1124,Aug-2025,Premium,999.0,0.0,0,999.0
U1508,2026-01,Premium,999.0,0.0,1,0.0
U1969,2025-12,Basic,199.0,,No,179.1
U1115,Sep-2025,Basic,199.0,10.0,No,179.1
U1869,Oct-2025,STANDARD,499.0,0.0,False,499.0
U1012,Dec-2025,Premium,999.0,0.0,FALSE,999.0
U2458,2025-12,basic ,199.0,0.0,True,0.0
U1251,08/01/2025,Basic,199.0,0.0,False,199.0
U1106,01/01/2026,STANDARD,499.0,0.0,False,499.0
U1366,2025-08,premium ,999.0,0.0,No,999.0
U1732,2026-01,basic ,199.0,0.0,No,199.0
U1859,Jan-2026,standard,499.0,0.0,0,499.0
U2104,Sep-2025,basic ,199.0,0.0,No,199.0
U1901,2026-01,premium ,999.0,20.0,No,799.2
U1390,Aug-2025,Basic,199.0,0.0,0,199.0
U1450,08/01/2025,basic ,199.0,0.0,False,199.0
U1614,Dec-2025,standard,499.0,20.0,No,399.2
U1908,2025-10,premium ,999.0,20.0,No,799.2
U1098,Nov-2025,basic ,199.0,0.0,0,199.0
U2254,2025-08,BASIC,199.0,0.0,False,199.0
U1084,2025-10,STANDARD,499.0,0.0,0,499.0
U2094,Oct-2025,premium ,999.0,0.0,FALSE,999.0
U2315,Sep-2025,premium ,999.0,0.0,FALSE,999.0
U1284,2025-08,standard,499.0,0.0,FALSE,499.0
U1821,2026-01,Standard,499.0,0.0,No,499.0
U1958,2025-10,STANDARD,499.0,0.0,False,499.0
U1771,2025-12, PREMIUM,999.0,10.0,No,899.1
U1443,Nov-2025,Basic,199.0,0.0,False,199.0
U1823,2025-11,BASIC,199.0,0.0,Yes,0.0
U1550,11/01/2025,STANDARD,499.0,0.0,FALSE,499.0
U1795,Dec-2025,basic ,199.0,0.0,FALSE,199.0
U1043,2026-01,premium ,999.0,0.0,0,999.0
U2258,01/01/2026,BASIC,199.0,30.0,False,139.3
U2321,2025-09,BASIC,199.0,20.0,FALSE,159.2
U1993,Oct-2025,BASIC,199.0,0.0,0,199.0
U1876,10/01/2025, PREMIUM,999.0,0.0,FALSE,999.0
U1560,Sep-2025,STANDARD,499.0,0.0,False,499.0
U1392,Jan-2026,STANDARD,499.0,0.0,0,499.0
U1278,2025-08,premium ,999.0,0.0,0,999.0
U1312,10/01/2025,Premium,999.0,0.0,1,0.0
U1071,2026-01,basic ,199.0,0.0,0,199.0
U2216,08/01/2025,BASIC,199.0,0.0,No,199.0
U1734,08/01/2025, Standard ,499.0,0.0,FALSE,499.0
U1228,2025-09,Premium,999.0,0.0,False,999.0
U1883,2025-09,Basic,199.0,10.0,False,179.1
U2456,2025-09,Basic,199.0,0.0,FALSE,199.0
U1963,01/01/2026,BASIC,199.0,30.0,No,139.3
U2119,2025-08,BASIC,199.0,0.0,FALSE,199.0
U2366,2025-11,Basic,199.0,0.0,False,199.0
U1820,12/01/2025,basic ,199.0,0.0,0,199.0
U2348,Dec-2025,standard,499.0,30.0,No,349.3
U2276,10/01/2025,STANDARD,499.0,0.0,FALSE,499.0
U1642,08/01/2025, Standard ,499.0,30.0,No,349.3
U1720,Nov-2025, PREMIUM,999.0,0.0,No,999.0
U2121,Aug-2025,Basic,199.0,0.0,0,199.0
U1147,2025-11,BASIC,199.0,0.0,No,199.0
U2303,2026-01,Basic,199.0,0.0,0,199.0
U2319,2025-10,BASIC,199.0,0.0,False,199.0
U1846,2025-12,standard,499.0,0.0,0,499.0
U2118,2025-08,standard,499.0,0.0,False,499.0
U1021,08/01/2025, Standard ,499.0,0.0,FALSE,499.0
U2423,Oct-2025,standard,499.0,0.0,FALSE,499.0
U2141,2026-01,premium ,999.0,0.0,FALSE,999.0
U2124,2025-08,Standard,499.0,10.0,No,449.1
U2380,2025-10,BASIC,199.0,0.0,No,199.0
U1808,08/01/2025,Standard,499.0,0.0,False,499.0
U1793,08/01/2025,Basic,199.0,0.0,TRUE,0.0
U1482,10/01/2025, Standard ,499.0,0.0,0,499.0
U1251,2025-12,Basic,199.0,0.0,FALSE,199.0
U1241,08/01/2025,Standard,499.0,0.0,False,499.0
U1214,01/01/2026,BASIC,199.0,0.0,No,199.0
U1497,10/01/2025,Premium,999.0,0.0,No,999.0
U2313,Aug-2025,standard,499.0,0.0,No,499.0
U2366,01/01/2026,BASIC,199.0,0.0,0,199.0
U1931,2025-10,Basic,199.0,0.0,FALSE,199.0
U1220,11/01/2025,Basic,199.0,0.0,0,199.0
U1055,Aug-2025,Basic,199.0,0.0,0,199.0
U1547,Oct-2025,STANDARD,499.0,10.0,0,449.1
U1451,2025-08,Basic,199.0,20.0,No,159.2
 U1077 ,Sep-2025,Standard,499.0,0.0,No,499.0
U1890,11/01/2025,Standard,499.0,0.0,No,499.0
U1899,08/01/2025,STANDARD,499.0,10.0,No,449.1
U1752,Aug-2025,Standard,499.0,0.0,False,499.0
U1188,12/01/2025,premium ,999.0,20.0,False,799.2
U1423,Jan-2026,Basic,199.0,0.0,No,199.0
U1955,Sep-2025,Basic,199.0,20.0,FALSE,159.2
U1510,10/01/2025, PREMIUM,999.0,0.0,FALSE,999.0
U2202,Dec-2025,standard,,20.0,True,0.0
U2476,08/01/2025,Basic,199.0,0.0,False,199.0
U1367,01/01/2026,Basic,199.0,0.0,FALSE,199.0
U2026,Dec-2025,Premium,999.0,0.0,0,999.0
U1013,2025-09,Premium,999.0,20.0,0,799.2
U1264,Oct-2025,Basic,199.0,0.0,False,199.0
U1777,Aug-2025,basic ,199.0,0.0,FALSE,199.0
U2219,Oct-2025,Premium,999.0,0.0,False,999.0
U1645,Oct-2025, Standard ,499.0,0.0,False,499.0
U2070,Jan-2026,Basic,199.0,0.0,FALSE,199.0
U1753,Sep-2025,STANDARD,499.0,0.0,0,499.0
U1219,01/01/2026, Standard ,499.0,0.0,No,499.0
U1533,2025-12,Premium,999.0,0.0,FALSE,
U1884,09/01/2025,basic ,199.0,0.0,False,199.0
U1606,2025-12,STANDARD,499.0,0.0,FALSE,499.0
U2331,2025-11,Premium,999.0,0.0,False,999.0
 U1108 ,2025-09, Standard ,499.0,0.0,False,499.0
U1647,Oct-2025,STANDARD,499.0,0.0,False,499.0
U1562,12/01/2025,basic ,,0.0,1,0.0
U2247,01/01/2026,Basic,199.0,0.0,0,199.0
U1253,Oct-2025,Standard,499.0,0.0,FALSE,499.0
U1801,2025-12,premium ,999.0,20.0,No,799.2
U1187,2026-01,Standard,499.0,0.0,FALSE,499.0
U1408,Jan-2026,STANDARD,499.0,0.0,No,499.0
U1332,2025-08,basic ,199.0,0.0,False,199.0
U1501,2025-11,premium ,999.0,0.0,FALSE,999.0
U2394,12/01/2025,BASIC,199.0,0.0,0,199.0
U1032,2025-10, Standard ,499.0,0.0,FALSE,499.0
U1936,2025-11,STANDARD,499.0,0.0,FALSE,499.0
U2261,08/01/2025,Premium,999.0,0.0,FALSE,999.0
U1740,11/01/2025, Standard ,499.0,0.0,0,499.0
U2084,11/01/2025, Standard ,,0.0,FALSE,499.0
U1648,Aug-2025, Standard ,499.0,0.0,FALSE,499.0
U2114,2025-08,Premium,999.0,0.0,False,999.0
U1793,10/01/2025,Basic,199.0,10.0,False,179.1
U1137,12/01/2025,Basic,199.0,0.0,No,199.0
U2393,2025-09,Premium,999.0,0.0,0,999.0
U2050,11/01/2025,Basic,199.0,10.0,No,179.1
U1911,11/01/2025,Basic,199.0,20.0,0,159.2
U2307,Dec-2025,BASIC,199.0,10.0,False,179.1
U1036,Nov-2025,basic ,199.0,20.0,FALSE,159.2
U1413,2025-11, PREMIUM,999.0,10.0,FALSE,899.1
U1518,Dec-2025,Premium,999.0,0.0,FALSE,999.0
U1071,10/01/2025,BASIC,199.0,0.0,FALSE,199.0
U1945,2025-09, PREMIUM,999.0,0.0,False,999.0
U2248,2025-10,BASIC,199.0,0.0,0,199.0
U1619,Jan-2026, Standard ,499.0,0.0,FALSE,499.0
U1192,Nov-2025, PREMIUM,999.0,0.0,FALSE,999.0
U1687,08/01/2025, PREMIUM,999.0,0.0,0,
U1500,Oct-2025,STANDARD,499.0,0.0,False,499.0
U1171,2025-11,Basic,199.0,0.0,False,199.0
U2479,2025-08,BASIC,199.0,0.0,0,199.0
U1870,Dec-2025, Standard ,499.0,0.0,FALSE,499.0
U2446,2025-08,premium ,999.0,0.0,No,999.0
U1862,Dec-2025,standard,499.0,0.0,False,499.0
U1400,12/01/2025,Standard,499.0,20.0,0,399.2
U1438,Aug-2025,STANDARD,499.0,0.0,No,499.0
U2052,2025-12, Standard ,499.0,0.0,0,499.0
U1797,2026-01,basic ,199.0,10.0,FALSE,179.1
U2120,01/01/2026,BASIC,199.0,0.0,0,199.0
U2125,09/01/2025,Premium,999.0,0.0,0,999.0
U1199,09/01/2025,Basic,199.0,0.0,0,199.0
U1616,Oct-2025,basic ,199.0,20.0,0,159.2
U2376,Jan-2026, PREMIUM,999.0,0.0,FALSE,999.0
U2093,08/01/2025,premium ,999.0,0.0,0,999.0
U1367,12/01/2025,BASIC,199.0,0.0,No,199.0
 U2100 ,2025-11,Standard,499.0,0.0,FALSE,499.0
U2335,12/01/2025,premium ,999.0,0.0,0,999.0
U1168,11/01/2025,Premium,999.0,0.0,FALSE,999.0
U1161,2026-01,Standard,499.0,0.0,0,499.0
 U2251 ,2025-10,STANDARD,499.0,0.0,False,499.0
U1502,09/01/2025,STANDARD,499.0,0.0,No,499.0
U1122,Oct-2025,Basic,199.0,0.0,False,199.0
U2372,2025-11, Standard ,499.0,0.0,FALSE,499.0
U1432,Jan-2026, PREMIUM,999.0,0.0,0,999.0
U1656,Oct-2025,Premium,999.0,30.0,No,699.3
U1473,2025-09, PREMIUM,999.0,0.0,FALSE,999.0
U2435,2025-12,BASIC,199.0,0.0,False,199.0
U2457,09/01/2025,premium ,999.0,0.0,FALSE,999.0
U1872,09/01/2025,STANDARD,499.0,0.0,0,499.0
U1536,11/01/2025,Premium,999.0,20.0,0,799.2
U1888,Aug-2025,Standard,499.0,0.0,0,499.0
U1016,Sep-2025,Premium,999.0,0.0,No,999.0
U1368,Sep-2025,STANDARD,499.0,0.0,FALSE,499.0
U1761,Aug-2025,standard,499.0,,False,499.0
U2046,01/01/2026,premium ,999.0,0.0,No,999.0
U1611,2025-08,Standard,499.0,0.0,False,499.0
U1453,2025-12,basic ,199.0,0.0,FALSE,
U2140,2025-08,BASIC,199.0,0.0,FALSE,199.0
U1463,2025-08,STANDARD,499.0,0.0,FALSE,499.0
U1058,Oct-2025,Premium,,0.0,No,999.0
U2018,Dec-2025,Premium,999.0,10.0,1,0.0
U1626,2026-01,premium ,999.0,10.0,False,899.1
U1828,Oct-2025,Standard,499.0,0.0,FALSE,499.0
U1670,09/01/2025,STANDARD,499.0,0.0,0,499.0
U1300,12/01/2025,BASIC,199.0,0.0,True,0.0
U1785,12/01/2025,BASIC,199.0,0.0,False,199.0
U1199,08/01/2025,BASIC,199.0,0.0,False,199.0
U2409,Dec-2025,STANDARD,499.0,0.0,No,499.0
U1859,2025-10,Standard,499.0,0.0,True,0.0
U1612,01/01/2026,basic ,199.0,0.0,0,199.0
U2152,Sep-2025,STANDARD,499.0,0.0,No,499.0
U2150,10/01/2025,Premium,999.0,0.0,FALSE,999.0
U1393,2025-10,Standard,499.0,30.0,FALSE,349.3
U2354,Nov-2025,BASIC,,0.0,False,199.0
U1964,2026-01,Premium,999.0,0.0,False,999.0
U1526,Sep-2025,Basic,199.0,0.0,TRUE,0.0
U2185,10/01/2025, PREMIUM,999.0,30.0,0,699.3
U1353,2025-11,Premium,999.0,0.0,1,0.0
U2249,Jan-2026,standard,499.0,0.0,No,499.0
U1760,12/01/2025,Basic,199.0,0.0,False,199.0
U2210,08/01/2025,Premium,999.0,0.0,False,999.0
U1356,11/01/2025,BASIC,199.0,0.0,False,199.0
U2337,2026-01,standard,499.0,0.0,FALSE,499.0
U2208,2025-09,premium ,999.0,,No,999.0
U2031,2025-09,Premium,999.0,0.0,0,999.0
U1028,2026-01,Basic,199.0,20.0,1,0.0
U1961,Dec-2025, Standard ,499.0,0.0,FALSE,499.0
U2133,Sep-2025, PREMIUM,999.0,0.0,0,999.0
U1337,Jan-2026,Basic,199.0,0.0,No,199.0
U2014,10/01/2025,Basic,199.0,0.0,FALSE,199.0
U1692,Aug-2025,standard,499.0,0.0,Yes,0.0
U1039,08/01/2025, Standard ,499.0,0.0,False,499.0
U1782,2025-09,Basic,199.0,30.0,No,139.3
U1258,2025-12,Premium,999.0,0.0,0,999.0
U1601,2025-12,Basic,,0.0,No,199.0
U2118,01/01/2026, Standard ,499.0,0.0,False,499.0
U1264,Nov-2025,BASIC,199.0,0.0,False,199.0
U1566,2025-08,Premium,999.0,0.0,0,999.0
 U1373 ,Sep-2025, Standard ,499.0,0.0,FALSE,499.0
U1869,2025-09,Standard,499.0,10.0,No,449.1
U1265,Sep-2025,Basic,199.0,0.0,0,199.0
U1445,01/01/2026, Standard ,499.0,10.0,False,449.1
U2158,Aug-2025,Basic,199.0,0.0,FALSE,199.0
U1467,2025-10,standard,499.0,0.0,0,499.0
U1252,2025-10, PREMIUM,999.0,0.0,0,999.0
U2360,08/01/2025,Premium,999.0,0.0,False,999.0
U2324,08/01/2025,Basic,199.0,,FALSE,159.2
U1197,Sep-2025,STANDARD,499.0,0.0,No,499.0
U1179,01/01/2026,BASIC,199.0,20.0,0,159.2
U1339,Aug-2025, Standard ,499.0,0.0,FALSE,499.0
 U2240 ,2025-12,Premium,999.0,0.0,No,999.0
U1691,Nov-2025,Standard,499.0,10.0,False,449.1
U2050,Dec-2025,BASIC,199.0,0.0,0,199.0
U1966,12/01/2025,Standard,499.0,0.0,False,499.0
U1715,2025-11,Premium,999.0,0.0,0,999.0
U1673,08/01/2025,STANDARD,499.0,0.0,False,499.0
U1646,12/01/2025,Basic,199.0,0.0,0,199.0
U1134,08/01/2025, PREMIUM,999.0,0.0,FALSE,999.0
U1511,12/01/2025, Standard ,499.0,0.0,0,499.0
U1655,01/01/2026, Standard ,499.0,30.0,No,349.3
U2122,11/01/2025,basic ,199.0,0.0,FALSE,199.0
U2286,Nov-2025,Basic,199.0,0.0,False,199.0
U1076,Nov-2025,Basic,199.0,0.0,No,199.0
U1645,08/01/2025, Standard ,499.0,0.0,No,499.0
U2068,10/01/2025,basic ,199.0,,No,199.0
U1771,2026-01,Premium,999.0,0.0,False,999.0
U1944,Dec-2025,Standard,499.0,0.0,No,499.0
U1572,2025-12,Basic,199.0,20.0,0,159.2
U1447,2025-08,standard,499.0,0.0,FALSE,499.0
U1010,2025-08, PREMIUM,999.0,0.0,FALSE,999.0
U1924,2025-11,Standard,499.0,0.0,False,499.0
U1460,09/01/2025, PREMIUM,999.0,20.0,No,799.2
U1137,10/01/2025,basic ,,0.0,0,199.0
U1869,Nov-2025,STANDARD,499.0,0.0,False,499.0
U1782,Jan-2026,BASIC,199.0,20.0,0,159.2
U1865,2025-10,basic ,199.0,20.0,False,159.2
U1583,Dec-2025,Basic,199.0,,0,199.0
U1384,2025-08, Standard ,499.0,0.0,FALSE,499.0
U1326,Sep-2025, Standard ,499.0,0.0,No,499.0
U2453,2025-08,Basic,199.0,0.0,No,199.0
U1756,12/01/2025, Standard ,499.0,0.0,0,499.0
U1933,Dec-2025,premium ,999.0,10.0,FALSE,899.1
U2046,11/01/2025,Premium,999.0,10.0,False,899.1
U1690,Aug-2025,BASIC,199.0,0.0,0,199.0
U1678,09/01/2025,Premium,999.0,0.0,False,999.0
U2191,09/01/2025,STANDARD,499.0,0.0,No,499.0
U2353,01/01/2026,Basic,199.0,0.0,No,199.0
U1887,2025-08,STANDARD,499.0,0.0,No,499.0
U2103,11/01/2025,Standard,499.0,0.0,No,499.0
U1083,09/01/2025,Basic,199.0,0.0,False,199.0
U2028,Nov-2025, Standard ,499.0,0.0,No,499.0
U2124,Dec-2025, Standard ,499.0,30.0,False,349.3
U1492,2025-12,Standard,499.0,0.0,FALSE,499.0
U1259,2025-08,BASIC,199.0,0.0,FALSE,199.0
U1303,08/01/2025,STANDARD,499.0,0.0,False,499.0
U1382,10/01/2025,Standard,499.0,0.0,FALSE,499.0
U1228,2026-01, PREMIUM,999.0,0.0,No,999.0
U2142,Dec-2025,standard,499.0,0.0,False,499.0
U1260,Sep-2025,basic ,199.0,0.0,No,199.0
U2191,Oct-2025, Standard ,499.0,0.0,0,499.0
U1640,09/01/2025,Basic,199.0,0.0,0,199.0
U1154,2025-12,Premium,999.0,0.0,No,999.0
U1133,Jan-2026,BASIC,199.0,0.0,No,199.0
U1266,Nov-2025,STANDARD,499.0,0.0,No,499.0
U1485,12/01/2025,Basic,199.0,20.0,0,159.2
U2429,09/01/2025,premium ,999.0,0.0,No,999.0
U1173,11/01/2025,BASIC,199.0,0.0,No,199.0
U1209,2026-01,basic ,199.0,30.0,No,139.3
U1692,2025-10,STANDARD,499.0,0.0,False,499.0
U2217,10/01/2025,Premium,999.0,0.0,False,999.0
U1140,2026-01,BASIC,199.0,0.0,FALSE,199.0
U2456,01/01/2026,basic ,199.0,20.0,FALSE,159.2
U2239,Oct-2025, PREMIUM,999.0,30.0,False,699.3
U1753,10/01/2025,Standard,499.0,,FALSE,499.0
U2111,2025-12,premium ,999.0,0.0,No,999.0
U2048,2025-11,Basic,199.0,0.0,FALSE,199.0
U2381,11/01/2025,Basic,199.0,0.0,False,199.0
U1799,2025-10,BASIC,199.0,0.0,FALSE,199.0
U1351,2026-01,BASIC,199.0,20.0,FALSE,159.2
U2485,2025-12, Standard ,499.0,0.0,TRUE,0.0
U1269,2025-11, PREMIUM,999.0,0.0,No,999.0
U1354,2025-11,Basic,199.0,10.0,0,179.1
U1085,2025-10, PREMIUM,999.0,0.0,FALSE,999.0
U1757,Dec-2025,standard,499.0,0.0,False,499.0
U2063,Aug-2025,STANDARD,499.0,0.0,FALSE,499.0
U1888,2025-11, Standard ,499.0,,False,499.0
U1637,2026-01,BASIC,199.0,0.0,False,199.0
U1099,09/01/2025,BASIC,199.0,0.0,0,199.0
U1635,2026-01,premium ,999.0,0.0,No,999.0
U2359,Nov-2025, Standard ,499.0,0.0,No,499.0
U1788,2025-11,STANDARD,499.0,0.0,No,499.0
U2300,2025-11,basic ,199.0,30.0,1,0.0
U1824,Nov-2025,basic ,199.0,0.0,No,199.0
U1678,Jan-2026,premium ,999.0,0.0,0,999.0
U1696,2025-10, Standard ,499.0,0.0,Yes,0.0
U1031,2025-12,Basic,199.0,0.0,0,199.0
U2476,Nov-2025,Basic,199.0,0.0,FALSE,199.0
U1780,2025-10,Basic,199.0,0.0,False,199.0
U1678,08/01/2025,premium ,999.0,0.0,False,999.0
U2208,2025-12,Premium,,0.0,0,999.0
U2055,Nov-2025,Premium,999.0,0.0,FALSE,999.0
U1704,2025-08,Premium,999.0,0.0,No,999.0
U1021,01/01/2026, Standard ,499.0,10.0,FALSE,449.1
U1514,2025-08,Basic,199.0,0.0,False,199.0
U2230,10/01/2025,BASIC,199.0,0.0,FALSE,199.0
U1718,Aug-2025,Standard,499.0,0.0,No,499.0
U2053,11/01/2025,Standard,499.0,0.0,FALSE,499.0
U1995,2025-10,premium ,999.0,0.0,0,999.0
U1782,08/01/2025,Basic,199.0,20.0,False,159.2
U1502,2025-08,STANDARD,499.0,10.0,0,449.1
U1982,2025-08, PREMIUM,999.0,30.0,False,699.3
U2045,2025-12, Standard ,499.0,0.0,No,499.0
U1677,10/01/2025,Basic,199.0,0.0,FALSE,199.0
U1649,2025-12,Basic,199.0,,0,139.3
U2434,2025-12,BASIC,199.0,10.0,False,179.1
U2430,2025-11,Basic,199.0,0.0,False,-1.0
U1068,2026-01,Standard,499.0,,No,349.3
U1048,2025-08,STANDARD,499.0,0.0,No,499.0
U1357,Oct-2025,Premium,999.0,,True,
U1622,08/01/2025,Premium,999.0,0.0,No,999.0
U1123,11/01/2025,basic ,199.0,20.0,No,159.2
U2123,2025-11,Basic,199.0,0.0,False,199.0
U1132,2025-10,Basic,199.0,0.0,False,199.0
U2477,2025-10,Premium,999.0,0.0,FALSE,999.0
U1118,2026-01,Standard,499.0,0.0,No,499.0
U1126,12/01/2025,STANDARD,499.0,0.0,No,499.0
U2291,01/01/2026,BASIC,199.0,0.0,FALSE,199.0
U2492,Dec-2025,Basic,199.0,30.0,FALSE,139.3
U1785,Sep-2025,BASIC,199.0,0.0,False,199.0
U1650,Jan-2026,premium ,999.0,0.0,No,999.0
U2225,2026-01,STANDARD,499.0,0.0,0,499.0
U1005,2025-08,Standard,499.0,0.0,No,499.0
U1086,Dec-2025,Basic,199.0,30.0,0,139.3
U2351,2025-11,STANDARD,,0.0,No,499.0
U1703,2025-12,premium ,999.0,0.0,No,999.0
U2263,Nov-2025,basic ,199.0,0.0,No,199.0
U1885,11/01/2025,Standard,499.0,10.0,FALSE,449.1
U1143,10/01/2025,basic ,199.0,0.0,0,199.0
U1268,12/01/2025,standard,499.0,0.0,False,499.0
U1031,2025-09,basic ,199.0,0.0,No,199.0
U2126,2026-01,Basic,199.0,0.0,0,199.0
U1048,Dec-2025,Basic,199.0,0.0,FALSE,199.0
U2085,Dec-2025,Premium,999.0,30.0,No,699.3
U1621,Nov-2025,Premium,999.0,10.0,0,899.1
U2280,2025-11,Premium,999.0,0.0,0,999.0
U1419,Dec-2025,Premium,999.0,10.0,No,899.1
U2143,Sep-2025,standard,499.0,0.0,No,499.0
U1436,Oct-2025,premium ,999.0,0.0,No,999.0
U1909,11/01/2025,STANDARD,499.0,0.0,0,499.0
U2138,2026-01,standard,499.0,0.0,0,499.0
U1524,11/01/2025,standard,499.0,0.0,0,499.0
U1076,Jan-2026,BASIC,199.0,30.0,False,139.3
U1675,Nov-2025, Standard ,499.0,0.0,FALSE,499.0
U2339,Dec-2025,standard,499.0,0.0,No,499.0
U2021,11/01/2025, Standard ,499.0,0.0,False,499.0
U1715,Sep-2025, PREMIUM,999.0,0.0,0,999.0
U1730,11/01/2025,basic ,199.0,0.0,0,199.0
U2344,2025-12,BASIC,199.0,20.0,0,159.2
U2254,2025-11,Basic,199.0,0.0,FALSE,199.0
U2274,2025-08, PREMIUM,999.0,0.0,FALSE,999.0
U1997,10/01/2025,STANDARD,499.0,,No,499.0
U2002,2025-11, Standard ,499.0,,FALSE,499.0
U2360,Sep-2025,Premium,999.0,0.0,No,999.0
U1080,2025-11,standard,499.0,0.0,No,499.0
U1064,12/01/2025,basic ,,0.0,0,199.0
U1967,Sep-2025,basic ,199.0,0.0,FALSE,199.0
U1892,Aug-2025,Premium,999.0,0.0,False,999.0
U2237,2025-11,Basic,199.0,0.0,0,199.0
U1446,11/01/2025,BASIC,199.0,0.0,False,199.0
U1613,2025-08,standard,499.0,0.0,1,0.0
U2272,2025-11, PREMIUM,999.0,0.0,False,999.0
U1976,Oct-2025, PREMIUM,999.0,0.0,No,999.0
U1691,2025-09,Standard,499.0,0.0,0,499.0
U1887,10/01/2025, Standard ,499.0,0.0,FALSE,499.0
U1940,Nov-2025,BASIC,199.0,0.0,0,199.0
U1590,2025-11,BASIC,199.0,10.0,FALSE,179.1
U1988,2025-12,basic ,199.0,0.0,No,199.0
U1797,09/01/2025,basic ,199.0,0.0,FALSE,199.0
U2422,2025-10,Basic,199.0,0.0,0,199.0
U2261,11/01/2025,premium ,,0.0,False,999.0
U2482,Aug-2025, PREMIUM,999.0,0.0,FALSE,999.0
U1862,Jan-2026,Basic,199.0,0.0,0,199.0
U1408,11/01/2025,Standard,499.0,0.0,FALSE,499.0
U1398,12/01/2025,BASIC,199.0,0.0,FALSE,199.0
U1942,Sep-2025,Basic,199.0,0.0,No,199.0
U1372,10/01/2025,Basic,199.0,0.0,0,199.0
U1745,01/01/2026,basic ,199.0,0.0,No,199.0
U2187,2025-12,Basic,199.0,0.0,False,199.0
U1078,Jan-2026,Standard,499.0,0.0,0,499.0
U1587,08/01/2025, Standard ,499.0,0.0,FALSE,499.0
U2085,09/01/2025, PREMIUM,999.0,0.0,False,999.0
U1544,09/01/2025,STANDARD,499.0,0.0,FALSE,499.0
U1504,2025-09,premium ,999.0,10.0,0,899.1
U2302,12/01/2025,basic ,199.0,,No,199.0
U1871,2025-11,Basic,199.0,0.0,0,199.0
U1534,2025-10,Standard,499.0,20.0,0,399.2
U1128,09/01/2025,Basic,199.0,0.0,FALSE,199.0
U2064,10/01/2025,Premium,999.0,0.0,True,0.0
U2277,01/01/2026, Standard ,499.0,0.0,0,499.0
U2412,2025-12,STANDARD,499.0,30.0,No,349.3
U1146,12/01/2025,STANDARD,499.0,0.0,No,499.0
U1655,10/01/2025, Standard ,499.0,0.0,False,499.0
U2251,Jan-2026,standard,499.0,0.0,FALSE,499.0
U1463,Dec-2025,standard,499.0,0.0,FALSE,499.0
U2131,2026-01,STANDARD,499.0,0.0,False,499.0
U1615,Dec-2025,Standard,499.0,10.0,False,449.1
U2190,2025-10,BASIC,199.0,0.0,False,199.0
U1005,Sep-2025,standard,499.0,0.0,0,499.0
U2461,Dec-2025,Basic,199.0,0.0,FALSE,199.0
U1141,2025-10,BASIC,199.0,0.0,FALSE,199.0
U2416,Jan-2026,STANDARD,499.0,0.0,FALSE,499.0
U1256,Dec-2025,Premium,999.0,0.0,FALSE,999.0
U1289,2026-01, PREMIUM,999.0,10.0,0,899.1
U1454,11/01/2025,Premium,999.0,30.0,FALSE,699.3
U1581,12/01/2025,Basic,199.0,,0,199.0
U1320,Nov-2025,Basic,199.0,30.0,No,
U2391,Jan-2026,standard,499.0,0.0,0,499.0
U1165,Oct-2025, PREMIUM,999.0,0.0,No,999.0
U1807,09/01/2025,Standard,499.0,0.0,FALSE,499.0
U2250,Dec-2025, Standard ,499.0,0.0,0,499.0
U1260,2026-01,Basic,199.0,0.0,False,199.0
U2447,12/01/2025,basic ,199.0,0.0,0,199.0
U1497,2025-12,premium ,999.0,0.0,False,999.0
U1528,11/01/2025,Premium,999.0,0.0,False,999.0
U1864,Jan-2026, PREMIUM,999.0,10.0,False,899.1
U1410,2025-12,Basic,199.0,0.0,0,199.0
U1667,Dec-2025,Premium,999.0,0.0,No,999.0
U1135,Oct-2025, Standard ,499.0,0.0,No,499.0
U1933,2025-11,premium ,999.0,0.0,No,999.0
U1081,Jan-2026,Premium,999.0,0.0,False,999.0
U2292,2025-08,BASIC,199.0,0.0,0,199.0
U2129,2025-09,Premium,999.0,0.0,No,999.0
U1201,2025-11,BASIC,199.0,0.0,False,199.0
U1905,11/01/2025,standard,499.0,0.0,FALSE,499.0
U2469,09/01/2025,standard,499.0,0.0,FALSE,-1.0
U1841,10/01/2025,STANDARD,499.0,0.0,No,499.0
U1903,Aug-2025,STANDARD,499.0,0.0,False,499.0
U1102,01/01/2026,Standard,499.0,0.0,0,499.0
U1014,2025-08, Standard ,499.0,0.0,No,499.0
U1335,Dec-2025,basic ,199.0,20.0,TRUE,0.0
U1310,2025-09,Basic,199.0,0.0,No,199.0
U2441,10/01/2025,Basic,199.0,0.0,0,
U2286,2025-09,basic ,199.0,0.0,0,199.0
U1217,2025-09,Basic,199.0,0.0,0,199.0
U2142,Jan-2026,STANDARD,499.0,0.0,True,0.0
U2155,Jan-2026,Basic,199.0,0.0,0,199.0
U2183,12/01/2025,Basic,,10.0,0,179.1
U2028,Jan-2026,standard,499.0,0.0,FALSE,499.0
U1683,09/01/2025,premium ,999.0,0.0,FALSE,999.0
U2256,Nov-2025,basic ,199.0,0.0,1,0.0
U1974,10/01/2025,standard,499.0,0.0,FALSE,499.0
U1092,2025-11,Basic,199.0,0.0,FALSE,199.0
U2416,Dec-2025, Standard ,499.0,0.0,False,499.0
U1915,Aug-2025,standard,499.0,0.0,0,499.0
U2105,Sep-2025,Basic,199.0,0.0,0,199.0
U1742,Dec-2025,standard,499.0,0.0,False,499.0
U2383,Oct-2025,Basic,199.0,0.0,No,199.0
U1087,2025-12,STANDARD,499.0,0.0,FALSE,499.0
U2439,08/01/2025,basic ,199.0,0.0,FALSE,199.0
U1567,2026-01,basic ,199.0,0.0,FALSE,199.0
U1132,2026-01,BASIC,199.0,0.0,False,199.0
U2250,Jan-2026,BASIC,199.0,30.0,No,139.3
U2365,Aug-2025,Premium,999.0,0.0,FALSE,999.0
U2003,Oct-2025,Basic,199.0,20.0,FALSE,159.2
U2339,Jan-2026, Standard ,499.0,0.0,0,499.0
U2315,2025-11,standard,499.0,0.0,False,499.0
U2238,2025-11,STANDARD,499.0,30.0,False,349.3
U1400,01/01/2026, Standard ,,0.0,No,499.0
U1740,11/01/2025, Standard ,499.0,0.0,0,499.0
U1559,Nov-2025,Standard,499.0,0.0,1,0.0
U1839,08/01/2025,Basic,199.0,20.0,No,159.2
U1007,2025-10, Standard ,499.0,0.0,True,0.0
U2199,2025-11,Premium,999.0,0.0,0,999.0
U1821,2025-12,standard,499.0,30.0,False,349.3
U2436,Dec-2025, Standard ,499.0,30.0,0,349.3
U1698,2025-09,standard,499.0,0.0,False,499.0
U1556,2025-08, Standard ,499.0,,False,499.0
U1866,Oct-2025, PREMIUM,,0.0,FALSE,999.0
U2331,01/01/2026,standard,499.0,30.0,False,349.3
U1894,09/01/2025, PREMIUM,999.0,0.0,FALSE,999.0
U1150,2025-12,Basic,199.0,20.0,FALSE,159.2
U1721,08/01/2025,basic ,199.0,0.0,0,199.0
U1457,Sep-2025, Standard ,499.0,0.0,0,499.0
U1325,2026-01,Basic,199.0,0.0,No,199.0
U1844,Sep-2025,basic ,199.0,0.0,False,199.0
U1195,08/01/2025,Basic,199.0,0.0,False,199.0
U2128,09/01/2025,Premium,999.0,0.0,0,999.0
U1204,2025-09,Basic,199.0,30.0,0,-1.0
U1184,11/01/2025,STANDARD,499.0,0.0,No,499.0
U2061,2025-11,premium ,999.0,0.0,No,999.0
U1867,01/01/2026,BASIC,199.0,20.0,No,159.2
U1276,Jan-2026,Premium,999.0,0.0,0,999.0
U1059,09/01/2025,standard,499.0,0.0,No,499.0
U2430,2025-10,Basic,199.0,0.0,FALSE,199.0
U1628,08/01/2025,STANDARD,499.0,10.0,No,449.1
U1510,12/01/2025,standard,499.0,0.0,0,499.0
U1871,10/01/2025,BASIC,199.0,0.0,No,199.0
U1623,Dec-2025,Premium,999.0,0.0,0,999.0
U1366,Sep-2025,Premium,999.0,20.0,0,799.2
U1084,09/01/2025,STANDARD,499.0,0.0,False,499.0
U1166,2025-08, PREMIUM,999.0,0.0,No,999.0
U2295,Dec-2025, Standard ,499.0,0.0,No,499.0
U1999,Nov-2025,BASIC,199.0,0.0,No,199.0
U1819,Jan-2026,Basic,199.0,0.0,FALSE,199.0
U1235,01/01/2026,premium ,999.0,0.0,1,0.0
U1299,2025-10,Basic,199.0,0.0,No,199.0
U2437,2025-10,Premium,999.0,0.0,No,999.0
U1340,Jan-2026,BASIC,199.0,0.0,0,199.0
U1633,2025-09,premium ,999.0,0.0,No,999.0
U2198,2025-09,Basic,,0.0,0,199.0
U2486,11/01/2025,STANDARD,499.0,0.0,No,499.0
U1177,2026-01,standard,499.0,0.0,FALSE,499.0
U1916,2025-08,basic ,199.0,0.0,FALSE,199.0
U2110,2025-10,standard,499.0,0.0,No,499.0
U2237,01/01/2026,BASIC,199.0,20.0,False,159.2
U1110,01/01/2026,Basic,199.0,10.0,False,179.1
 U1369 ,08/01/2025,BASIC,199.0,0.0,FALSE,199.0
U1415,Jan-2026,Premium,999.0,20.0,0,799.2
U1527,2025-08,Premium,999.0,0.0,False,999.0
U1572,01/01/2026,Basic,199.0,0.0,0,199.0
U1488,12/01/2025, Standard ,499.0,0.0,No,499.0
U2317,01/01/2026,Basic,199.0,0.0,FALSE,199.0
U2000,Dec-2025,premium ,999.0,10.0,0,899.1
U1668,12/01/2025,standard,499.0,10.0,0,449.1
U2448,Sep-2025,STANDARD,499.0,30.0,False,349.3
U1607,09/01/2025,basic ,199.0,0.0,False,199.0
U1138,12/01/2025,BASIC,199.0,0.0,TRUE,0.0
U1568,01/01/2026, Standard ,499.0,0.0,False,499.0
 U1192 ,10/01/2025,premium ,999.0,0.0,No,999.0
U1304,2025-08,premium ,999.0,0.0,FALSE,999.0
U1243,Oct-2025,Basic,,0.0,0,199.0
U1464,Nov-2025,Basic,199.0,0.0,FALSE,199.0
U1896,08/01/2025, Standard ,499.0,0.0,FALSE,499.0
U2269,Oct-2025,standard,,0.0,FALSE,499.0
U2490,12/01/2025,Basic,199.0,0.0,No,199.0
U2196,2025-08,standard,499.0,0.0,FALSE,499.0
U1033,10/01/2025,basic ,199.0,0.0,0,199.0
U1239,2025-08,Standard,499.0,30.0,False,349.3
U2431,2025-11,Standard,499.0,0.0,0,499.0
U2303,12/01/2025,Basic,199.0,0.0,FALSE,199.0
U2415,12/01/2025,STANDARD,499.0,10.0,False,449.1
U1435,Aug-2025, PREMIUM,999.0,0.0,0,999.0
U1571,2026-01,Standard,499.0,0.0,False,499.0
U2299,Jan-2026,basic ,199.0,0.0,0,199.0
U1810,2025-10, Standard ,499.0,0.0,False,499.0
U1339,Nov-2025,Standard,499.0,0.0,False,499.0
U2200,2026-01,BASIC,199.0,20.0,No,159.2
U1443,09/01/2025,basic ,199.0,0.0,No,199.0
U2454,2025-08, Standard ,499.0,0.0,FALSE,499.0
U1664,12/01/2025,Basic,199.0,20.0,FALSE,159.2
U1003,2025-12,Premium,999.0,0.0,True,0.0
U1658,Oct-2025,Premium,999.0,0.0,No,999.0
U1975,2025-12, Standard ,499.0,20.0,No,399.2
U1274,01/01/2026,Standard,499.0,0.0,False,499.0
U1897,Oct-2025,Premium,999.0,30.0,No,699.3
U1947,2025-11,premium ,999.0,10.0,0,899.1
U1167,2025-08,STANDARD,499.0,20.0,0,399.2
U1091,10/01/2025,standard,499.0,0.0,FALSE,499.0
U2437,2025-10,Premium,999.0,0.0,No,999.0
U1404,2025-10,Basic,199.0,0.0,No,199.0
U2001,2025-12, Standard ,499.0,0.0,No,499.0
U1293,2025-09,Premium,999.0,0.0,False,999.0
U1826,Oct-2025, PREMIUM,999.0,0.0,FALSE,999.0
U2233,2025-09,BASIC,199.0,0.0,FALSE,199.0
U2453,09/01/2025,BASIC,199.0,,False,199.0
U1435,Dec-2025,premium ,999.0,0.0,0,999.0
U1319,08/01/2025,Basic,199.0,0.0,False,199.0
U2492,2025-08,BASIC,199.0,0.0,FALSE,199.0
U1904,08/01/2025,premium ,999.0,0.0,FALSE,999.0
U2139,08/01/2025,Premium,999.0,0.0,FALSE,-1.0
U2077,10/01/2025,Basic,199.0,0.0,0,199.0
U1672,12/01/2025,Basic,199.0,0.0,FALSE,199.0
U1183,Jan-2026,premium ,999.0,0.0,FALSE,999.0
U1399,Aug-2025,standard,499.0,0.0,0,499.0
U1548,Aug-2025,basic ,199.0,0.0,0,199.0
U1481,08/01/2025,premium ,999.0,20.0,FALSE,799.2
U2188,2025-12,basic ,199.0,0.0,False,199.0
U1392,2025-09, Standard ,499.0,0.0,0,499.0
U1569,09/01/2025,Basic,199.0,0.0,False,199.0
U2164,09/01/2025,standard,499.0,0.0,0,499.0
U1859,Jan-2026,standard,499.0,0.0,0,499.0
U2246,10/01/2025,Premium,999.0,0.0,False,999.0
U1958,2025-08,Standard,499.0,0.0,0,499.0
U1340,2025-08,Basic,199.0,0.0,TRUE,0.0
U1407,2025-08,standard,499.0,0.0,No,499.0
U2498,2025-12,Basic,199.0,0.0,No,199.0
U1179,2025-12,Basic,199.0,0.0,False,199.0
U1172,Dec-2025,standard,499.0,0.0,0,499.0
U2281,Oct-2025,Premium,999.0,,False,999.0
U1186,2025-12,BASIC,199.0,0.0,0,199.0
U2060,2025-08,Basic,199.0,30.0,No,139.3
U1274,Sep-2025,Premium,999.0,0.0,0,999.0
U1307,2025-10,basic ,199.0,0.0,FALSE,199.0
U1810,12/01/2025,basic ,199.0,10.0,No,179.1
U1417,01/01/2026,Basic,199.0,20.0,FALSE,159.2
U1696,Aug-2025, Standard ,499.0,20.0,0,399.2
U1658,11/01/2025,Premium,999.0,0.0,False,999.0
U1579,Oct-2025,BASIC,199.0,0.0,FALSE,199.0
U2128,08/01/2025,Premium,999.0,0.0,FALSE,999.0
U1555,2025-09,Basic,199.0,0.0,False,199.0
U2389,Dec-2025,BASIC,199.0,0.0,0,199.0
U1508,Oct-2025,premium ,999.0,0.0,0,999.0
U1270,08/01/2025,BASIC,199.0,0.0,0,199.0
U1052,2025-12,STANDARD,499.0,0.0,FALSE,499.0
U1848,10/01/2025,BASIC,199.0,0.0,FALSE,199.0
U1633,Dec-2025,premium ,999.0,0.0,0,999.0
U2226,Nov-2025,Basic,199.0,0.0,No,199.0
U2041,10/01/2025, Standard ,499.0,0.0,No,499.0
U2323,Sep-2025,STANDARD,499.0,10.0,No,449.1
U2079,01/01/2026,Premium,999.0,30.0,FALSE,-1.0
U1085,Nov-2025,Premium,999.0,0.0,FALSE,999.0
U1371,Nov-2025,Basic,199.0,0.0,False,199.0
U1052,09/01/2025,premium ,999.0,30.0,FALSE,699.3
U1244,08/01/2025,Premium,999.0,0.0,FALSE,999.0
U1424,Aug-2025, Standard ,499.0,0.0,FALSE,499.0
U1364,2025-11,standard,499.0,,0,499.0
U1441,2026-01,basic ,199.0,20.0,No,159.2
U2015,2025-11,Standard,499.0,0.0,0,499.0
U2133,01/01/2026,premium ,999.0,0.0,0,999.0
U1835,2025-11,standard,499.0,0.0,FALSE,499.0
U2336,01/01/2026,STANDARD,499.0,0.0,FALSE,499.0
U1048,Sep-2025,Basic,199.0,0.0,False,199.0
U1911,Aug-2025,Basic,199.0,0.0,No,199.0
U2441,2025-09,BASIC,199.0,0.0,0,199.0
U1778,08/01/2025,BASIC,199.0,0.0,FALSE,199.0
U1151,2026-01, Standard ,499.0,30.0,No,349.3
U2318,09/01/2025,premium ,999.0,0.0,No,999.0
U1023,Aug-2025,Premium,999.0,0.0,No,999.0
U1600,Oct-2025,Premium,999.0,0.0,No,999.0
U2243,Nov-2025,Standard,499.0,0.0,No,499.0
U2367,2025-09,premium ,999.0,,0,799.2
U1400,Nov-2025,Standard,499.0,10.0,FALSE,449.1
U1285,2025-12,basic ,199.0,0.0,No,199.0
U1035,12/01/2025,BASIC,199.0,0.0,False,199.0
U1455,2025-08,standard,499.0,10.0,No,449.1
U2395,01/01/2026,Basic,199.0,0.0,0,199.0
U1735,2025-11,Basic,199.0,0.0,FALSE,199.0
U1955,2026-01,BASIC,199.0,0.0,FALSE,199.0
U2358,Dec-2025,basic ,199.0,0.0,False,199.0
U1102,2025-12,Standard,499.0,0.0,False,499.0
U2288,10/01/2025,standard,499.0,0.0,0,499.0
U2278,Jan-2026,BASIC,199.0,0.0,False,199.0
U1858,2025-08,premium ,999.0,0.0,0,999.0
U1055,2025-09,BASIC,199.0,0.0,False,199.0
U1445,09/01/2025, Standard ,499.0,0.0,No,499.0
U2123,Dec-2025,BASIC,199.0,0.0,False,199.0
U1670,10/01/2025,standard,499.0,0.0,False,499.0
U1584,Aug-2025,Basic,199.0,0.0,No,199.0
U1062,12/01/2025, Standard ,499.0,0.0,No,499.0
U2195,2025-10,BASIC,199.0,0.0,False,199.0
U2006,2025-08,Premium,999.0,0.0,0,999.0
U1699,2025-10,STANDARD,499.0,0.0,False,499.0
U2185,11/01/2025,Premium,999.0,0.0,FALSE,999.0
U1865,2025-08,BASIC,199.0,0.0,FALSE,199.0
U1411,2025-11,Basic,199.0,0.0,No,199.0
U1597,2025-11,STANDARD,499.0,0.0,False,499.0
U2341,01/01/2026,Standard,499.0,0.0,No,499.0
U2116,12/01/2025,standard,499.0,0.0,No,499.0
U2439,Sep-2025,Basic,199.0,0.0,No,199.0
U1763,Oct-2025, PREMIUM,999.0,0.0,FALSE,
U1448,01/01/2026,basic ,199.0,0.0,0,
U1800,2025-08, PREMIUM,999.0,0.0,False,999.0
U2447,Nov-2025,Basic,199.0,0.0,No,199.0
U1624,10/01/2025,standard,499.0,,0,499.0
U2109,01/01/2026,standard,499.0,20.0,FALSE,399.2
U1989,Nov-2025,premium ,999.0,0.0,No,999.0
U1612,2025-08,standard,499.0,0.0,0,499.0
U2491,Nov-2025,standard,499.0,0.0,0,499.0
U1427,11/01/2025,Premium,999.0,0.0,False,999.0
U1702,2025-09,basic ,,0.0,FALSE,199.0
U1705,10/01/2025,standard,499.0,0.0,No,499.0
U1352,12/01/2025,Basic,199.0,0.0,False,199.0
U1873,2026-01, PREMIUM,999.0,0.0,No,999.0
U1377,2025-10, Standard ,499.0,0.0,False,499.0
U1148,12/01/2025,Standard,499.0,0.0,False,499.0
U2027,Aug-2025,Basic,199.0,0.0,FALSE,199.0
U1596,Jan-2026,Basic,199.0,0.0,No,199.0
U1508,2025-12,Premium,999.0,0.0,False,999.0
U1725,2025-12,BASIC,199.0,30.0,FALSE,139.3
U1873,08/01/2025,Premium,999.0,0.0,True,0.0
U2342,2025-10,Basic,199.0,0.0,False,199.0
U1961,01/01/2026,Standard,499.0,0.0,0,499.0
U1336,09/01/2025,Premium,999.0,0.0,False,999.0
U1683,Jan-2026,Standard,499.0,0.0,False,499.0
U2080,12/01/2025,basic ,199.0,0.0,0,199.0
U1861,09/01/2025,Standard,499.0,0.0,1,0.0
U2291,2025-08,standard,499.0,0.0,0,499.0
U1931,2025-08,Basic,199.0,20.0,False,159.2
U1046,Aug-2025,premium ,999.0,0.0,FALSE,999.0
U2273,09/01/2025,standard,499.0,0.0,True,0.0
U1668,2025-11,Standard,499.0,0.0,No,499.0
U1498,Jan-2026, Standard ,499.0,0.0,No,499.0
U1971,01/01/2026, PREMIUM,999.0,0.0,FALSE,999.0
U1551,2025-08,STANDARD,499.0,0.0,No,499.0
U2309,2025-12,BASIC,199.0,0.0,FALSE,199.0
U1536,2025-08,premium ,999.0,0.0,False,999.0
U1823,2025-12,Basic,199.0,30.0,False,139.3
U1467,Nov-2025, Standard ,499.0,20.0,No,399.2
U2057,12/01/2025, Standard ,499.0,10.0,False,449.1
U1112,Aug-2025,STANDARD,499.0,,False,499.0
U1633,Aug-2025,Premium,999.0,0.0,No,999.0
U1426,2025-12,Basic,199.0,0.0,FALSE,199.0
U1794,08/01/2025, PREMIUM,999.0,0.0,0,999.0
U2053,12/01/2025,Standard,499.0,20.0,False,399.2
U2165,11/01/2025,Premium,999.0,0.0,False,999.0
U2284,Jan-2026,basic ,199.0,0.0,False,199.0
U2114,01/01/2026, PREMIUM,,0.0,FALSE,999.0
U1632,2026-01,Premium,999.0,0.0,No,999.0
U2204,10/01/2025,Standard,499.0,0.0,False,-1.0
U2358,Aug-2025,Basic,199.0,0.0,0,199.0
U1472,Dec-2025,Standard,499.0,0.0,False,499.0
U2148,Jan-2026,premium ,999.0,0.0,No,999.0
U1433,2025-09,Basic,199.0,0.0,0,199.0
U1374,2025-10, Standard ,499.0,20.0,FALSE,399.2
U1114,10/01/2025,BASIC,199.0,0.0,FALSE,199.0
U2376,08/01/2025, PREMIUM,999.0,0.0,No,999.0
U2390,01/01/2026,Standard,499.0,0.0,FALSE,499.0
U2245,Aug-2025,Basic,199.0,0.0,False,199.0
U2073,2025-11,premium ,999.0,0.0,FALSE,999.0
U2013,Aug-2025, PREMIUM,999.0,0.0,False,999.0
U1232,Nov-2025,Standard,499.0,10.0,False,449.1
U2158,Nov-2025,BASIC,199.0,0.0,0,199.0
U1486,01/01/2026, Standard ,499.0,0.0,False,499.0
U1570,Nov-2025,basic ,199.0,0.0,No,199.0
U2100,2025-10, Standard ,499.0,30.0,False,
U1308,Jan-2026,basic ,199.0,0.0,False,
U1189,12/01/2025,standard,499.0,0.0,False,499.0
U1990,12/01/2025,Standard,499.0,0.0,FALSE,499.0
U2008,2026-01,Basic,,0.0,0,199.0
U1489,09/01/2025,Standard,499.0,10.0,0,449.1
 U1603 ,2026-01,basic ,199.0,0.0,No,199.0
U1926,2025-09,Basic,199.0,0.0,FALSE,199.0
U2459,2025-10,Premium,999.0,10.0,No,899.1
U1865,2025-11,Basic,199.0,0.0,0,199.0
U2338,2025-11,Basic,199.0,0.0,No,199.0
U1716,Sep-2025,Premium,999.0,0.0,0,999.0
U1517,Jan-2026,standard,499.0,0.0,0,499.0
U2068,2026-01,basic ,199.0,10.0,FALSE,179.1
U1864,11/01/2025,Premium,999.0,0.0,No,999.0
U1189,2025-09, Standard ,499.0,0.0,No,-1.0
U2377,11/01/2025,basic ,199.0,20.0,FALSE,159.2
U2415,2025-09,STANDARD,499.0,0.0,False,499.0
U2186,01/01/2026,basic ,199.0,0.0,False,199.0
 U2235 ,Sep-2025, PREMIUM,999.0,0.0,False,999.0
U1919,11/01/2025,Basic,199.0,0.0,False,199.0
U2314,Dec-2025,Premium,999.0,20.0,0,799.2
U1145,Jan-2026,STANDARD,499.0,0.0,False,499.0
U1006,2025-09,basic ,199.0,0.0,No,199.0
U1341,09/01/2025, PREMIUM,999.0,0.0,No,999.0
U2495,08/01/2025,basic ,199.0,0.0,0,199.0
U1542,11/01/2025,premium ,999.0,0.0,0,
U1044,12/01/2025,premium ,999.0,10.0,False,899.1
U2443,12/01/2025,BASIC,199.0,0.0,No,199.0
U2400,2025-12,Basic,199.0,0.0,No,199.0
U2146,Oct-2025,basic ,199.0,0.0,No,199.0
U2309,2025-08,STANDARD,499.0,0.0,0,499.0
U2020,Nov-2025,Premium,999.0,10.0,False,899.1
U1894,2026-01,standard,499.0,0.0,FALSE,
U1365,2025-09, Standard ,499.0,0.0,No,499.0
U1346,09/01/2025,BASIC,199.0,0.0,False,199.0
U1796,Oct-2025,standard,499.0,20.0,False,399.2
U1585,Dec-2025, PREMIUM,999.0,0.0,0,999.0
U2203,08/01/2025, Standard ,499.0,0.0,FALSE,499.0
U2383,2025-08,BASIC,199.0,0.0,FALSE,199.0
U2180,2025-10,Basic,199.0,0.0,0,199.0
U2160,Nov-2025, Standard ,499.0,0.0,0,499.0
U2005,2025-09, Standard ,499.0,0.0,No,499.0
U1085,Jan-2026,Premium,999.0,20.0,0,799.2
U1512,Oct-2025,Basic,199.0,0.0,No,199.0
U2383,2025-12,Basic,199.0,0.0,0,199.0
U1394,2025-12,Premium,999.0,0.0,No,999.0
U1826,2025-09, PREMIUM,999.0,0.0,FALSE,999.0
U2155,2025-12,Basic,199.0,0.0,False,199.0
U1056,09/01/2025,premium ,999.0,0.0,False,
U1089,Oct-2025,Premium,999.0,30.0,FALSE,699.3
U2421,09/01/2025,basic ,199.0,0.0,False,
U1514,12/01/2025,BASIC,199.0,0.0,False,199.0
U1794,2025-10,Premium,999.0,0.0,0,999.0
U1540,2025-11,BASIC,199.0,0.0,No,199.0
U1964,2025-10,Premium,999.0,0.0,False,999.0
U1051,Aug-2025,Premium,999.0,0.0,No,999.0
U2331,10/01/2025,Premium,999.0,0.0,FALSE,999.0
U2206,08/01/2025,Standard,499.0,0.0,0,499.0
U1015,2026-01,standard,499.0,0.0,0,499.0
U2419,08/01/2025, PREMIUM,999.0,0.0,False,-1.0
U2053,2025-09,standard,499.0,0.0,No,499.0
U2460,01/01/2026,STANDARD,499.0,0.0,No,499.0
U1589,01/01/2026,Premium,999.0,0.0,0,999.0
U1609,2025-12,Standard,499.0,0.0,0,-1.0
U1811,Sep-2025,standard,499.0,0.0,FALSE,499.0
U1603,12/01/2025,Basic,,0.0,False,199.0
U1404,2026-01,Basic,199.0,0.0,FALSE,199.0
U1545,Nov-2025,basic ,199.0,0.0,1,0.0
U1665,2026-01,STANDARD,499.0,0.0,0,499.0
U2034,10/01/2025,Premium,999.0,0.0,False,999.0
U1221,10/01/2025,Basic,199.0,20.0,0,159.2
U2126,10/01/2025,Basic,199.0,0.0,0,199.0
U1271,2025-09,Premium,999.0,0.0,FALSE,999.0
U1742,09/01/2025,standard,499.0,0.0,FALSE,499.0
U2271,09/01/2025,STANDARD,499.0,0.0,0,499.0
U2479,2025-10,BASIC,199.0,0.0,0,199.0
U1638,Jan-2026,STANDARD,499.0,30.0,No,349.3
U1471,Aug-2025,STANDARD,,0.0,FALSE,499.0
U2490,2025-11,Basic,199.0,0.0,1,0.0
U1719,Jan-2026,premium ,999.0,30.0,FALSE,699.3
U1305,Sep-2025, PREMIUM,999.0,0.0,1,0.0
U2420,10/01/2025,Basic,199.0,0.0,FALSE,199.0
U1714,2026-01, Standard ,499.0,0.0,False,499.0
U1877,Nov-2025,Basic,199.0,0.0,No,199.0
U1311,Sep-2025,Premium,999.0,0.0,False,999.0
U2437,01/01/2026,Premium,999.0,30.0,False,699.3
U1028,2025-09,Basic,199.0,0.0,FALSE,199.0
U2307,Sep-2025,STANDARD,499.0,0.0,FALSE,499.0
 U2104 ,08/01/2025,Basic,199.0,0.0,0,199.0
U1015,09/01/2025, Standard ,499.0,10.0,No,
U2451,09/01/2025,Premium,999.0,0.0,No,999.0
U1177,08/01/2025,STANDARD,499.0,30.0,No,349.3
U1686,01/01/2026,basic ,199.0,0.0,0,199.0
 U2171 ,Nov-2025,Premium,999.0,0.0,No,999.0
U1523,Sep-2025,Basic,199.0,0.0,False,199.0
U2213,Aug-2025,STANDARD,499.0,10.0,False,449.1
U2298,10/01/2025,standard,499.0,0.0,False,499.0
U1249,2025-11,Standard,499.0,0.0,0,499.0
U1009,Dec-2025,premium ,999.0,0.0,0,999.0
U1091,2025-09,Standard,499.0,0.0,0,499.0
U2313,2025-09,Standard,499.0,0.0,False,499.0
U2437,Sep-2025, PREMIUM,999.0,0.0,No,999.0
U1146,10/01/2025,Standard,499.0,0.0,FALSE,499.0
U1975,2025-11,standard,499.0,0.0,FALSE,499.0
U2066,08/01/2025,standard,499.0,0.0,0,499.0
U1090,10/01/2025,premium ,999.0,0.0,False,999.0
U2183,08/01/2025,basic ,199.0,0.0,FALSE,199.0
U1350,Jan-2026,Basic,199.0,,FALSE,199.0
U1519,2025-11,Basic,199.0,0.0,0,199.0
U2491,12/01/2025,standard,499.0,0.0,0,499.0
U1367,Aug-2025,Basic,199.0,0.0,No,199.0
U1431,Sep-2025, Standard ,499.0,0.0,FALSE,499.0
U1591,2025-11,Premium,999.0,0.0,No,999.0
U1271,2025-10,premium ,999.0,0.0,FALSE,999.0
U2358,09/01/2025,basic ,199.0,20.0,0,159.2
U2403,Nov-2025,BASIC,199.0,0.0,0,199.0
U2477,Aug-2025,premium ,999.0,0.0,False,999.0
U2159,11/01/2025,premium ,999.0,0.0,No,999.0
U1979,Jan-2026,Basic,199.0,0.0,0,199.0
U2294,Sep-2025,Standard,499.0,20.0,False,399.2
U2225,Nov-2025,Standard,499.0,0.0,False,499.0
U2266,01/01/2026,basic ,199.0,30.0,0,139.3
U2013,2026-01,Premium,999.0,0.0,False,999.0
U2385,2025-09,premium ,999.0,0.0,0,999.0
U1241,01/01/2026, Standard ,499.0,0.0,0,499.0
U1488,10/01/2025,Standard,499.0,0.0,False,499.0
U1573,01/01/2026,basic ,199.0,20.0,0,159.2
U2251,2025-12,STANDARD,499.0,0.0,No,499.0
U2293,12/01/2025,standard,499.0,0.0,False,499.0
U2272,09/01/2025,Premium,999.0,0.0,0,999.0
U2409,Nov-2025, Standard ,499.0,0.0,No,499.0
U1389,Sep-2025, Standard ,499.0,0.0,FALSE,499.0
U1833,11/01/2025,Standard,499.0,0.0,FALSE,499.0
U2494,2025-08,basic ,199.0,0.0,FALSE,199.0
U2388,2025-08,Premium,999.0,20.0,False,799.2
U1121,11/01/2025,standard,499.0,0.0,0,499.0
U2330,Aug-2025,Basic,199.0,0.0,No,199.0
U2404,2025-11,STANDARD,499.0,0.0,0,499.0
 U1762 ,Sep-2025,Basic,199.0,0.0,0,199.0
U1922,Dec-2025, Standard ,499.0,0.0,No,499.0
U1338,2026-01, Standard ,499.0,0.0,FALSE,-1.0
U2368,09/01/2025,Standard,499.0,0.0,0,499.0
U1353,2025-10,Premium,999.0,0.0,False,999.0
U1041,2025-09,premium ,999.0,0.0,FALSE,999.0
U1699,Sep-2025,STANDARD,499.0,10.0,FALSE,449.1
U2131,2025-09,Standard,499.0,20.0,False,399.2
U1458,Aug-2025,Standard,499.0,0.0,0,499.0
U2222,2026-01,BASIC,199.0,0.0,0,199.0
U1483,Dec-2025,BASIC,199.0,30.0,False,139.3
U1494,08/01/2025,standard,499.0,0.0,FALSE,499.0
U1910,Aug-2025,standard,499.0,0.0,0,499.0
U1070,09/01/2025, PREMIUM,999.0,10.0,No,899.1
U1710,2026-01, Standard ,499.0,10.0,0,449.1
U1307,2026-01,basic ,199.0,20.0,0,159.2
U1858,2025-09,premium ,999.0,0.0,No,999.0
U1981,10/01/2025,basic ,199.0,0.0,No,199.0
U2202,Sep-2025,Standard,499.0,0.0,No,499.0
U1047,09/01/2025,Premium,999.0,0.0,0,999.0
U2024,08/01/2025, PREMIUM,999.0,30.0,0,699.3
U1548,01/01/2026,BASIC,199.0,0.0,False,199.0
U1505,Sep-2025,standard,499.0,0.0,False,499.0
U1442,Nov-2025,basic ,199.0,0.0,0,199.0
U1347,2025-12,Standard,499.0,0.0,0,499.0
U1162,01/01/2026,premium ,999.0,0.0,0,999.0
U2316,Oct-2025,Premium,999.0,0.0,No,999.0
U1265,12/01/2025,BASIC,199.0,0.0,0,199.0
U1176,2025-11,STANDARD,499.0,0.0,False,499.0
U1919,2025-12,BASIC,199.0,0.0,0,199.0
U1755,2025-08,standard,499.0,0.0,FALSE,499.0
U1810,09/01/2025,STANDARD,499.0,0.0,FALSE,499.0
U1362,2025-11,STANDARD,499.0,0.0,False,499.0
U1264,Sep-2025,BASIC,199.0,0.0,No,199.0
U1275,2025-09,Premium,999.0,0.0,FALSE,999.0
U1888,2025-09,STANDARD,499.0,0.0,False,499.0
U1754,2026-01,Basic,199.0,0.0,False,199.0
U1974,2025-08, Standard ,499.0,0.0,FALSE,499.0
U1417,09/01/2025,STANDARD,499.0,20.0,FALSE,399.2
U2365,10/01/2025, PREMIUM,999.0,0.0,No,999.0
U2367,2026-01,Premium,999.0,0.0,False,999.0
U2246,2025-12,Premium,999.0,30.0,False,699.3
U1781,Aug-2025,standard,499.0,0.0,0,499.0
U1060,01/01/2026,Basic,199.0,0.0,FALSE,199.0
 U2257 ,Jan-2026,Basic,199.0,20.0,No,159.2
U2380,11/01/2025,Basic,199.0,0.0,0,199.0
U1121,Aug-2025,Standard,499.0,0.0,0,499.0
U1964,2025-12,premium ,999.0,30.0,No,699.3
U1845,2025-12,BASIC,199.0,0.0,False,199.0
U1395,08/01/2025,Premium,999.0,0.0,0,999.0
U1120,2026-01,Basic,199.0,0.0,TRUE,-1.0
U2091,2025-10,premium ,,0.0,FALSE,999.0
U2407,01/01/2026,STANDARD,499.0,0.0,FALSE,499.0
U1865,12/01/2025,Basic,199.0,0.0,True,0.0
U1266,2025-12,Standard,499.0,0.0,False,499.0
U1190,Aug-2025,STANDARD,499.0,0.0,False,499.0
U2362,Dec-2025,basic ,,20.0,FALSE,159.2
U1180,08/01/2025,Basic,199.0,0.0,FALSE,199.0
U1325,Sep-2025,basic ,199.0,0.0,No,
U1915,Oct-2025, Standard ,499.0,0.0,No,499.0
U1470,2025-08,standard,499.0,0.0,False,499.0
U2432,2026-01,Basic,199.0,0.0,No,199.0
U1507,2026-01,Basic,199.0,0.0,0,199.0
U1715,2025-08,Premium,999.0,0.0,FALSE,999.0
U2128,2025-10,Premium,999.0,0.0,No,999.0
U1249,2025-08,STANDARD,499.0,0.0,False,499.0
U1022,Sep-2025, Standard ,499.0,20.0,No,399.2
U2245,Oct-2025,Basic,199.0,30.0,FALSE,139.3
U1171,2026-01,Basic,199.0,0.0,False,199.0
U2326,2025-11,STANDARD,499.0,,No,449.1
U1237,10/01/2025,Premium,999.0,0.0,FALSE,999.0
U2152,Dec-2025,STANDARD,499.0,0.0,No,499.0
U1343,08/01/2025, PREMIUM,999.0,0.0,FALSE,999.0
U2470,2025-11,basic ,,0.0,False,199.0
U1704,Oct-2025,Premium,999.0,0.0,False,999.0
U1122,08/01/2025,Basic,199.0,30.0,False,
U1625,2025-08,basic ,199.0,0.0,FALSE,199.0
U1354,10/01/2025,Basic,199.0,0.0,0,199.0
U2416,08/01/2025,standard,499.0,0.0,No,499.0
U2299,Dec-2025,basic ,199.0,0.0,FALSE,
U1360,Nov-2025,Basic,199.0,30.0,No,139.3
U2329,01/01/2026,BASIC,199.0,0.0,0,199.0
U1861,Oct-2025,standard,499.0,,0,499.0
U2264,Oct-2025,basic ,199.0,0.0,No,199.0
U1768,Sep-2025, PREMIUM,999.0,0.0,False,999.0
U1271,Aug-2025,Premium,999.0,0.0,FALSE,999.0
U1981,11/01/2025,Basic,199.0,30.0,False,139.3
U2097,11/01/2025, Standard ,499.0,0.0,No,499.0
U1396,2025-11, Standard ,499.0,30.0,No,349.3
U1181,2025-08,standard,499.0,0.0,False,499.0
U1399,10/01/2025, Standard ,499.0,10.0,False,449.1
U1616,12/01/2025,Basic,199.0,0.0,0,199.0
U1309,Jan-2026,Basic,199.0,0.0,0,199.0
U1017,2025-09,Standard,499.0,20.0,FALSE,399.2
U2077,08/01/2025,basic ,199.0,0.0,No,199.0
U1121,Sep-2025, Standard ,499.0,0.0,False,499.0
U2452,Aug-2025,Premium,999.0,0.0,0,999.0
U1524,09/01/2025,standard,499.0,0.0,FALSE,499.0
U1578,2026-01, Standard ,499.0,20.0,No,399.2
U1957,08/01/2025,standard,499.0,0.0,False,499.0
U2262,Jan-2026, PREMIUM,999.0,0.0,0,999.0
U1562,08/01/2025, Standard ,499.0,0.0,FALSE,499.0
U1453,2025-10,STANDARD,499.0,0.0,FALSE,499.0
U1520,08/01/2025,BASIC,199.0,0.0,False,199.0
U1198,Aug-2025,Basic,199.0,0.0,FALSE,199.0
U1367,2025-10,Basic,199.0,0.0,0,199.0
U1739,12/01/2025, Standard ,499.0,0.0,0,499.0
U1832,Sep-2025, Standard ,499.0,0.0,No,499.0
U2262,12/01/2025,Premium,999.0,0.0,FALSE,999.0
U1399,2025-11,standard,499.0,0.0,False,499.0
U1015,10/01/2025,standard,499.0,10.0,FALSE,449.1
U1350,Oct-2025,Basic,199.0,0.0,0,199.0
U1613,Dec-2025,standard,499.0,0.0,0,499.0
U2199,09/01/2025, PREMIUM,999.0,0.0,No,999.0
U1372,2025-11,basic ,199.0,0.0,No,199.0
U1876,Jan-2026,Premium,999.0,0.0,FALSE,999.0
U2291,2025-12,Basic,199.0,0.0,True,-1.0
U1785,01/01/2026,BASIC,199.0,0.0,False,199.0
U1466,Aug-2025, PREMIUM,999.0,0.0,False,999.0
U2229,2025-09,basic ,199.0,0.0,FALSE,199.0
U1219,2025-08,premium ,999.0,0.0,No,999.0
U1634,09/01/2025,Premium,999.0,0.0,0,999.0
U2240,2025-08,Premium,999.0,0.0,No,999.0
U1274,2025-12,standard,499.0,0.0,FALSE,499.0
U1823,2025-08,Basic,199.0,0.0,FALSE,199.0
U1631,2025-10,STANDARD,499.0,0.0,0,499.0
U1772,01/01/2026,Basic,199.0,0.0,FALSE,199.0
 U1450 ,2025-09,basic ,199.0,0.0,False,199.0
U1973,Oct-2025,basic ,199.0,0.0,No,199.0
U2337,2025-09, PREMIUM,999.0,30.0,False,699.3
U2207,2025-09,Standard,,0.0,Yes,0.0
U2066,11/01/2025,Basic,199.0,0.0,FALSE,199.0
U1815,2026-01,premium ,999.0,0.0,No,999.0
U1587,09/01/2025,standard,,0.0,0,499.0
U1828,2025-11,standard,499.0,0.0,No,499.0
U2000,10/01/2025,premium ,999.0,0.0,No,999.0
U1884,2026-01,Basic,199.0,0.0,1,0.0
U1618,12/01/2025,basic ,199.0,0.0,False,199.0
U1151,2025-12,Standard,,0.0,False,499.0
U1608,2025-09,premium ,999.0,0.0,No,999.0
U1315,01/01/2026,basic ,199.0,10.0,0,179.1
U2167,2026-01,standard,499.0,0.0,No,499.0
U1626,2025-11,Premium,999.0,0.0,TRUE,0.0
U1229,Jan-2026,Basic,199.0,20.0,False,159.2
U1690,Sep-2025,BASIC,199.0,0.0,FALSE,199.0
U2050,2025-10,BASIC,199.0,0.0,1,0.0
U2269,Dec-2025,Standard,499.0,0.0,No,499.0
U1472,2025-09,standard,499.0,0.0,False,499.0
U1267,09/01/2025,BASIC,199.0,0.0,0,199.0
U1806,Aug-2025,Standard,499.0,0.0,FALSE,499.0
U1697,Aug-2025,Basic,199.0,0.0,0,199.0
U1495,2025-12,Standard,499.0,0.0,False,499.0
U1353,01/01/2026,premium ,999.0,0.0,False,999.0
U1359,2025-08, Standard ,499.0,0.0,No,499.0
U1212,Aug-2025,STANDARD,499.0,0.0,FALSE,499.0
U1592,Oct-2025, PREMIUM,999.0,0.0,0,999.0
 U1868 ,Jan-2026,Premium,999.0,0.0,0,999.0
U2043,2026-01,Basic,199.0,0.0,1,0.0
U2252,12/01/2025,Standard,499.0,0.0,False,499.0
U1634,2025-12,Premium,999.0,0.0,0,999.0
U1779,Nov-2025,premium ,999.0,0.0,0,999.0
U2012,Jan-2026,standard,499.0,0.0,False,499.0
U1736,2025-12,STANDARD,499.0,0.0,FALSE,499.0
U1767,2025-12,STANDARD,499.0,,FALSE,499.0
U1225,Dec-2025,Standard,499.0,0.0,FALSE,499.0
U1816,2025-09,Basic,199.0,0.0,False,199.0
 U2447 ,Sep-2025,Basic,199.0,0.0,0,199.0
U1291,Jan-2026,Basic,199.0,0.0,False,199.0
U1306,2025-10,Basic,199.0,0.0,No,199.0
U1834,Jan-2026,BASIC,199.0,0.0,False,199.0
U1126,11/01/2025,Premium,999.0,0.0,0,999.0
U1378,Aug-2025,Standard,,,No,499.0
U1248,2025-10, Standard ,,0.0,FALSE,499.0
U1461,Sep-2025,Premium,999.0,0.0,0,999.0
U1753,2026-01, Standard ,499.0,0.0,0,499.0
U1202,Sep-2025,basic ,199.0,0.0,False,199.0
U2329,2025-09,BASIC,199.0,10.0,0,179.1
U2005,Dec-2025,BASIC,199.0,0.0,1,0.0
U2095,2025-08,BASIC,199.0,0.0,FALSE,199.0
U2118,10/01/2025, Standard ,499.0,0.0,False,499.0
U1111,Sep-2025, PREMIUM,999.0,0.0,0,999.0
U2405,01/01/2026,standard,499.0,0.0,FALSE,499.0
U1008,12/01/2025,standard,499.0,30.0,No,349.3
U1383,Aug-2025,STANDARD,499.0,10.0,FALSE,449.1
U2444,2025-10, Standard ,499.0,0.0,0,499.0
U1122,12/01/2025,Basic,199.0,0.0,0,-1.0
U1233,Sep-2025,STANDARD,499.0,0.0,0,499.0
U1765,12/01/2025,Basic,199.0,0.0,False,199.0
U2042,Jan-2026,BASIC,,0.0,No,199.0
U2205,Sep-2025,STANDARD,499.0,0.0,False,499.0
U2092,08/01/2025,basic ,199.0,0.0,False,199.0
U2448,01/01/2026,STANDARD,499.0,0.0,0,499.0
U2307,11/01/2025,Standard,499.0,0.0,FALSE,499.0
U1831,12/01/2025,standard,499.0,0.0,False,499.0
U1524,10/01/2025,standard,499.0,0.0,False,499.0
U1315,2025-10,basic ,199.0,10.0,0,179.1
U2483,10/01/2025, Standard ,499.0,0.0,No,
U1716,2025-10,premium ,999.0,0.0,No,999.0
U1084,Jan-2026,Standard,499.0,10.0,False,449.1
U1725,09/01/2025,Basic,199.0,0.0,FALSE,199.0
U1864,Aug-2025,Premium,999.0,0.0,False,999.0
U1263,08/01/2025, PREMIUM,999.0,0.0,False,999.0
U1980,2025-09,Premium,999.0,0.0,No,999.0
U2194,2025-09,STANDARD,499.0,0.0,False,499.0
U2115,Nov-2025,Basic,199.0,0.0,No,199.0
U1881,11/01/2025,Premium,999.0,0.0,True,0.0
U1359,Nov-2025,BASIC,199.0,0.0,0,199.0
U2031,10/01/2025,Premium,999.0,20.0,FALSE,799.2
U1715,Jan-2026, PREMIUM,999.0,20.0,FALSE,799.2
U2084,Sep-2025,standard,499.0,0.0,False,499.0
U2053,11/01/2025,Standard,499.0,0.0,FALSE,499.0
U1159,Oct-2025,Premium,999.0,,False,999.0
U1348,2025-11,Basic,199.0,20.0,FALSE,159.2
U1201,2025-08,Basic,199.0,0.0,FALSE,199.0
U2281,08/01/2025, PREMIUM,999.0,0.0,FALSE,999.0
U2038,Aug-2025,Premium,999.0,0.0,FALSE,999.0
U1301,Oct-2025,STANDARD,,10.0,No,449.1
U2150,08/01/2025,Premium,,0.0,False,999.0
U2312,12/01/2025,Basic,199.0,0.0,No,199.0
U1159,11/01/2025,Premium,999.0,0.0,0,999.0
U2446,Jan-2026, Standard ,,0.0,1,0.0
U1882,2025-08, PREMIUM,999.0,0.0,Yes,0.0
U1912,Dec-2025,STANDARD,499.0,10.0,No,449.1
U1531,10/01/2025,Standard,499.0,0.0,FALSE,499.0
U1425,01/01/2026,premium ,999.0,30.0,0,699.3
U1901,11/01/2025,Premium,999.0,0.0,No,999.0
U1140,2025-08, Standard ,499.0,0.0,FALSE,
U1067,Nov-2025,Standard,499.0,10.0,No,449.1
U1032,08/01/2025,Standard,499.0,0.0,0,499.0
U1182,Jan-2026,Basic,199.0,30.0,False,139.3
U1066,Nov-2025,premium ,999.0,0.0,0,999.0
U1297,01/01/2026,Premium,999.0,0.0,FALSE,999.0
 U2054 ,12/01/2025,Basic,199.0,0.0,No,199.0
U1187,Nov-2025,premium ,999.0,0.0,FALSE,999.0
U1930,09/01/2025,STANDARD,499.0,0.0,0,499.0
U1822,2025-09, Standard ,,0.0,0,499.0
U1006,Aug-2025,Basic,199.0,0.0,False,199.0
U1496,2025-11,Standard,499.0,0.0,False,499.0
U2172,2025-12,Premium,999.0,0.0,False,999.0
U1903,2025-10, Standard ,499.0,0.0,0,499.0
U1220,2026-01,basic ,199.0,0.0,No,199.0
U1758,09/01/2025,premium ,999.0,0.0,No,999.0
U1247,Sep-2025,Standard,499.0,0.0,0,499.0
U1568,Nov-2025,standard,499.0,0.0,No,499.0
U1421,2025-11,standard,499.0,0.0,False,499.0
U2097,2025-10,STANDARD,499.0,0.0,False,499.0
U1957,2025-12, Standard ,499.0,30.0,No,349.3
U1913,09/01/2025,BASIC,199.0,0.0,FALSE,199.0
U2263,2025-12,Basic,199.0,20.0,0,159.2
U2495,2025-11,Basic,199.0,0.0,No,199.0
U2003,2026-01,basic ,199.0,0.0,FALSE,199.0
U1926,01/01/2026,Basic,199.0,30.0,0,139.3
U1301,Sep-2025,Standard,499.0,0.0,0,499.0
U2196,2025-10,Standard,499.0,0.0,No,499.0
U1134,2025-09,Premium,999.0,,No,999.0
U2198,08/01/2025,Basic,199.0,20.0,No,159.2
U1318,2025-08,premium ,999.0,0.0,FALSE,999.0
U1277,10/01/2025,standard,499.0,0.0,FALSE,499.0
U1482,2025-12,STANDARD,499.0,0.0,FALSE,499.0
U2075,2025-09,Basic,199.0,0.0,False,199.0
U1388,11/01/2025,Basic,199.0,20.0,True,0.0
U2192,11/01/2025,Premium,999.0,0.0,No,999.0
U1406,2025-10,Standard,499.0,20.0,No,399.2
U1198,Sep-2025,BASIC,199.0,20.0,No,159.2
U2371,01/01/2026,Basic,199.0,0.0,False,199.0
U1209,Oct-2025,BASIC,199.0,0.0,FALSE,199.0
U2363,11/01/2025,Premium,999.0,0.0,FALSE,999.0
U1217,11/01/2025,basic ,199.0,0.0,False,199.0
U1255,Sep-2025,Basic,199.0,0.0,0,199.0
U1160,2026-01,STANDARD,499.0,10.0,No,449.1
U2103,2025-12,standard,499.0,0.0,FALSE,499.0
U1296,2025-11,standard,499.0,,FALSE,499.0
U1214,Oct-2025,BASIC,199.0,,No,199.0
U2102,01/01/2026,standard,499.0,20.0,No,399.2
U1464,08/01/2025,Basic,199.0,0.0,FALSE,199.0
U1434,09/01/2025,standard,499.0,30.0,FALSE,349.3
U1743,2025-12,BASIC,199.0,0.0,No,199.0
U1708,Sep-2025, PREMIUM,999.0,0.0,0,999.0
U1428,Oct-2025,Basic,199.0,0.0,No,199.0
U1231,2025-11,Premium,999.0,0.0,0,999.0
U2051,10/01/2025,Basic,199.0,0.0,No,199.0
 U2485 ,01/01/2026, Standard ,,20.0,False,399.2
U1280,2026-01,Basic,199.0,30.0,0,139.3
U1605,Oct-2025,standard,499.0,0.0,False,499.0
U1758,2025-12,premium ,999.0,0.0,0,999.0
U1177,2025-10,Standard,499.0,0.0,Yes,0.0
U1752,11/01/2025,standard,499.0,0.0,False,499.0
U1136,11/01/2025,Premium,999.0,0.0,0,999.0
U1777,Jan-2026,Basic,199.0,0.0,False,199.0
U1509,2025-12,Standard,499.0,0.0,No,499.0
U1692,01/01/2026,Standard,499.0,10.0,No,449.1
U1780,2025-09,BASIC,199.0,0.0,0,199.0
U2105,11/01/2025,Basic,199.0,0.0,0,199.0
U1708,01/01/2026, PREMIUM,999.0,0.0,Yes,0.0
U1649,2025-11,Basic,199.0,0.0,FALSE,199.0
U1572,2025-08,Basic,199.0,0.0,No,199.0
U1892,2025-09,premium ,999.0,0.0,False,999.0
 U2225 ,2025-10, Standard ,499.0,30.0,No,349.3
U1413,12/01/2025,Premium,999.0,0.0,FALSE,999.0
U1209,11/01/2025,BASIC,199.0,0.0,FALSE,199.0
U2060,11/01/2025,BASIC,199.0,0.0,0,199.0
U2085,11/01/2025, PREMIUM,999.0,20.0,FALSE,799.2
U1384,09/01/2025, Standard ,499.0,0.0,0,499.0
U1642,Sep-2025, Standard ,499.0,0.0,False,499.0
U2088,11/01/2025,Basic,199.0,0.0,0,199.0
U2191,2025-12,standard,499.0,0.0,0,499.0
U2009,12/01/2025,standard,499.0,0.0,False,499.0
U2425,11/01/2025, Standard ,499.0,0.0,No,499.0
U1627,08/01/2025,Premium,999.0,0.0,FALSE,999.0
U2291,10/01/2025,STANDARD,499.0,,0,499.0
U1185,Aug-2025, Standard ,499.0,0.0,0,499.0
U2356,Aug-2025,Premium,999.0,0.0,False,999.0
U1790,09/01/2025,basic ,199.0,0.0,No,199.0
U2025,2025-12,BASIC,199.0,0.0,FALSE,199.0
U2103,2025-08,STANDARD,499.0,0.0,0,499.0
U1215,Jan-2026,basic ,199.0,0.0,0,199.0
U1677,2025-12,Basic,199.0,30.0,FALSE,
U1591,Sep-2025,Premium,999.0,0.0,0,999.0
U1397,11/01/2025, Standard ,499.0,0.0,Yes,0.0
U1092,Oct-2025,basic ,199.0,0.0,0,199.0
 U2492 ,11/01/2025,BASIC,199.0,0.0,False,199.0
U1897,Jan-2026,standard,,0.0,0,499.0
U2496,Oct-2025, Standard ,499.0,0.0,False,499.0
U1278,10/01/2025,Premium,999.0,0.0,FALSE,999.0
U1505,2025-12,Basic,199.0,0.0,No,
U1783,01/01/2026,standard,499.0,0.0,FALSE,499.0
U2009,Oct-2025,STANDARD,,0.0,FALSE,499.0
U2316,Aug-2025,Premium,,0.0,No,999.0
U1129,09/01/2025,Basic,199.0,0.0,FALSE,199.0
U2174,Aug-2025,premium ,999.0,0.0,1,0.0
U2484,08/01/2025,standard,,0.0,No,499.0
U1524,2026-01,Standard,499.0,0.0,FALSE,499.0
U1761,11/01/2025,Standard,499.0,0.0,False,499.0
U1208,01/01/2026,Standard,499.0,0.0,False,499.0
U2182,11/01/2025,Premium,999.0,0.0,No,999.0
U2375,2025-08, Standard ,499.0,0.0,No,499.0
U1041,2025-12,Premium,999.0,0.0,FALSE,999.0
U1096,Aug-2025,basic ,199.0,0.0,False,199.0
U1173,01/01/2026,BASIC,199.0,0.0,True,0.0
U1084,08/01/2025,Standard,,0.0,No,499.0
U1484,2026-01,Basic,199.0,0.0,False,199.0
U1817,08/01/2025, PREMIUM,999.0,0.0,False,999.0
U1850,2025-11,BASIC,199.0,0.0,No,199.0
U2166,11/01/2025, Standard ,499.0,0.0,No,499.0
U2304,2025-09,Standard,499.0,0.0,0,499.0
U2332,Nov-2025,Standard,499.0,0.0,False,499.0
U2134,2025-11,BASIC,199.0,0.0,0,199.0
U1711,08/01/2025,BASIC,199.0,0.0,0,199.0
U1464,Oct-2025,BASIC,199.0,20.0,No,159.2
U1620,2025-10,Premium,999.0,0.0,0,999.0
U1480,11/01/2025,BASIC,199.0,0.0,FALSE,199.0
U2258,2025-09,BASIC,199.0,0.0,No,199.0
U1072,Dec-2025,BASIC,199.0,0.0,0,199.0
U2157,12/01/2025,Premium,999.0,0.0,No,999.0
U1244,10/01/2025,Premium,999.0,0.0,0,999.0
U1745,2025-09,Basic,199.0,0.0,FALSE,199.0
 U2330 ,Jan-2026,Basic,199.0,0.0,FALSE,199.0
U1851,08/01/2025,premium ,999.0,0.0,No,999.0
U1789,10/01/2025,standard,499.0,0.0,No,499.0
U2372,Dec-2025,STANDARD,499.0,30.0,No,349.3
U1969,2025-09,Basic,199.0,30.0,No,139.3
U1117,2026-01,basic ,199.0,0.0,0,199.0
U1372,2025-08,BASIC,199.0,0.0,No,199.0
U2385,2025-08, PREMIUM,999.0,30.0,FALSE,699.3
U1273,Oct-2025,basic ,199.0,0.0,No,199.0
U2236,2025-10, PREMIUM,999.0,10.0,True,0.0
U2211,2025-11,STANDARD,499.0,0.0,FALSE,499.0
U2336,08/01/2025,Standard,499.0,20.0,FALSE,399.2
U2462,09/01/2025,Basic,199.0,0.0,False,199.0
U1740,Jan-2026, Standard ,499.0,,No,499.0
U1440,Oct-2025,STANDARD,,0.0,False,499.0
U1647,11/01/2025, Standard ,499.0,0.0,False,499.0
U1059,2025-12,standard,499.0,0.0,False,499.0
U1168,10/01/2025,Premium,999.0,30.0,0,699.3
U1913,Dec-2025,BASIC,199.0,10.0,False,
U1576,09/01/2025,Standard,499.0,0.0,0,499.0
 U1304 ,2025-10, PREMIUM,999.0,0.0,False,999.0
U1959,Aug-2025,Standard,499.0,0.0,0,499.0
U2105,10/01/2025,BASIC,199.0,0.0,FALSE,199.0
U1012,2025-08,Premium,,0.0,False,999.0
U1630,Nov-2025,basic ,199.0,0.0,0,
U1996,2025-10,basic ,199.0,0.0,False,199.0
U1987,10/01/2025,Standard,,0.0,No,499.0
U1093,2025-10,Standard,499.0,0.0,0,499.0
U2237,12/01/2025,BASIC,199.0,0.0,True,0.0
U1016,2025-12,BASIC,199.0,0.0,FALSE,199.0
U1173,2025-08,Basic,199.0,0.0,False,199.0
U1281,Sep-2025, PREMIUM,999.0,20.0,FALSE,799.2
U1938,2025-10,Basic,199.0,0.0,FALSE,199.0
U2392,2025-10,Premium,999.0,30.0,0,699.3
U2413,Dec-2025,standard,499.0,0.0,False,499.0
U2425,2025-10,Standard,499.0,0.0,0,499.0
U1202,11/01/2025,BASIC,199.0,0.0,No,199.0
U2253,2026-01,basic ,199.0,0.0,FALSE,199.0
U1994,2026-01,BASIC,199.0,10.0,0,179.1
U2101,2025-09,Premium,999.0,0.0,False,999.0
U1511,Jan-2026,Standard,499.0,0.0,FALSE,499.0
U1360,2025-08,BASIC,199.0,0.0,FALSE,199.0
U1202,Oct-2025,BASIC,199.0,0.0,False,199.0
U2126,2025-11,basic ,199.0,0.0,No,199.0
U1841,2025-12,STANDARD,499.0,0.0,False,499.0
U1203,09/01/2025,standard,499.0,30.0,FALSE,349.3
U1037,2026-01,Basic,199.0,0.0,False,199.0
U1522,01/01/2026,STANDARD,499.0,0.0,No,499.0
U1766,Dec-2025, Standard ,499.0,10.0,FALSE,449.1
U2068,2025-12,Basic,199.0,0.0,FALSE,199.0
U1453,Aug-2025,premium ,999.0,0.0,0,999.0
U1905,Oct-2025,STANDARD,499.0,0.0,False,499.0
U1486,2025-10, Standard ,499.0,0.0,No,499.0
U1281,Jan-2026,Premium,999.0,0.0,FALSE,999.0
U1899,2025-10,STANDARD,499.0,0.0,FALSE,-1.0
U1007,Dec-2025,standard,499.0,20.0,False,399.2
U2228,Aug-2025,standard,499.0,0.0,No,499.0
U2355,2025-09,Premium,999.0,0.0,1,0.0
U2236,09/01/2025,Premium,999.0,0.0,False,-1.0
U2048,2025-09,Basic,199.0,0.0,FALSE,199.0
U1676,12/01/2025,basic ,,0.0,0,199.0
U1439,10/01/2025,basic ,199.0,0.0,0,199.0
U1299,Sep-2025,Basic,199.0,0.0,0,199.0
U2463,Sep-2025, Standard ,499.0,0.0,0,499.0
U2337,Aug-2025, PREMIUM,999.0,0.0,Yes,0.0
U2209,2025-12,Basic,,0.0,FALSE,199.0
U1971,11/01/2025,premium ,999.0,0.0,0,999.0
U1938,08/01/2025,basic ,199.0,0.0,No,199.0
U1490,Nov-2025,STANDARD,499.0,0.0,True,0.0
U2196,09/01/2025, Standard ,499.0,10.0,No,
U2173,2025-12, Standard ,499.0,0.0,No,499.0
U2247,2025-08,Basic,199.0,0.0,True,
U1658,12/01/2025,premium ,999.0,0.0,No,999.0
U1393,Nov-2025, Standard ,499.0,0.0,False,499.0
U1329,2025-09,basic ,,0.0,False,199.0
U1321,2025-09,BASIC,199.0,0.0,0,
U1687,Jan-2026,standard,499.0,20.0,0,399.2
U2187,Sep-2025,Basic,199.0,0.0,0,199.0
U1066,Sep-2025,Premium,999.0,0.0,0,999.0
U1529,2025-11, Standard ,499.0,0.0,FALSE,
U1733,2025-09,Premium,999.0,30.0,No,699.3
U2079,2025-09,premium ,999.0,30.0,No,699.3
U1217,2026-01,Basic,,30.0,FALSE,139.3
U1889,Dec-2025,STANDARD,499.0,0.0,0,499.0
U2258,2025-08,standard,499.0,0.0,0,499.0
U2033,Sep-2025, PREMIUM,999.0,0.0,FALSE,999.0
U1296,08/01/2025, Standard ,499.0,10.0,No,449.1
U2469,10/01/2025, Standard ,499.0,0.0,FALSE,499.0
U1600,2025-11, PREMIUM,999.0,0.0,No,999.0
U1203,2025-11,Standard,499.0,0.0,No,499.0
U2158,2026-01,BASIC,199.0,0.0,False,199.0
U2474,Aug-2025, Standard ,499.0,0.0,True,0.0
U2222,2025-12,basic ,199.0,0.0,False,199.0
U2367,Nov-2025,Premium,999.0,0.0,FALSE,999.0
U1078,2025-12,STANDARD,499.0,20.0,False,399.2
U1336,2025-10,Premium,999.0,0.0,FALSE,999.0
U2270,2025-08,Standard,499.0,0.0,No,499.0
U1289,10/01/2025,Premium,999.0,0.0,False,999.0
U2135,2025-08,STANDARD,499.0,0.0,FALSE,499.0
U2261,2025-09, PREMIUM,999.0,0.0,No,999.0
U2386,Dec-2025,Basic,199.0,0.0,FALSE,199.0
U1585,2025-09,premium ,999.0,0.0,FALSE,999.0
U2390,Aug-2025,Standard,499.0,0.0,False,499.0
U1457,01/01/2026,STANDARD,499.0,0.0,No,499.0
U1571,2025-09,Standard,499.0,0.0,0,
U1929,11/01/2025,STANDARD,499.0,0.0,0,499.0
U2392,2025-09,premium ,999.0,,FALSE,999.0
U2424,Sep-2025,Standard,499.0,0.0,False,499.0
U1086,01/01/2026,Basic,199.0,0.0,False,
U1255,2025-08,basic ,199.0,0.0,False,199.0
U1762,Oct-2025,Basic,199.0,0.0,FALSE,199.0
U1165,2025-11,Premium,999.0,0.0,True,0.0
U1384,Dec-2025,Basic,199.0,,0,199.0
U1813,01/01/2026,basic ,199.0,0.0,No,199.0
U2121,12/01/2025,BASIC,199.0,0.0,False,199.0
U1350,Nov-2025,Basic,199.0,0.0,No,199.0
U2136,12/01/2025,BASIC,199.0,30.0,True,0.0
U2136,2025-11,Standard,499.0,20.0,0,399.2
U1589,08/01/2025,Premium,999.0,0.0,0,999.0
U1325,2025-11,Basic,199.0,10.0,No,179.1
U1023,2025-09,Premium,999.0,0.0,No,999.0
U1391,2025-11, Standard ,499.0,0.0,0,499.0
U1243,2025-11,BASIC,199.0,0.0,No,199.0
U1390,10/01/2025,Basic,,0.0,False,199.0
U1838,Nov-2025,Standard,499.0,0.0,False,499.0
U1711,2025-10,BASIC,199.0,0.0,False,199.0
U1330,2025-09,BASIC,199.0,20.0,0,159.2
U1916,2025-11,Basic,199.0,0.0,False,199.0
U1532,2025-10,STANDARD,499.0,0.0,True,0.0
U1972,08/01/2025,Basic,199.0,0.0,FALSE,199.0
U1508,Nov-2025, PREMIUM,999.0,0.0,0,999.0
 U1460 ,08/01/2025,Premium,999.0,0.0,0,999.0
U1285,2025-09,Basic,199.0,0.0,0,199.0
U2251,08/01/2025, Standard ,499.0,0.0,FALSE,499.0
U1864,Dec-2025, PREMIUM,999.0,0.0,No,999.0
U2026,2025-08,premium ,999.0,0.0,0,999.0
U1144,11/01/2025,STANDARD,499.0,20.0,FALSE,399.2
U1513,Sep-2025,standard,499.0,0.0,0,499.0
U1094,Nov-2025, PREMIUM,999.0,0.0,0,999.0
U1516,Nov-2025, Standard ,499.0,0.0,FALSE,499.0
U2390,Sep-2025,STANDARD,499.0,0.0,No,499.0
U1529,Oct-2025,Premium,999.0,10.0,False,899.1
U1077,Oct-2025,STANDARD,499.0,0.0,False,499.0
U1559,2025-10,STANDARD,499.0,0.0,0,499.0
U1104,2025-10, PREMIUM,999.0,0.0,0,999.0
U2113,2026-01,Premium,999.0,0.0,Yes,0.0
U1116,2026-01, Standard ,499.0,0.0,FALSE,499.0
U1295,2026-01,basic ,199.0,0.0,FALSE,199.0
U2252,2025-10, Standard ,499.0,0.0,FALSE,499.0
U1397,2025-09,STANDARD,499.0,10.0,FALSE,449.1
U1115,Nov-2025,basic ,199.0,0.0,FALSE,199.0
U2418,2025-09,Basic,199.0,0.0,0,199.0
U2247,2025-10,Basic,199.0,0.0,FALSE,199.0
U1182,Nov-2025,Basic,199.0,0.0,FALSE,199.0
U1441,12/01/2025,basic ,199.0,,No,199.0
U1727,2025-10, PREMIUM,999.0,10.0,No,899.1
U1170,01/01/2026,Basic,199.0,0.0,0,199.0
U1697,2025-12,Basic,199.0,20.0,TRUE,0.0
U2178,12/01/2025,Basic,199.0,0.0,No,199.0
U2239,09/01/2025,premium ,999.0,0.0,FALSE,999.0
U2175,Dec-2025,BASIC,,,False,199.0
U1986,2025-12,BASIC,199.0,0.0,0,199.0
U1357,Sep-2025,Premium,999.0,0.0,FALSE,999.0
U2034,Nov-2025,premium ,999.0,20.0,False,799.2
U2387,Oct-2025,Standard,499.0,30.0,0,349.3
U1836,Oct-2025,standard,499.0,0.0,FALSE,499.0
 U1523 ,2025-11,Basic,199.0,0.0,No,199.0
U2073,Aug-2025,Premium,999.0,0.0,0,
U1684,2026-01,STANDARD,499.0,0.0,No,499.0
U1606,01/01/2026,BASIC,199.0,0.0,FALSE,199.0
U2234,2025-09,STANDARD,499.0,0.0,False,499.0
U2347,Nov-2025,BASIC,199.0,10.0,False,179.1
U1592,Dec-2025,premium ,999.0,0.0,False,999.0
U1196,Dec-2025,BASIC,199.0,30.0,No,139.3
U2180,01/01/2026,BASIC,199.0,0.0,FALSE,199.0
U2139,Sep-2025,premium ,999.0,0.0,FALSE,999.0
U1463,2025-10,Standard,499.0,0.0,No,499.0
U2186,09/01/2025,basic ,199.0,0.0,False,199.0
U1169,01/01/2026,premium ,999.0,0.0,FALSE,999.0
U1548,Sep-2025,Basic,199.0,0.0,FALSE,199.0
U2345,Jan-2026,STANDARD,499.0,0.0,False,499.0
U2259,11/01/2025,STANDARD,499.0,0.0,0,499.0
U1086,2025-08,Basic,199.0,0.0,0,199.0
U1719,09/01/2025,premium ,999.0,0.0,No,999.0
U1352,Sep-2025,Basic,199.0,0.0,FALSE,199.0
U1301,11/01/2025,Standard,499.0,0.0,FALSE,499.0
U1575,Sep-2025,Basic,199.0,0.0,False,199.0
U1929,Dec-2025,STANDARD,499.0,30.0,FALSE,349.3
U2438,2026-01, Standard ,499.0,0.0,No,499.0
U1178,01/01/2026,BASIC,199.0,0.0,0,199.0
U1748,08/01/2025,standard,499.0,30.0,False,349.3
U1563,2025-10,Standard,499.0,0.0,FALSE,499.0
U2127,2025-09,Basic,199.0,10.0,FALSE,179.1
 U2276 ,Aug-2025,standard,499.0,0.0,0,499.0
U2244,Jan-2026,premium ,999.0,0.0,FALSE,
U2078,2025-08,Basic,199.0,0.0,0,199.0
U1203,Oct-2025,STANDARD,499.0,0.0,No,499.0
U2174,09/01/2025,premium ,999.0,0.0,0,999.0
U1232,09/01/2025,Standard,499.0,0.0,0,499.0
U1709,2025-12,standard,499.0,0.0,No,499.0
U1197,10/01/2025,Standard,499.0,0.0,FALSE,499.0
U1701,01/01/2026,basic ,199.0,10.0,False,179.1
U2102,Aug-2025,STANDARD,499.0,30.0,0,-1.0
U2461,09/01/2025,BASIC,199.0,0.0,FALSE,199.0
U1687,Dec-2025, Standard ,499.0,20.0,0,399.2
U1152,Jan-2026,standard,499.0,0.0,False,499.0
U2135,01/01/2026,Basic,199.0,0.0,False,199.0
U1505,08/01/2025,STANDARD,499.0,0.0,False,499.0
U1195,12/01/2025,basic ,199.0,0.0,No,199.0
U2203,2025-10, Standard ,499.0,20.0,0,
U2083,2025-08, Standard ,499.0,0.0,FALSE,499.0
U1074,Nov-2025,standard,499.0,0.0,No,499.0
U2408,12/01/2025,premium ,999.0,0.0,0,999.0
U1439,2025-08,BASIC,199.0,30.0,0,139.3
U2014,09/01/2025,Basic,199.0,0.0,TRUE,0.0
U1307,Nov-2025,Basic,199.0,0.0,FALSE,199.0
U2080,2025-08,Standard,499.0,0.0,No,499.0
U1882,01/01/2026,Premium,999.0,0.0,No,999.0
U1295,2025-12,Basic,199.0,0.0,0,199.0
U1693,2025-11,Basic,199.0,30.0,FALSE,139.3
U2049,2025-10,Premium,999.0,0.0,FALSE,999.0
U2336,2025-10,Standard,499.0,0.0,0,499.0
U1837,01/01/2026, PREMIUM,999.0,0.0,0,999.0
U2254,2026-01,basic ,199.0,0.0,FALSE,199.0
U1643,09/01/2025,Premium,999.0,0.0,No,999.0
U2230,Nov-2025,BASIC,199.0,0.0,0,199.0
U1243,09/01/2025,Basic,199.0,0.0,False,199.0
U1442,Oct-2025,standard,499.0,0.0,False,
U1162,Sep-2025,Premium,999.0,20.0,0,799.2
U2420,11/01/2025,Basic,199.0,0.0,No,199.0
U1781,Nov-2025,STANDARD,499.0,0.0,FALSE,499.0
U1022,Nov-2025,standard,499.0,0.0,FALSE,499.0
U2372,01/01/2026,STANDARD,499.0,0.0,False,499.0
U2440,2025-08,Premium,999.0,0.0,0,
U1487,Dec-2025,BASIC,199.0,0.0,False,199.0
 U1002 ,Oct-2025,Premium,,0.0,0,999.0
U1633,Oct-2025, PREMIUM,999.0,0.0,No,999.0
U1720,Oct-2025,Premium,999.0,0.0,FALSE,999.0
U2054,2025-08,Basic,199.0,0.0,0,199.0
U2270,Oct-2025,STANDARD,499.0,0.0,No,
U1302,2025-11,Basic,199.0,0.0,0,199.0
U1748,2026-01,basic ,199.0,10.0,0,179.1
U2106,2025-11,BASIC,199.0,0.0,FALSE,
U1785,10/01/2025,Basic,199.0,0.0,0,199.0
U1841,01/01/2026,Standard,499.0,20.0,No,399.2
U2081,09/01/2025,premium ,999.0,0.0,False,999.0
U2279,Oct-2025,STANDARD,499.0,0.0,FALSE,499.0
U1088,09/01/2025,Premium,999.0,0.0,No,999.0
U1670,2026-01,Basic,199.0,10.0,False,179.1
U2212,2025-12,basic ,,20.0,FALSE,159.2
U1856,Jan-2026,BASIC,199.0,0.0,No,199.0
U1344,01/01/2026, Standard ,499.0,20.0,0,399.2
U1678,10/01/2025, PREMIUM,999.0,0.0,FALSE,999.0
U1539,01/01/2026, PREMIUM,999.0,10.0,No,899.1
U1962,2025-12,Basic,199.0,0.0,FALSE,199.0
U1456,2025-08,BASIC,199.0,0.0,0,199.0
U1017,Dec-2025,BASIC,199.0,30.0,False,139.3
U1709,2025-08, PREMIUM,999.0,0.0,0,999.0
U1866,01/01/2026, Standard ,499.0,0.0,0,499.0
U2146,08/01/2025,BASIC,199.0,0.0,0,
